======================================================================
LOTTERY TICKET HYPOTHESIS - RESUME FROM EXP3
======================================================================
Configuration: full
Max iterations: 50000
======================================================================

Loading existing results:
  - Exp1: ./results/full/exp1_random_sparse.pt
  - Exp2: ./results/full/exp2_oneshot_winning.pt
  - Exp1 loaded: 6 sparsity levels
  - Exp2 loaded: 6 sparsity levels
Using device: mps

======================================================================
STARTING EXP3 (Iterative Winning Tickets)
======================================================================

======================================================================
EXPERIMENT 3: ITERATIVE WINNING TICKETS
======================================================================

======================================================================
Iterative Winning Ticket
Sparsity: 100.0% | Trial: 1/3
======================================================================
[1] Saving initial weights...

==================================================
FINAL TRAINING at 100.00%
==================================================
  Iter 1000/50000 | Val Loss: 0.1179 | Val Acc: 96.22% | Best at iter 1000
  Iter 2000/50000 | Val Loss: 0.0948 | Val Acc: 97.08% | Best at iter 2000
  Iter 3000/50000 | Val Loss: 0.0907 | Val Acc: 97.20% | Best at iter 3000
  Iter 4000/50000 | Val Loss: 0.1040 | Val Acc: 96.78% | Best at iter 3700
  Iter 5000/50000 | Val Loss: 0.0894 | Val Acc: 97.18% | Best at iter 4900
  Iter 6000/50000 | Val Loss: 0.0917 | Val Acc: 97.70% | Best at iter 4900
  Iter 7000/50000 | Val Loss: 0.0985 | Val Acc: 97.30% | Best at iter 4900
  Iter 8000/50000 | Val Loss: 0.0985 | Val Acc: 97.60% | Best at iter 4900
  Iter 9000/50000 | Val Loss: 0.1200 | Val Acc: 97.14% | Best at iter 4900
  Iter 10000/50000 | Val Loss: 0.1223 | Val Acc: 97.40% | Best at iter 4900
  Iter 11000/50000 | Val Loss: 0.1277 | Val Acc: 96.90% | Best at iter 4900
  Iter 12000/50000 | Val Loss: 0.1408 | Val Acc: 97.20% | Best at iter 4900
  Iter 13000/50000 | Val Loss: 0.1083 | Val Acc: 97.80% | Best at iter 4900
  Iter 14000/50000 | Val Loss: 0.1244 | Val Acc: 97.42% | Best at iter 4900
  Iter 15000/50000 | Val Loss: 0.1370 | Val Acc: 97.26% | Best at iter 4900
  Iter 16000/50000 | Val Loss: 0.1390 | Val Acc: 97.52% | Best at iter 4900
  Iter 17000/50000 | Val Loss: 0.1311 | Val Acc: 97.62% | Best at iter 4900
  Iter 18000/50000 | Val Loss: 0.1315 | Val Acc: 97.78% | Best at iter 4900
  Iter 19000/50000 | Val Loss: 0.1581 | Val Acc: 97.46% | Best at iter 4900
  Iter 20000/50000 | Val Loss: 0.1492 | Val Acc: 97.82% | Best at iter 4900
  Iter 21000/50000 | Val Loss: 0.1545 | Val Acc: 97.60% | Best at iter 4900
  Iter 22000/50000 | Val Loss: 0.1361 | Val Acc: 97.58% | Best at iter 4900
  Iter 23000/50000 | Val Loss: 0.1575 | Val Acc: 97.38% | Best at iter 4900
  Iter 24000/50000 | Val Loss: 0.1384 | Val Acc: 97.74% | Best at iter 4900
  Iter 25000/50000 | Val Loss: 0.1150 | Val Acc: 97.76% | Best at iter 4900
  Iter 26000/50000 | Val Loss: 0.1535 | Val Acc: 97.68% | Best at iter 4900
  Iter 27000/50000 | Val Loss: 0.1471 | Val Acc: 97.74% | Best at iter 4900
  Iter 28000/50000 | Val Loss: 0.1434 | Val Acc: 98.10% | Best at iter 4900
  Iter 29000/50000 | Val Loss: 0.1899 | Val Acc: 97.84% | Best at iter 4900
  Iter 30000/50000 | Val Loss: 0.1682 | Val Acc: 97.66% | Best at iter 4900
  Iter 31000/50000 | Val Loss: 0.1944 | Val Acc: 97.60% | Best at iter 4900
  Iter 32000/50000 | Val Loss: 0.1973 | Val Acc: 97.38% | Best at iter 4900
  Iter 33000/50000 | Val Loss: 0.2353 | Val Acc: 97.48% | Best at iter 4900
  Iter 34000/50000 | Val Loss: 0.1708 | Val Acc: 97.80% | Best at iter 4900
  Iter 35000/50000 | Val Loss: 0.1849 | Val Acc: 97.98% | Best at iter 4900
  Iter 36000/50000 | Val Loss: 0.1614 | Val Acc: 98.02% | Best at iter 4900
  Iter 37000/50000 | Val Loss: 0.2362 | Val Acc: 97.22% | Best at iter 4900
  Iter 38000/50000 | Val Loss: 0.1639 | Val Acc: 97.90% | Best at iter 4900
  Iter 39000/50000 | Val Loss: 0.1856 | Val Acc: 97.98% | Best at iter 4900
  Iter 40000/50000 | Val Loss: 0.2067 | Val Acc: 97.60% | Best at iter 4900
  Iter 41000/50000 | Val Loss: 0.1890 | Val Acc: 97.84% | Best at iter 4900
  Iter 42000/50000 | Val Loss: 0.1994 | Val Acc: 97.76% | Best at iter 4900
  Iter 43000/50000 | Val Loss: 0.1790 | Val Acc: 97.90% | Best at iter 4900
  Iter 44000/50000 | Val Loss: 0.2393 | Val Acc: 97.54% | Best at iter 4900
  Iter 45000/50000 | Val Loss: 0.2191 | Val Acc: 97.92% | Best at iter 4900
  Iter 46000/50000 | Val Loss: 0.2293 | Val Acc: 97.90% | Best at iter 4900
  Iter 47000/50000 | Val Loss: 0.2268 | Val Acc: 97.86% | Best at iter 4900
  Iter 48000/50000 | Val Loss: 0.2784 | Val Acc: 97.54% | Best at iter 4900
  Iter 49000/50000 | Val Loss: 0.2551 | Val Acc: 97.80% | Best at iter 4900
  Iter 50000/50000 | Val Loss: 0.2052 | Val Acc: 98.20% | Best at iter 4900

──────────────────────────────────────────────────────────────────────
Early stop: iteration 4900
Val loss at early stop: 0.0810
Test accuracy at early stop: 97.54%
──────────────────────────────────────────────────────────────────────

======================================================================
Iterative Winning Ticket
Sparsity: 100.0% | Trial: 2/3
======================================================================
[1] Saving initial weights...

==================================================
FINAL TRAINING at 100.00%
==================================================
  Iter 1000/50000 | Val Loss: 0.1180 | Val Acc: 96.44% | Best at iter 1000
  Iter 2000/50000 | Val Loss: 0.1034 | Val Acc: 96.82% | Best at iter 1800
  Iter 3000/50000 | Val Loss: 0.0964 | Val Acc: 97.24% | Best at iter 2500
  Iter 4000/50000 | Val Loss: 0.1030 | Val Acc: 97.30% | Best at iter 3600
  Iter 5000/50000 | Val Loss: 0.1113 | Val Acc: 97.02% | Best at iter 3600
  Iter 6000/50000 | Val Loss: 0.1066 | Val Acc: 97.34% | Best at iter 5600
  Iter 7000/50000 | Val Loss: 0.0959 | Val Acc: 97.84% | Best at iter 5600
  Iter 8000/50000 | Val Loss: 0.0954 | Val Acc: 97.86% | Best at iter 5600
  Iter 9000/50000 | Val Loss: 0.0961 | Val Acc: 97.72% | Best at iter 5600
  Iter 10000/50000 | Val Loss: 0.1348 | Val Acc: 97.36% | Best at iter 5600
  Iter 11000/50000 | Val Loss: 0.1265 | Val Acc: 97.62% | Best at iter 5600
  Iter 12000/50000 | Val Loss: 0.1102 | Val Acc: 97.76% | Best at iter 5600
  Iter 13000/50000 | Val Loss: 0.1128 | Val Acc: 97.90% | Best at iter 5600
  Iter 14000/50000 | Val Loss: 0.1197 | Val Acc: 97.82% | Best at iter 5600
  Iter 15000/50000 | Val Loss: 0.1146 | Val Acc: 97.74% | Best at iter 5600
  Iter 16000/50000 | Val Loss: 0.1447 | Val Acc: 97.62% | Best at iter 5600
  Iter 17000/50000 | Val Loss: 0.1156 | Val Acc: 97.96% | Best at iter 5600
  Iter 18000/50000 | Val Loss: 0.1356 | Val Acc: 97.84% | Best at iter 5600
  Iter 19000/50000 | Val Loss: 0.1401 | Val Acc: 97.80% | Best at iter 5600
  Iter 20000/50000 | Val Loss: 0.1132 | Val Acc: 98.00% | Best at iter 5600
  Iter 21000/50000 | Val Loss: 0.1408 | Val Acc: 97.74% | Best at iter 5600
  Iter 22000/50000 | Val Loss: 0.1275 | Val Acc: 97.88% | Best at iter 5600
  Iter 23000/50000 | Val Loss: 0.1166 | Val Acc: 98.08% | Best at iter 5600
  Iter 24000/50000 | Val Loss: 0.1300 | Val Acc: 97.90% | Best at iter 5600
  Iter 25000/50000 | Val Loss: 0.1583 | Val Acc: 97.66% | Best at iter 5600
  Iter 26000/50000 | Val Loss: 0.2024 | Val Acc: 97.38% | Best at iter 5600
  Iter 27000/50000 | Val Loss: 0.1369 | Val Acc: 98.14% | Best at iter 5600
  Iter 28000/50000 | Val Loss: 0.1456 | Val Acc: 97.94% | Best at iter 5600
  Iter 29000/50000 | Val Loss: 0.1632 | Val Acc: 97.86% | Best at iter 5600
  Iter 30000/50000 | Val Loss: 0.1782 | Val Acc: 97.76% | Best at iter 5600
  Iter 31000/50000 | Val Loss: 0.1634 | Val Acc: 98.00% | Best at iter 5600
  Iter 32000/50000 | Val Loss: 0.1996 | Val Acc: 97.88% | Best at iter 5600
  Iter 33000/50000 | Val Loss: 0.1674 | Val Acc: 97.94% | Best at iter 5600
  Iter 34000/50000 | Val Loss: 0.1351 | Val Acc: 98.18% | Best at iter 5600
  Iter 35000/50000 | Val Loss: 0.1823 | Val Acc: 97.80% | Best at iter 5600
  Iter 36000/50000 | Val Loss: 0.1920 | Val Acc: 97.68% | Best at iter 5600
  Iter 37000/50000 | Val Loss: 0.1783 | Val Acc: 97.94% | Best at iter 5600
  Iter 38000/50000 | Val Loss: 0.2029 | Val Acc: 97.76% | Best at iter 5600
  Iter 39000/50000 | Val Loss: 0.1923 | Val Acc: 97.94% | Best at iter 5600
  Iter 40000/50000 | Val Loss: 0.1957 | Val Acc: 98.04% | Best at iter 5600
  Iter 41000/50000 | Val Loss: 0.1950 | Val Acc: 97.98% | Best at iter 5600
  Iter 42000/50000 | Val Loss: 0.2489 | Val Acc: 97.56% | Best at iter 5600
  Iter 43000/50000 | Val Loss: 0.2509 | Val Acc: 97.64% | Best at iter 5600
  Iter 44000/50000 | Val Loss: 0.2065 | Val Acc: 98.06% | Best at iter 5600
  Iter 45000/50000 | Val Loss: 0.2499 | Val Acc: 97.88% | Best at iter 5600
  Iter 46000/50000 | Val Loss: 0.2638 | Val Acc: 97.56% | Best at iter 5600
  Iter 47000/50000 | Val Loss: 0.2578 | Val Acc: 97.56% | Best at iter 5600
  Iter 48000/50000 | Val Loss: 0.2626 | Val Acc: 97.74% | Best at iter 5600
  Iter 49000/50000 | Val Loss: 0.2184 | Val Acc: 98.04% | Best at iter 5600
  Iter 50000/50000 | Val Loss: 0.2199 | Val Acc: 98.04% | Best at iter 5600

──────────────────────────────────────────────────────────────────────
Early stop: iteration 5600
Val loss at early stop: 0.0785
Test accuracy at early stop: 98.10%
──────────────────────────────────────────────────────────────────────

======================================================================
Iterative Winning Ticket
Sparsity: 100.0% | Trial: 3/3
======================================================================
[1] Saving initial weights...

==================================================
FINAL TRAINING at 100.00%
==================================================
  Iter 1000/50000 | Val Loss: 0.1208 | Val Acc: 96.32% | Best at iter 1000
  Iter 2000/50000 | Val Loss: 0.0835 | Val Acc: 97.46% | Best at iter 2000
  Iter 3000/50000 | Val Loss: 0.0894 | Val Acc: 97.32% | Best at iter 2000
  Iter 4000/50000 | Val Loss: 0.0900 | Val Acc: 97.58% | Best at iter 2000
  Iter 5000/50000 | Val Loss: 0.0980 | Val Acc: 97.44% | Best at iter 2000
  Iter 6000/50000 | Val Loss: 0.0897 | Val Acc: 97.64% | Best at iter 5900
  Iter 7000/50000 | Val Loss: 0.1092 | Val Acc: 97.48% | Best at iter 5900
  Iter 8000/50000 | Val Loss: 0.1021 | Val Acc: 97.64% | Best at iter 5900
  Iter 9000/50000 | Val Loss: 0.1411 | Val Acc: 97.12% | Best at iter 5900
  Iter 10000/50000 | Val Loss: 0.1013 | Val Acc: 97.64% | Best at iter 5900
  Iter 11000/50000 | Val Loss: 0.1240 | Val Acc: 97.44% | Best at iter 5900
  Iter 12000/50000 | Val Loss: 0.1212 | Val Acc: 97.68% | Best at iter 5900
  Iter 13000/50000 | Val Loss: 0.1172 | Val Acc: 97.58% | Best at iter 5900
  Iter 14000/50000 | Val Loss: 0.1349 | Val Acc: 97.78% | Best at iter 5900
  Iter 15000/50000 | Val Loss: 0.1448 | Val Acc: 97.48% | Best at iter 5900
  Iter 16000/50000 | Val Loss: 0.1305 | Val Acc: 97.76% | Best at iter 5900
  Iter 17000/50000 | Val Loss: 0.1317 | Val Acc: 97.70% | Best at iter 5900
  Iter 18000/50000 | Val Loss: 0.1115 | Val Acc: 97.76% | Best at iter 5900
  Iter 19000/50000 | Val Loss: 0.1512 | Val Acc: 97.62% | Best at iter 5900
  Iter 20000/50000 | Val Loss: 0.1388 | Val Acc: 97.78% | Best at iter 5900
  Iter 21000/50000 | Val Loss: 0.1426 | Val Acc: 97.96% | Best at iter 5900
  Iter 22000/50000 | Val Loss: 0.1622 | Val Acc: 97.74% | Best at iter 5900
  Iter 23000/50000 | Val Loss: 0.1251 | Val Acc: 98.10% | Best at iter 5900
  Iter 24000/50000 | Val Loss: 0.1400 | Val Acc: 97.80% | Best at iter 5900
  Iter 25000/50000 | Val Loss: 0.1297 | Val Acc: 98.08% | Best at iter 5900
  Iter 26000/50000 | Val Loss: 0.1600 | Val Acc: 97.66% | Best at iter 5900
  Iter 27000/50000 | Val Loss: 0.1481 | Val Acc: 97.90% | Best at iter 5900
  Iter 28000/50000 | Val Loss: 0.1625 | Val Acc: 97.74% | Best at iter 5900
  Iter 29000/50000 | Val Loss: 0.1608 | Val Acc: 98.04% | Best at iter 5900
  Iter 30000/50000 | Val Loss: 0.1546 | Val Acc: 98.10% | Best at iter 5900
  Iter 31000/50000 | Val Loss: 0.1839 | Val Acc: 98.04% | Best at iter 5900
  Iter 32000/50000 | Val Loss: 0.2261 | Val Acc: 97.42% | Best at iter 5900
  Iter 33000/50000 | Val Loss: 0.2041 | Val Acc: 97.76% | Best at iter 5900
  Iter 34000/50000 | Val Loss: 0.2036 | Val Acc: 97.76% | Best at iter 5900
  Iter 35000/50000 | Val Loss: 0.1946 | Val Acc: 97.50% | Best at iter 5900
  Iter 36000/50000 | Val Loss: 0.2322 | Val Acc: 97.48% | Best at iter 5900
  Iter 37000/50000 | Val Loss: 0.2158 | Val Acc: 97.68% | Best at iter 5900
  Iter 38000/50000 | Val Loss: 0.2182 | Val Acc: 97.88% | Best at iter 5900
  Iter 39000/50000 | Val Loss: 0.1840 | Val Acc: 97.94% | Best at iter 5900
  Iter 40000/50000 | Val Loss: 0.2106 | Val Acc: 97.84% | Best at iter 5900
  Iter 41000/50000 | Val Loss: 0.2357 | Val Acc: 97.82% | Best at iter 5900
  Iter 42000/50000 | Val Loss: 0.1761 | Val Acc: 98.18% | Best at iter 5900
  Iter 43000/50000 | Val Loss: 0.2143 | Val Acc: 97.96% | Best at iter 5900
  Iter 44000/50000 | Val Loss: 0.2533 | Val Acc: 97.52% | Best at iter 5900
  Iter 45000/50000 | Val Loss: 0.2334 | Val Acc: 97.88% | Best at iter 5900
  Iter 46000/50000 | Val Loss: 0.1950 | Val Acc: 98.06% | Best at iter 5900
  Iter 47000/50000 | Val Loss: 0.2199 | Val Acc: 97.68% | Best at iter 5900
  Iter 48000/50000 | Val Loss: 0.2098 | Val Acc: 97.82% | Best at iter 5900
  Iter 49000/50000 | Val Loss: 0.1918 | Val Acc: 98.14% | Best at iter 5900
  Iter 50000/50000 | Val Loss: 0.2076 | Val Acc: 98.00% | Best at iter 5900

──────────────────────────────────────────────────────────────────────
Early stop: iteration 5900
Val loss at early stop: 0.0775
Test accuracy at early stop: 97.70%
──────────────────────────────────────────────────────────────────────

======================================================================
Iterative Winning Ticket
Sparsity: 51.2% | Trial: 1/3
======================================================================
[1] Saving initial weights...

--- Round 1 (current: 100.00%) ---
[TRAIN] Training...
  Iter 1000/50000 | Val Loss: 0.1253 | Val Acc: 96.12% | Best at iter 800
  Iter 2000/50000 | Val Loss: 0.1014 | Val Acc: 96.92% | Best at iter 1900
  Iter 3000/50000 | Val Loss: 0.0901 | Val Acc: 97.22% | Best at iter 3000
  Iter 4000/50000 | Val Loss: 0.1071 | Val Acc: 97.04% | Best at iter 3400
  Iter 5000/50000 | Val Loss: 0.1006 | Val Acc: 97.40% | Best at iter 3400
  Iter 6000/50000 | Val Loss: 0.1184 | Val Acc: 97.26% | Best at iter 3400
  Iter 7000/50000 | Val Loss: 0.1076 | Val Acc: 97.60% | Best at iter 3400
  Iter 8000/50000 | Val Loss: 0.1147 | Val Acc: 97.80% | Best at iter 3400
  Iter 9000/50000 | Val Loss: 0.1126 | Val Acc: 97.62% | Best at iter 3400
  Iter 10000/50000 | Val Loss: 0.1077 | Val Acc: 97.78% | Best at iter 3400
  Iter 11000/50000 | Val Loss: 0.1007 | Val Acc: 97.96% | Best at iter 3400
  Iter 12000/50000 | Val Loss: 0.1069 | Val Acc: 97.76% | Best at iter 3400
  Iter 13000/50000 | Val Loss: 0.1008 | Val Acc: 98.12% | Best at iter 3400
  Iter 14000/50000 | Val Loss: 0.1208 | Val Acc: 97.98% | Best at iter 3400
  Iter 15000/50000 | Val Loss: 0.1434 | Val Acc: 97.48% | Best at iter 3400
  Iter 16000/50000 | Val Loss: 0.1367 | Val Acc: 97.48% | Best at iter 3400
  Iter 17000/50000 | Val Loss: 0.1193 | Val Acc: 97.92% | Best at iter 3400
  Iter 18000/50000 | Val Loss: 0.1304 | Val Acc: 97.86% | Best at iter 3400
  Iter 19000/50000 | Val Loss: 0.1455 | Val Acc: 97.96% | Best at iter 3400
  Iter 20000/50000 | Val Loss: 0.1540 | Val Acc: 97.90% | Best at iter 3400
  Iter 21000/50000 | Val Loss: 0.1255 | Val Acc: 97.82% | Best at iter 3400
  Iter 22000/50000 | Val Loss: 0.1466 | Val Acc: 97.80% | Best at iter 3400
  Iter 23000/50000 | Val Loss: 0.1678 | Val Acc: 97.62% | Best at iter 3400
  Iter 24000/50000 | Val Loss: 0.1766 | Val Acc: 97.66% | Best at iter 3400
  Iter 25000/50000 | Val Loss: 0.1651 | Val Acc: 97.98% | Best at iter 3400
  Iter 26000/50000 | Val Loss: 0.1552 | Val Acc: 98.22% | Best at iter 3400
  Iter 27000/50000 | Val Loss: 0.2027 | Val Acc: 97.70% | Best at iter 3400
  Iter 28000/50000 | Val Loss: 0.1709 | Val Acc: 98.18% | Best at iter 3400
  Iter 29000/50000 | Val Loss: 0.1603 | Val Acc: 98.04% | Best at iter 3400
  Iter 30000/50000 | Val Loss: 0.1712 | Val Acc: 98.10% | Best at iter 3400
  Iter 31000/50000 | Val Loss: 0.2026 | Val Acc: 97.90% | Best at iter 3400
  Iter 32000/50000 | Val Loss: 0.1875 | Val Acc: 97.92% | Best at iter 3400
  Iter 33000/50000 | Val Loss: 0.2133 | Val Acc: 97.86% | Best at iter 3400
  Iter 34000/50000 | Val Loss: 0.1982 | Val Acc: 98.08% | Best at iter 3400
  Iter 35000/50000 | Val Loss: 0.1668 | Val Acc: 98.36% | Best at iter 3400
  Iter 36000/50000 | Val Loss: 0.1679 | Val Acc: 98.32% | Best at iter 3400
  Iter 37000/50000 | Val Loss: 0.2119 | Val Acc: 97.98% | Best at iter 3400
  Iter 38000/50000 | Val Loss: 0.1726 | Val Acc: 98.12% | Best at iter 3400
  Iter 39000/50000 | Val Loss: 0.2178 | Val Acc: 97.88% | Best at iter 3400
  Iter 40000/50000 | Val Loss: 0.1825 | Val Acc: 98.22% | Best at iter 3400
  Iter 41000/50000 | Val Loss: 0.2254 | Val Acc: 97.88% | Best at iter 3400
  Iter 42000/50000 | Val Loss: 0.2050 | Val Acc: 97.96% | Best at iter 3400
  Iter 43000/50000 | Val Loss: 0.2573 | Val Acc: 97.82% | Best at iter 3400
  Iter 44000/50000 | Val Loss: 0.2240 | Val Acc: 98.26% | Best at iter 3400
  Iter 45000/50000 | Val Loss: 0.2163 | Val Acc: 98.12% | Best at iter 3400
  Iter 46000/50000 | Val Loss: 0.2641 | Val Acc: 97.86% | Best at iter 3400
  Iter 47000/50000 | Val Loss: 0.2574 | Val Acc: 97.98% | Best at iter 3400
  Iter 48000/50000 | Val Loss: 0.2213 | Val Acc: 98.06% | Best at iter 3400
  Iter 49000/50000 | Val Loss: 0.3024 | Val Acc: 97.86% | Best at iter 3400
  Iter 50000/50000 | Val Loss: 0.2344 | Val Acc: 98.18% | Best at iter 3400
[PRUNE] Pruning to 80.00%...
[RESET] Resetting to initial weights...

--- Round 2 (current: 80.00%) ---
[TRAIN] Training...
  Iter 1000/50000 | Val Loss: 0.1112 | Val Acc: 96.70% | Best at iter 1000
  Iter 2000/50000 | Val Loss: 0.1033 | Val Acc: 97.00% | Best at iter 1900
  Iter 3000/50000 | Val Loss: 0.0917 | Val Acc: 97.40% | Best at iter 1900
  Iter 4000/50000 | Val Loss: 0.0970 | Val Acc: 97.36% | Best at iter 1900
  Iter 5000/50000 | Val Loss: 0.1141 | Val Acc: 97.06% | Best at iter 4700
  Iter 6000/50000 | Val Loss: 0.0904 | Val Acc: 97.82% | Best at iter 5600
  Iter 7000/50000 | Val Loss: 0.0985 | Val Acc: 97.62% | Best at iter 6700
  Iter 8000/50000 | Val Loss: 0.1125 | Val Acc: 97.54% | Best at iter 6700
  Iter 9000/50000 | Val Loss: 0.1273 | Val Acc: 97.00% | Best at iter 6700
  Iter 10000/50000 | Val Loss: 0.1081 | Val Acc: 97.48% | Best at iter 6700
  Iter 11000/50000 | Val Loss: 0.1155 | Val Acc: 97.56% | Best at iter 6700
  Iter 12000/50000 | Val Loss: 0.0996 | Val Acc: 97.84% | Best at iter 6700
  Iter 13000/50000 | Val Loss: 0.1087 | Val Acc: 97.90% | Best at iter 6700
  Iter 14000/50000 | Val Loss: 0.1262 | Val Acc: 97.88% | Best at iter 6700
  Iter 15000/50000 | Val Loss: 0.1112 | Val Acc: 97.88% | Best at iter 6700
  Iter 16000/50000 | Val Loss: 0.1233 | Val Acc: 98.08% | Best at iter 6700
  Iter 17000/50000 | Val Loss: 0.1336 | Val Acc: 97.74% | Best at iter 6700
  Iter 18000/50000 | Val Loss: 0.1308 | Val Acc: 97.76% | Best at iter 6700
  Iter 19000/50000 | Val Loss: 0.1510 | Val Acc: 97.90% | Best at iter 6700
  Iter 20000/50000 | Val Loss: 0.1397 | Val Acc: 97.80% | Best at iter 6700
  Iter 21000/50000 | Val Loss: 0.1526 | Val Acc: 97.86% | Best at iter 6700
  Iter 22000/50000 | Val Loss: 0.1614 | Val Acc: 97.58% | Best at iter 6700
  Iter 23000/50000 | Val Loss: 0.1453 | Val Acc: 97.94% | Best at iter 6700
  Iter 24000/50000 | Val Loss: 0.1315 | Val Acc: 98.02% | Best at iter 6700
  Iter 25000/50000 | Val Loss: 0.1343 | Val Acc: 98.04% | Best at iter 6700
  Iter 26000/50000 | Val Loss: 0.1569 | Val Acc: 97.88% | Best at iter 6700
  Iter 27000/50000 | Val Loss: 0.1465 | Val Acc: 98.02% | Best at iter 6700
  Iter 28000/50000 | Val Loss: 0.1562 | Val Acc: 97.84% | Best at iter 6700
  Iter 29000/50000 | Val Loss: 0.1754 | Val Acc: 97.72% | Best at iter 6700
  Iter 30000/50000 | Val Loss: 0.1624 | Val Acc: 97.74% | Best at iter 6700
  Iter 31000/50000 | Val Loss: 0.2204 | Val Acc: 97.56% | Best at iter 6700
  Iter 32000/50000 | Val Loss: 0.2427 | Val Acc: 97.32% | Best at iter 6700
  Iter 33000/50000 | Val Loss: 0.1925 | Val Acc: 97.74% | Best at iter 6700
  Iter 34000/50000 | Val Loss: 0.1973 | Val Acc: 97.76% | Best at iter 6700
  Iter 35000/50000 | Val Loss: 0.1756 | Val Acc: 97.94% | Best at iter 6700
  Iter 36000/50000 | Val Loss: 0.1704 | Val Acc: 97.96% | Best at iter 6700
  Iter 37000/50000 | Val Loss: 0.1938 | Val Acc: 98.02% | Best at iter 6700
  Iter 38000/50000 | Val Loss: 0.1730 | Val Acc: 98.44% | Best at iter 6700
  Iter 39000/50000 | Val Loss: 0.1959 | Val Acc: 97.84% | Best at iter 6700
  Iter 40000/50000 | Val Loss: 0.1882 | Val Acc: 98.10% | Best at iter 6700
  Iter 41000/50000 | Val Loss: 0.2591 | Val Acc: 97.66% | Best at iter 6700
  Iter 42000/50000 | Val Loss: 0.2100 | Val Acc: 97.86% | Best at iter 6700
  Iter 43000/50000 | Val Loss: 0.2263 | Val Acc: 97.80% | Best at iter 6700
  Iter 44000/50000 | Val Loss: 0.2006 | Val Acc: 97.76% | Best at iter 6700
  Iter 45000/50000 | Val Loss: 0.2048 | Val Acc: 97.96% | Best at iter 6700
  Iter 46000/50000 | Val Loss: 0.2275 | Val Acc: 98.02% | Best at iter 6700
  Iter 47000/50000 | Val Loss: 0.2396 | Val Acc: 97.98% | Best at iter 6700
  Iter 48000/50000 | Val Loss: 0.2064 | Val Acc: 97.96% | Best at iter 6700
  Iter 49000/50000 | Val Loss: 0.2624 | Val Acc: 97.66% | Best at iter 6700
  Iter 50000/50000 | Val Loss: 0.2172 | Val Acc: 97.86% | Best at iter 6700
[PRUNE] Pruning to 64.00%...
[RESET] Resetting to initial weights...

--- Round 3 (current: 64.00%) ---
[TRAIN] Training...
  Iter 1000/50000 | Val Loss: 0.1012 | Val Acc: 97.02% | Best at iter 1000
  Iter 2000/50000 | Val Loss: 0.0824 | Val Acc: 97.24% | Best at iter 1700
  Iter 3000/50000 | Val Loss: 0.0787 | Val Acc: 97.58% | Best at iter 2500
  Iter 4000/50000 | Val Loss: 0.0837 | Val Acc: 97.62% | Best at iter 3800
  Iter 5000/50000 | Val Loss: 0.0895 | Val Acc: 97.80% | Best at iter 3800
  Iter 6000/50000 | Val Loss: 0.0823 | Val Acc: 98.00% | Best at iter 3800
  Iter 7000/50000 | Val Loss: 0.1067 | Val Acc: 97.28% | Best at iter 3800
  Iter 8000/50000 | Val Loss: 0.1013 | Val Acc: 97.72% | Best at iter 3800
  Iter 9000/50000 | Val Loss: 0.1042 | Val Acc: 97.80% | Best at iter 3800
  Iter 10000/50000 | Val Loss: 0.0973 | Val Acc: 97.88% | Best at iter 3800
  Iter 11000/50000 | Val Loss: 0.1263 | Val Acc: 97.32% | Best at iter 3800
  Iter 12000/50000 | Val Loss: 0.1088 | Val Acc: 97.70% | Best at iter 3800
  Iter 13000/50000 | Val Loss: 0.1123 | Val Acc: 98.02% | Best at iter 3800
  Iter 14000/50000 | Val Loss: 0.1063 | Val Acc: 98.02% | Best at iter 3800
  Iter 15000/50000 | Val Loss: 0.1031 | Val Acc: 98.18% | Best at iter 3800
  Iter 16000/50000 | Val Loss: 0.1232 | Val Acc: 98.04% | Best at iter 3800
  Iter 17000/50000 | Val Loss: 0.1356 | Val Acc: 97.64% | Best at iter 3800
  Iter 18000/50000 | Val Loss: 0.1333 | Val Acc: 97.80% | Best at iter 3800
  Iter 19000/50000 | Val Loss: 0.1084 | Val Acc: 98.20% | Best at iter 3800
  Iter 20000/50000 | Val Loss: 0.1499 | Val Acc: 98.00% | Best at iter 3800
  Iter 21000/50000 | Val Loss: 0.1334 | Val Acc: 97.98% | Best at iter 3800
  Iter 22000/50000 | Val Loss: 0.1387 | Val Acc: 97.90% | Best at iter 3800
  Iter 23000/50000 | Val Loss: 0.1498 | Val Acc: 97.70% | Best at iter 3800
  Iter 24000/50000 | Val Loss: 0.1278 | Val Acc: 98.14% | Best at iter 3800
  Iter 25000/50000 | Val Loss: 0.1271 | Val Acc: 97.96% | Best at iter 3800
  Iter 26000/50000 | Val Loss: 0.1371 | Val Acc: 98.14% | Best at iter 3800
  Iter 27000/50000 | Val Loss: 0.1488 | Val Acc: 97.88% | Best at iter 3800
  Iter 28000/50000 | Val Loss: 0.1552 | Val Acc: 97.82% | Best at iter 3800
  Iter 29000/50000 | Val Loss: 0.1614 | Val Acc: 98.02% | Best at iter 3800
  Iter 30000/50000 | Val Loss: 0.1655 | Val Acc: 97.72% | Best at iter 3800
  Iter 31000/50000 | Val Loss: 0.1393 | Val Acc: 98.28% | Best at iter 3800
  Iter 32000/50000 | Val Loss: 0.1442 | Val Acc: 98.12% | Best at iter 3800
  Iter 33000/50000 | Val Loss: 0.1431 | Val Acc: 98.12% | Best at iter 3800
  Iter 34000/50000 | Val Loss: 0.1759 | Val Acc: 97.88% | Best at iter 3800
  Iter 35000/50000 | Val Loss: 0.1644 | Val Acc: 97.86% | Best at iter 3800
  Iter 36000/50000 | Val Loss: 0.1527 | Val Acc: 98.14% | Best at iter 3800
  Iter 37000/50000 | Val Loss: 0.1705 | Val Acc: 98.08% | Best at iter 3800
  Iter 38000/50000 | Val Loss: 0.1647 | Val Acc: 98.00% | Best at iter 3800
  Iter 39000/50000 | Val Loss: 0.2035 | Val Acc: 97.90% | Best at iter 3800
  Iter 40000/50000 | Val Loss: 0.1878 | Val Acc: 98.16% | Best at iter 3800
  Iter 41000/50000 | Val Loss: 0.2156 | Val Acc: 98.04% | Best at iter 3800
  Iter 42000/50000 | Val Loss: 0.2264 | Val Acc: 98.00% | Best at iter 3800
  Iter 43000/50000 | Val Loss: 0.2181 | Val Acc: 98.14% | Best at iter 3800
  Iter 44000/50000 | Val Loss: 0.2108 | Val Acc: 97.72% | Best at iter 3800
  Iter 45000/50000 | Val Loss: 0.2376 | Val Acc: 97.78% | Best at iter 3800
  Iter 46000/50000 | Val Loss: 0.2017 | Val Acc: 98.04% | Best at iter 3800
  Iter 47000/50000 | Val Loss: 0.2275 | Val Acc: 97.54% | Best at iter 3800
  Iter 48000/50000 | Val Loss: 0.2100 | Val Acc: 97.96% | Best at iter 3800
  Iter 49000/50000 | Val Loss: 0.2383 | Val Acc: 97.86% | Best at iter 3800
  Iter 50000/50000 | Val Loss: 0.2210 | Val Acc: 97.96% | Best at iter 3800
[PRUNE] Pruning to 51.20%...
[RESET] Resetting to initial weights...

==================================================
FINAL TRAINING at 51.20%
==================================================
  Iter 1000/50000 | Val Loss: 0.0875 | Val Acc: 97.26% | Best at iter 1000
  Iter 2000/50000 | Val Loss: 0.0832 | Val Acc: 97.30% | Best at iter 1900
  Iter 3000/50000 | Val Loss: 0.0839 | Val Acc: 97.80% | Best at iter 2600
  Iter 4000/50000 | Val Loss: 0.0982 | Val Acc: 97.28% | Best at iter 2600
  Iter 5000/50000 | Val Loss: 0.0800 | Val Acc: 97.70% | Best at iter 2600
  Iter 6000/50000 | Val Loss: 0.0766 | Val Acc: 98.02% | Best at iter 2600
  Iter 7000/50000 | Val Loss: 0.0958 | Val Acc: 97.60% | Best at iter 2600
  Iter 8000/50000 | Val Loss: 0.1002 | Val Acc: 97.62% | Best at iter 2600
  Iter 9000/50000 | Val Loss: 0.1091 | Val Acc: 97.68% | Best at iter 2600
  Iter 10000/50000 | Val Loss: 0.1132 | Val Acc: 97.66% | Best at iter 2600
  Iter 11000/50000 | Val Loss: 0.1327 | Val Acc: 97.30% | Best at iter 2600
  Iter 12000/50000 | Val Loss: 0.1112 | Val Acc: 97.96% | Best at iter 2600
  Iter 13000/50000 | Val Loss: 0.1165 | Val Acc: 97.84% | Best at iter 2600
  Iter 14000/50000 | Val Loss: 0.1373 | Val Acc: 97.60% | Best at iter 2600
  Iter 15000/50000 | Val Loss: 0.1178 | Val Acc: 97.90% | Best at iter 2600
  Iter 16000/50000 | Val Loss: 0.1268 | Val Acc: 97.76% | Best at iter 2600
  Iter 17000/50000 | Val Loss: 0.1278 | Val Acc: 98.00% | Best at iter 2600
  Iter 18000/50000 | Val Loss: 0.1542 | Val Acc: 97.70% | Best at iter 2600
  Iter 19000/50000 | Val Loss: 0.1389 | Val Acc: 97.70% | Best at iter 2600
  Iter 20000/50000 | Val Loss: 0.1588 | Val Acc: 97.74% | Best at iter 2600
  Iter 21000/50000 | Val Loss: 0.1395 | Val Acc: 97.90% | Best at iter 2600
  Iter 22000/50000 | Val Loss: 0.1539 | Val Acc: 97.80% | Best at iter 2600
  Iter 23000/50000 | Val Loss: 0.1297 | Val Acc: 97.98% | Best at iter 2600
  Iter 24000/50000 | Val Loss: 0.1393 | Val Acc: 98.02% | Best at iter 2600
  Iter 25000/50000 | Val Loss: 0.1705 | Val Acc: 97.68% | Best at iter 2600
  Iter 26000/50000 | Val Loss: 0.1531 | Val Acc: 98.20% | Best at iter 2600
  Iter 27000/50000 | Val Loss: 0.1550 | Val Acc: 97.94% | Best at iter 2600
  Iter 28000/50000 | Val Loss: 0.1613 | Val Acc: 97.96% | Best at iter 2600
  Iter 29000/50000 | Val Loss: 0.1714 | Val Acc: 97.76% | Best at iter 2600
  Iter 30000/50000 | Val Loss: 0.1610 | Val Acc: 97.70% | Best at iter 2600
  Iter 31000/50000 | Val Loss: 0.1918 | Val Acc: 98.06% | Best at iter 2600
  Iter 32000/50000 | Val Loss: 0.1897 | Val Acc: 97.80% | Best at iter 2600
  Iter 33000/50000 | Val Loss: 0.1743 | Val Acc: 97.88% | Best at iter 2600
  Iter 34000/50000 | Val Loss: 0.1675 | Val Acc: 97.98% | Best at iter 2600
  Iter 35000/50000 | Val Loss: 0.1868 | Val Acc: 97.90% | Best at iter 2600
  Iter 36000/50000 | Val Loss: 0.2049 | Val Acc: 97.74% | Best at iter 2600
  Iter 37000/50000 | Val Loss: 0.2207 | Val Acc: 97.74% | Best at iter 2600
  Iter 38000/50000 | Val Loss: 0.1995 | Val Acc: 97.90% | Best at iter 2600
  Iter 39000/50000 | Val Loss: 0.2224 | Val Acc: 97.70% | Best at iter 2600
  Iter 40000/50000 | Val Loss: 0.2104 | Val Acc: 97.76% | Best at iter 2600
  Iter 41000/50000 | Val Loss: 0.1914 | Val Acc: 97.96% | Best at iter 2600
  Iter 42000/50000 | Val Loss: 0.2086 | Val Acc: 98.06% | Best at iter 2600
  Iter 43000/50000 | Val Loss: 0.2116 | Val Acc: 98.16% | Best at iter 2600
  Iter 44000/50000 | Val Loss: 0.1940 | Val Acc: 98.10% | Best at iter 2600
  Iter 45000/50000 | Val Loss: 0.2154 | Val Acc: 97.88% | Best at iter 2600
  Iter 46000/50000 | Val Loss: 0.2122 | Val Acc: 97.94% | Best at iter 2600
  Iter 47000/50000 | Val Loss: 0.2083 | Val Acc: 98.08% | Best at iter 2600
  Iter 48000/50000 | Val Loss: 0.2174 | Val Acc: 97.84% | Best at iter 2600
  Iter 49000/50000 | Val Loss: 0.2383 | Val Acc: 98.20% | Best at iter 2600
  Iter 50000/50000 | Val Loss: 0.2306 | Val Acc: 98.00% | Best at iter 2600

──────────────────────────────────────────────────────────────────────
Early stop: iteration 2600
Val loss at early stop: 0.0681
Test accuracy at early stop: 97.92%
──────────────────────────────────────────────────────────────────────

======================================================================
Iterative Winning Ticket
Sparsity: 51.2% | Trial: 2/3
======================================================================
[1] Saving initial weights...

--- Round 1 (current: 100.00%) ---
[TRAIN] Training...
  Iter 1000/50000 | Val Loss: 0.1156 | Val Acc: 96.68% | Best at iter 1000
  Iter 2000/50000 | Val Loss: 0.1146 | Val Acc: 96.64% | Best at iter 1900
  Iter 3000/50000 | Val Loss: 0.0874 | Val Acc: 97.52% | Best at iter 3000
  Iter 4000/50000 | Val Loss: 0.0848 | Val Acc: 97.96% | Best at iter 4000
  Iter 5000/50000 | Val Loss: 0.0934 | Val Acc: 97.50% | Best at iter 4000
  Iter 6000/50000 | Val Loss: 0.0949 | Val Acc: 97.80% | Best at iter 4000
  Iter 7000/50000 | Val Loss: 0.1115 | Val Acc: 97.18% | Best at iter 4000
  Iter 8000/50000 | Val Loss: 0.1080 | Val Acc: 97.74% | Best at iter 4000
  Iter 9000/50000 | Val Loss: 0.1123 | Val Acc: 97.52% | Best at iter 4000
  Iter 10000/50000 | Val Loss: 0.1061 | Val Acc: 97.74% | Best at iter 4000
  Iter 11000/50000 | Val Loss: 0.1177 | Val Acc: 97.68% | Best at iter 4000
  Iter 12000/50000 | Val Loss: 0.1404 | Val Acc: 97.52% | Best at iter 4000
  Iter 13000/50000 | Val Loss: 0.1221 | Val Acc: 97.58% | Best at iter 4000
  Iter 14000/50000 | Val Loss: 0.1496 | Val Acc: 97.56% | Best at iter 4000
  Iter 15000/50000 | Val Loss: 0.1557 | Val Acc: 97.38% | Best at iter 4000
  Iter 16000/50000 | Val Loss: 0.1572 | Val Acc: 97.68% | Best at iter 4000
  Iter 17000/50000 | Val Loss: 0.1195 | Val Acc: 97.92% | Best at iter 4000
  Iter 18000/50000 | Val Loss: 0.1332 | Val Acc: 97.94% | Best at iter 4000
  Iter 19000/50000 | Val Loss: 0.1357 | Val Acc: 97.86% | Best at iter 4000
  Iter 20000/50000 | Val Loss: 0.1641 | Val Acc: 97.68% | Best at iter 4000
  Iter 21000/50000 | Val Loss: 0.1590 | Val Acc: 97.80% | Best at iter 4000
  Iter 22000/50000 | Val Loss: 0.1873 | Val Acc: 97.44% | Best at iter 4000
  Iter 23000/50000 | Val Loss: 0.1339 | Val Acc: 98.28% | Best at iter 4000
  Iter 24000/50000 | Val Loss: 0.1720 | Val Acc: 97.94% | Best at iter 4000
  Iter 25000/50000 | Val Loss: 0.1674 | Val Acc: 97.90% | Best at iter 4000
  Iter 26000/50000 | Val Loss: 0.1701 | Val Acc: 97.76% | Best at iter 4000
  Iter 27000/50000 | Val Loss: 0.1615 | Val Acc: 97.74% | Best at iter 4000
  Iter 28000/50000 | Val Loss: 0.1882 | Val Acc: 97.94% | Best at iter 4000
  Iter 29000/50000 | Val Loss: 0.2436 | Val Acc: 97.76% | Best at iter 4000
  Iter 30000/50000 | Val Loss: 0.2397 | Val Acc: 97.50% | Best at iter 4000
  Iter 31000/50000 | Val Loss: 0.1868 | Val Acc: 97.78% | Best at iter 4000
  Iter 32000/50000 | Val Loss: 0.1886 | Val Acc: 97.86% | Best at iter 4000
  Iter 33000/50000 | Val Loss: 0.2064 | Val Acc: 97.76% | Best at iter 4000
  Iter 34000/50000 | Val Loss: 0.2138 | Val Acc: 97.88% | Best at iter 4000
  Iter 35000/50000 | Val Loss: 0.1600 | Val Acc: 98.18% | Best at iter 4000
  Iter 36000/50000 | Val Loss: 0.1789 | Val Acc: 98.06% | Best at iter 4000
  Iter 37000/50000 | Val Loss: 0.1946 | Val Acc: 97.64% | Best at iter 4000
  Iter 38000/50000 | Val Loss: 0.2096 | Val Acc: 97.82% | Best at iter 4000
  Iter 39000/50000 | Val Loss: 0.1723 | Val Acc: 98.14% | Best at iter 4000
  Iter 40000/50000 | Val Loss: 0.1790 | Val Acc: 98.14% | Best at iter 4000
  Iter 41000/50000 | Val Loss: 0.2337 | Val Acc: 97.78% | Best at iter 4000
  Iter 42000/50000 | Val Loss: 0.2575 | Val Acc: 97.56% | Best at iter 4000
  Iter 43000/50000 | Val Loss: 0.2109 | Val Acc: 97.78% | Best at iter 4000
  Iter 44000/50000 | Val Loss: 0.2804 | Val Acc: 97.68% | Best at iter 4000
  Iter 45000/50000 | Val Loss: 0.2069 | Val Acc: 98.04% | Best at iter 4000
  Iter 46000/50000 | Val Loss: 0.2366 | Val Acc: 98.00% | Best at iter 4000
  Iter 47000/50000 | Val Loss: 0.2542 | Val Acc: 97.80% | Best at iter 4000
  Iter 48000/50000 | Val Loss: 0.2860 | Val Acc: 97.72% | Best at iter 4000
  Iter 49000/50000 | Val Loss: 0.2942 | Val Acc: 97.70% | Best at iter 4000
  Iter 50000/50000 | Val Loss: 0.2898 | Val Acc: 97.70% | Best at iter 4000
[PRUNE] Pruning to 80.00%...
[RESET] Resetting to initial weights...

--- Round 2 (current: 80.00%) ---
[TRAIN] Training...
  Iter 1000/50000 | Val Loss: 0.1067 | Val Acc: 96.70% | Best at iter 1000
  Iter 2000/50000 | Val Loss: 0.1079 | Val Acc: 97.08% | Best at iter 1200
  Iter 3000/50000 | Val Loss: 0.0815 | Val Acc: 97.52% | Best at iter 3000
  Iter 4000/50000 | Val Loss: 0.0899 | Val Acc: 97.36% | Best at iter 3200
  Iter 5000/50000 | Val Loss: 0.0787 | Val Acc: 97.84% | Best at iter 3200
  Iter 6000/50000 | Val Loss: 0.0940 | Val Acc: 97.78% | Best at iter 3200
  Iter 7000/50000 | Val Loss: 0.1256 | Val Acc: 96.88% | Best at iter 3200
  Iter 8000/50000 | Val Loss: 0.1094 | Val Acc: 97.40% | Best at iter 3200
  Iter 9000/50000 | Val Loss: 0.1157 | Val Acc: 97.52% | Best at iter 3200
  Iter 10000/50000 | Val Loss: 0.1470 | Val Acc: 97.64% | Best at iter 3200
  Iter 11000/50000 | Val Loss: 0.1265 | Val Acc: 97.48% | Best at iter 3200
  Iter 12000/50000 | Val Loss: 0.1073 | Val Acc: 98.04% | Best at iter 3200
  Iter 13000/50000 | Val Loss: 0.1338 | Val Acc: 97.60% | Best at iter 3200
  Iter 14000/50000 | Val Loss: 0.1227 | Val Acc: 97.78% | Best at iter 3200
  Iter 15000/50000 | Val Loss: 0.1448 | Val Acc: 97.68% | Best at iter 3200
  Iter 16000/50000 | Val Loss: 0.1353 | Val Acc: 97.62% | Best at iter 3200
  Iter 17000/50000 | Val Loss: 0.1276 | Val Acc: 97.96% | Best at iter 3200
  Iter 18000/50000 | Val Loss: 0.1326 | Val Acc: 97.54% | Best at iter 3200
  Iter 19000/50000 | Val Loss: 0.1420 | Val Acc: 97.90% | Best at iter 3200
  Iter 20000/50000 | Val Loss: 0.1347 | Val Acc: 98.14% | Best at iter 3200
  Iter 21000/50000 | Val Loss: 0.1604 | Val Acc: 97.68% | Best at iter 3200
  Iter 22000/50000 | Val Loss: 0.1603 | Val Acc: 97.62% | Best at iter 3200
  Iter 23000/50000 | Val Loss: 0.1376 | Val Acc: 97.96% | Best at iter 3200
  Iter 24000/50000 | Val Loss: 0.1631 | Val Acc: 97.90% | Best at iter 3200
  Iter 25000/50000 | Val Loss: 0.1608 | Val Acc: 98.16% | Best at iter 3200
  Iter 26000/50000 | Val Loss: 0.1496 | Val Acc: 98.00% | Best at iter 3200
  Iter 27000/50000 | Val Loss: 0.1699 | Val Acc: 97.90% | Best at iter 3200
  Iter 28000/50000 | Val Loss: 0.1932 | Val Acc: 98.04% | Best at iter 3200
  Iter 29000/50000 | Val Loss: 0.1888 | Val Acc: 97.72% | Best at iter 3200
  Iter 30000/50000 | Val Loss: 0.1903 | Val Acc: 98.04% | Best at iter 3200
  Iter 31000/50000 | Val Loss: 0.1754 | Val Acc: 97.88% | Best at iter 3200
  Iter 32000/50000 | Val Loss: 0.1903 | Val Acc: 97.84% | Best at iter 3200
  Iter 33000/50000 | Val Loss: 0.2177 | Val Acc: 97.64% | Best at iter 3200
  Iter 34000/50000 | Val Loss: 0.1677 | Val Acc: 97.96% | Best at iter 3200
  Iter 35000/50000 | Val Loss: 0.2093 | Val Acc: 97.80% | Best at iter 3200
  Iter 36000/50000 | Val Loss: 0.1683 | Val Acc: 98.00% | Best at iter 3200
  Iter 37000/50000 | Val Loss: 0.1881 | Val Acc: 97.90% | Best at iter 3200
  Iter 38000/50000 | Val Loss: 0.1783 | Val Acc: 98.10% | Best at iter 3200
  Iter 39000/50000 | Val Loss: 0.2086 | Val Acc: 97.96% | Best at iter 3200
  Iter 40000/50000 | Val Loss: 0.1853 | Val Acc: 98.12% | Best at iter 3200
  Iter 41000/50000 | Val Loss: 0.2262 | Val Acc: 97.78% | Best at iter 3200
  Iter 42000/50000 | Val Loss: 0.2449 | Val Acc: 97.92% | Best at iter 3200
  Iter 43000/50000 | Val Loss: 0.2474 | Val Acc: 97.80% | Best at iter 3200
  Iter 44000/50000 | Val Loss: 0.2209 | Val Acc: 97.80% | Best at iter 3200
  Iter 45000/50000 | Val Loss: 0.2102 | Val Acc: 98.00% | Best at iter 3200
  Iter 46000/50000 | Val Loss: 0.1977 | Val Acc: 98.02% | Best at iter 3200
  Iter 47000/50000 | Val Loss: 0.2213 | Val Acc: 98.06% | Best at iter 3200
  Iter 48000/50000 | Val Loss: 0.2232 | Val Acc: 98.04% | Best at iter 3200
  Iter 49000/50000 | Val Loss: 0.2139 | Val Acc: 98.10% | Best at iter 3200
  Iter 50000/50000 | Val Loss: 0.2249 | Val Acc: 98.10% | Best at iter 3200
[PRUNE] Pruning to 64.00%...
[RESET] Resetting to initial weights...

--- Round 3 (current: 64.00%) ---
[TRAIN] Training...
  Iter 1000/50000 | Val Loss: 0.1103 | Val Acc: 96.72% | Best at iter 1000
  Iter 2000/50000 | Val Loss: 0.0836 | Val Acc: 97.40% | Best at iter 2000
  Iter 3000/50000 | Val Loss: 0.0947 | Val Acc: 97.04% | Best at iter 2900
  Iter 4000/50000 | Val Loss: 0.0715 | Val Acc: 98.04% | Best at iter 4000
  Iter 5000/50000 | Val Loss: 0.0938 | Val Acc: 97.70% | Best at iter 4000
  Iter 6000/50000 | Val Loss: 0.0843 | Val Acc: 97.88% | Best at iter 4000
  Iter 7000/50000 | Val Loss: 0.0930 | Val Acc: 97.52% | Best at iter 4000
  Iter 8000/50000 | Val Loss: 0.1116 | Val Acc: 97.56% | Best at iter 4000
  Iter 9000/50000 | Val Loss: 0.1104 | Val Acc: 97.66% | Best at iter 4000
  Iter 10000/50000 | Val Loss: 0.1257 | Val Acc: 97.26% | Best at iter 4000
  Iter 11000/50000 | Val Loss: 0.1179 | Val Acc: 97.70% | Best at iter 4000
  Iter 12000/50000 | Val Loss: 0.1304 | Val Acc: 97.44% | Best at iter 4000
  Iter 13000/50000 | Val Loss: 0.1148 | Val Acc: 97.80% | Best at iter 4000
  Iter 14000/50000 | Val Loss: 0.1074 | Val Acc: 97.90% | Best at iter 4000
  Iter 15000/50000 | Val Loss: 0.1504 | Val Acc: 97.66% | Best at iter 4000
  Iter 16000/50000 | Val Loss: 0.1424 | Val Acc: 97.52% | Best at iter 4000
  Iter 17000/50000 | Val Loss: 0.1251 | Val Acc: 97.62% | Best at iter 4000
  Iter 18000/50000 | Val Loss: 0.1424 | Val Acc: 97.60% | Best at iter 4000
  Iter 19000/50000 | Val Loss: 0.1716 | Val Acc: 97.32% | Best at iter 4000
  Iter 20000/50000 | Val Loss: 0.1530 | Val Acc: 97.78% | Best at iter 4000
  Iter 21000/50000 | Val Loss: 0.1388 | Val Acc: 97.92% | Best at iter 4000
  Iter 22000/50000 | Val Loss: 0.1771 | Val Acc: 97.50% | Best at iter 4000
  Iter 23000/50000 | Val Loss: 0.1693 | Val Acc: 97.78% | Best at iter 4000
  Iter 24000/50000 | Val Loss: 0.1653 | Val Acc: 97.70% | Best at iter 4000
  Iter 25000/50000 | Val Loss: 0.1491 | Val Acc: 97.96% | Best at iter 4000
  Iter 26000/50000 | Val Loss: 0.1595 | Val Acc: 97.78% | Best at iter 4000
  Iter 27000/50000 | Val Loss: 0.1657 | Val Acc: 97.84% | Best at iter 4000
  Iter 28000/50000 | Val Loss: 0.1839 | Val Acc: 97.96% | Best at iter 4000
  Iter 29000/50000 | Val Loss: 0.1692 | Val Acc: 97.90% | Best at iter 4000
  Iter 30000/50000 | Val Loss: 0.2009 | Val Acc: 97.58% | Best at iter 4000
  Iter 31000/50000 | Val Loss: 0.1829 | Val Acc: 97.98% | Best at iter 4000
  Iter 32000/50000 | Val Loss: 0.1706 | Val Acc: 98.06% | Best at iter 4000
  Iter 33000/50000 | Val Loss: 0.1796 | Val Acc: 97.78% | Best at iter 4000
  Iter 34000/50000 | Val Loss: 0.1777 | Val Acc: 97.76% | Best at iter 4000
  Iter 35000/50000 | Val Loss: 0.1586 | Val Acc: 98.04% | Best at iter 4000
  Iter 36000/50000 | Val Loss: 0.1901 | Val Acc: 97.74% | Best at iter 4000
  Iter 37000/50000 | Val Loss: 0.1925 | Val Acc: 98.00% | Best at iter 4000
  Iter 38000/50000 | Val Loss: 0.1813 | Val Acc: 97.84% | Best at iter 4000
  Iter 39000/50000 | Val Loss: 0.1866 | Val Acc: 97.94% | Best at iter 4000
  Iter 40000/50000 | Val Loss: 0.2084 | Val Acc: 97.78% | Best at iter 4000
  Iter 41000/50000 | Val Loss: 0.1939 | Val Acc: 98.16% | Best at iter 4000
  Iter 42000/50000 | Val Loss: 0.1995 | Val Acc: 98.06% | Best at iter 4000
  Iter 43000/50000 | Val Loss: 0.1900 | Val Acc: 98.14% | Best at iter 4000
  Iter 44000/50000 | Val Loss: 0.2032 | Val Acc: 98.00% | Best at iter 4000
  Iter 45000/50000 | Val Loss: 0.1682 | Val Acc: 98.00% | Best at iter 4000
  Iter 46000/50000 | Val Loss: 0.2103 | Val Acc: 97.90% | Best at iter 4000
  Iter 47000/50000 | Val Loss: 0.2127 | Val Acc: 98.06% | Best at iter 4000
  Iter 48000/50000 | Val Loss: 0.2747 | Val Acc: 97.74% | Best at iter 4000
  Iter 49000/50000 | Val Loss: 0.2385 | Val Acc: 97.92% | Best at iter 4000
  Iter 50000/50000 | Val Loss: 0.2595 | Val Acc: 97.72% | Best at iter 4000
[PRUNE] Pruning to 51.20%...
[RESET] Resetting to initial weights...

==================================================
FINAL TRAINING at 51.20%
==================================================
  Iter 1000/50000 | Val Loss: 0.1060 | Val Acc: 96.72% | Best at iter 900
  Iter 2000/50000 | Val Loss: 0.0824 | Val Acc: 97.62% | Best at iter 2000
  Iter 3000/50000 | Val Loss: 0.0753 | Val Acc: 97.64% | Best at iter 2800
  Iter 4000/50000 | Val Loss: 0.0740 | Val Acc: 97.82% | Best at iter 2800
  Iter 5000/50000 | Val Loss: 0.0819 | Val Acc: 97.74% | Best at iter 2800
  Iter 6000/50000 | Val Loss: 0.0981 | Val Acc: 97.42% | Best at iter 2800
  Iter 7000/50000 | Val Loss: 0.0774 | Val Acc: 97.82% | Best at iter 2800
  Iter 8000/50000 | Val Loss: 0.1108 | Val Acc: 97.40% | Best at iter 2800
  Iter 9000/50000 | Val Loss: 0.1039 | Val Acc: 97.66% | Best at iter 2800
  Iter 10000/50000 | Val Loss: 0.1102 | Val Acc: 97.82% | Best at iter 2800
  Iter 11000/50000 | Val Loss: 0.1165 | Val Acc: 97.60% | Best at iter 2800
  Iter 12000/50000 | Val Loss: 0.1108 | Val Acc: 97.98% | Best at iter 2800
  Iter 13000/50000 | Val Loss: 0.0966 | Val Acc: 97.68% | Best at iter 2800
  Iter 14000/50000 | Val Loss: 0.1195 | Val Acc: 97.68% | Best at iter 2800
  Iter 15000/50000 | Val Loss: 0.1166 | Val Acc: 97.88% | Best at iter 2800
  Iter 16000/50000 | Val Loss: 0.1232 | Val Acc: 97.88% | Best at iter 2800
  Iter 17000/50000 | Val Loss: 0.1370 | Val Acc: 98.04% | Best at iter 2800
  Iter 18000/50000 | Val Loss: 0.1315 | Val Acc: 97.78% | Best at iter 2800
  Iter 19000/50000 | Val Loss: 0.1295 | Val Acc: 97.86% | Best at iter 2800
  Iter 20000/50000 | Val Loss: 0.1527 | Val Acc: 97.66% | Best at iter 2800
  Iter 21000/50000 | Val Loss: 0.1441 | Val Acc: 97.80% | Best at iter 2800
  Iter 22000/50000 | Val Loss: 0.1571 | Val Acc: 97.76% | Best at iter 2800
  Iter 23000/50000 | Val Loss: 0.1400 | Val Acc: 98.28% | Best at iter 2800
  Iter 24000/50000 | Val Loss: 0.1572 | Val Acc: 97.86% | Best at iter 2800
  Iter 25000/50000 | Val Loss: 0.1580 | Val Acc: 97.92% | Best at iter 2800
  Iter 26000/50000 | Val Loss: 0.1529 | Val Acc: 97.96% | Best at iter 2800
  Iter 27000/50000 | Val Loss: 0.1550 | Val Acc: 98.18% | Best at iter 2800
  Iter 28000/50000 | Val Loss: 0.1665 | Val Acc: 97.98% | Best at iter 2800
  Iter 29000/50000 | Val Loss: 0.1513 | Val Acc: 97.96% | Best at iter 2800
  Iter 30000/50000 | Val Loss: 0.1570 | Val Acc: 97.86% | Best at iter 2800
  Iter 31000/50000 | Val Loss: 0.2036 | Val Acc: 97.38% | Best at iter 2800
  Iter 32000/50000 | Val Loss: 0.1790 | Val Acc: 97.78% | Best at iter 2800
  Iter 33000/50000 | Val Loss: 0.1918 | Val Acc: 97.52% | Best at iter 2800
  Iter 34000/50000 | Val Loss: 0.1871 | Val Acc: 97.90% | Best at iter 2800
  Iter 35000/50000 | Val Loss: 0.1959 | Val Acc: 97.82% | Best at iter 2800
  Iter 36000/50000 | Val Loss: 0.1908 | Val Acc: 98.02% | Best at iter 2800
  Iter 37000/50000 | Val Loss: 0.1868 | Val Acc: 97.90% | Best at iter 2800
  Iter 38000/50000 | Val Loss: 0.1878 | Val Acc: 97.92% | Best at iter 2800
  Iter 39000/50000 | Val Loss: 0.1997 | Val Acc: 97.88% | Best at iter 2800
  Iter 40000/50000 | Val Loss: 0.2120 | Val Acc: 97.74% | Best at iter 2800
  Iter 41000/50000 | Val Loss: 0.2275 | Val Acc: 97.84% | Best at iter 2800
  Iter 42000/50000 | Val Loss: 0.2197 | Val Acc: 98.08% | Best at iter 2800
  Iter 43000/50000 | Val Loss: 0.1950 | Val Acc: 98.36% | Best at iter 2800
  Iter 44000/50000 | Val Loss: 0.2122 | Val Acc: 98.12% | Best at iter 2800
  Iter 45000/50000 | Val Loss: 0.1876 | Val Acc: 98.08% | Best at iter 2800
  Iter 46000/50000 | Val Loss: 0.2006 | Val Acc: 98.00% | Best at iter 2800
  Iter 47000/50000 | Val Loss: 0.1952 | Val Acc: 98.18% | Best at iter 2800
  Iter 48000/50000 | Val Loss: 0.1958 | Val Acc: 97.98% | Best at iter 2800
  Iter 49000/50000 | Val Loss: 0.2621 | Val Acc: 97.62% | Best at iter 2800
  Iter 50000/50000 | Val Loss: 0.2139 | Val Acc: 98.04% | Best at iter 2800

──────────────────────────────────────────────────────────────────────
Early stop: iteration 2800
Val loss at early stop: 0.0682
Test accuracy at early stop: 97.60%
──────────────────────────────────────────────────────────────────────

======================================================================
Iterative Winning Ticket
Sparsity: 51.2% | Trial: 3/3
======================================================================
[1] Saving initial weights...

--- Round 1 (current: 100.00%) ---
[TRAIN] Training...
  Iter 1000/50000 | Val Loss: 0.1256 | Val Acc: 96.18% | Best at iter 1000
  Iter 2000/50000 | Val Loss: 0.1089 | Val Acc: 96.78% | Best at iter 1900
  Iter 3000/50000 | Val Loss: 0.1222 | Val Acc: 96.46% | Best at iter 2400
  Iter 4000/50000 | Val Loss: 0.1011 | Val Acc: 97.26% | Best at iter 3900
  Iter 5000/50000 | Val Loss: 0.0966 | Val Acc: 97.44% | Best at iter 3900
  Iter 6000/50000 | Val Loss: 0.0875 | Val Acc: 97.94% | Best at iter 6000
  Iter 7000/50000 | Val Loss: 0.1022 | Val Acc: 97.52% | Best at iter 6000
  Iter 8000/50000 | Val Loss: 0.1133 | Val Acc: 97.36% | Best at iter 6000
  Iter 9000/50000 | Val Loss: 0.0995 | Val Acc: 97.70% | Best at iter 6000
  Iter 10000/50000 | Val Loss: 0.1307 | Val Acc: 97.40% | Best at iter 6000
  Iter 11000/50000 | Val Loss: 0.1500 | Val Acc: 96.88% | Best at iter 6000
  Iter 12000/50000 | Val Loss: 0.1298 | Val Acc: 97.64% | Best at iter 6000
  Iter 13000/50000 | Val Loss: 0.1182 | Val Acc: 97.80% | Best at iter 6000
  Iter 14000/50000 | Val Loss: 0.1460 | Val Acc: 97.58% | Best at iter 6000
  Iter 15000/50000 | Val Loss: 0.1346 | Val Acc: 97.96% | Best at iter 6000
  Iter 16000/50000 | Val Loss: 0.1239 | Val Acc: 97.94% | Best at iter 6000
  Iter 17000/50000 | Val Loss: 0.1255 | Val Acc: 97.82% | Best at iter 6000
  Iter 18000/50000 | Val Loss: 0.1295 | Val Acc: 97.90% | Best at iter 6000
  Iter 19000/50000 | Val Loss: 0.1714 | Val Acc: 97.48% | Best at iter 6000
  Iter 20000/50000 | Val Loss: 0.1364 | Val Acc: 97.68% | Best at iter 6000
  Iter 21000/50000 | Val Loss: 0.1390 | Val Acc: 97.56% | Best at iter 6000
  Iter 22000/50000 | Val Loss: 0.1743 | Val Acc: 97.62% | Best at iter 6000
  Iter 23000/50000 | Val Loss: 0.1622 | Val Acc: 97.68% | Best at iter 6000
  Iter 24000/50000 | Val Loss: 0.1764 | Val Acc: 97.70% | Best at iter 6000
  Iter 25000/50000 | Val Loss: 0.1624 | Val Acc: 97.74% | Best at iter 6000
  Iter 26000/50000 | Val Loss: 0.1594 | Val Acc: 97.82% | Best at iter 6000
  Iter 27000/50000 | Val Loss: 0.1970 | Val Acc: 97.70% | Best at iter 6000
  Iter 28000/50000 | Val Loss: 0.1550 | Val Acc: 98.08% | Best at iter 6000
  Iter 29000/50000 | Val Loss: 0.1746 | Val Acc: 97.88% | Best at iter 6000
  Iter 30000/50000 | Val Loss: 0.1636 | Val Acc: 97.92% | Best at iter 6000
  Iter 31000/50000 | Val Loss: 0.1830 | Val Acc: 97.76% | Best at iter 6000
  Iter 32000/50000 | Val Loss: 0.1708 | Val Acc: 97.96% | Best at iter 6000
  Iter 33000/50000 | Val Loss: 0.1975 | Val Acc: 97.86% | Best at iter 6000
  Iter 34000/50000 | Val Loss: 0.1816 | Val Acc: 97.86% | Best at iter 6000
  Iter 35000/50000 | Val Loss: 0.1748 | Val Acc: 97.90% | Best at iter 6000
  Iter 36000/50000 | Val Loss: 0.2019 | Val Acc: 97.52% | Best at iter 6000
  Iter 37000/50000 | Val Loss: 0.2166 | Val Acc: 97.50% | Best at iter 6000
  Iter 38000/50000 | Val Loss: 0.2057 | Val Acc: 97.90% | Best at iter 6000
  Iter 39000/50000 | Val Loss: 0.1872 | Val Acc: 97.84% | Best at iter 6000
  Iter 40000/50000 | Val Loss: 0.1916 | Val Acc: 97.86% | Best at iter 6000
  Iter 41000/50000 | Val Loss: 0.2166 | Val Acc: 97.84% | Best at iter 6000
  Iter 42000/50000 | Val Loss: 0.1984 | Val Acc: 97.88% | Best at iter 6000
  Iter 43000/50000 | Val Loss: 0.1932 | Val Acc: 98.14% | Best at iter 6000
  Iter 44000/50000 | Val Loss: 0.2085 | Val Acc: 97.90% | Best at iter 6000
  Iter 45000/50000 | Val Loss: 0.2033 | Val Acc: 97.96% | Best at iter 6000
  Iter 46000/50000 | Val Loss: 0.2416 | Val Acc: 97.80% | Best at iter 6000
  Iter 47000/50000 | Val Loss: 0.2840 | Val Acc: 97.54% | Best at iter 6000
  Iter 48000/50000 | Val Loss: 0.2425 | Val Acc: 98.18% | Best at iter 6000
  Iter 49000/50000 | Val Loss: 0.2925 | Val Acc: 97.46% | Best at iter 6000
  Iter 50000/50000 | Val Loss: 0.3187 | Val Acc: 97.42% | Best at iter 6000
[PRUNE] Pruning to 80.00%...
[RESET] Resetting to initial weights...

--- Round 2 (current: 80.00%) ---
[TRAIN] Training...
  Iter 1000/50000 | Val Loss: 0.1070 | Val Acc: 96.82% | Best at iter 1000
  Iter 2000/50000 | Val Loss: 0.0832 | Val Acc: 97.52% | Best at iter 1900
  Iter 3000/50000 | Val Loss: 0.1009 | Val Acc: 97.02% | Best at iter 2800
  Iter 4000/50000 | Val Loss: 0.0942 | Val Acc: 97.42% | Best at iter 2800
  Iter 5000/50000 | Val Loss: 0.0911 | Val Acc: 97.44% | Best at iter 2800
  Iter 6000/50000 | Val Loss: 0.1015 | Val Acc: 97.60% | Best at iter 2800
  Iter 7000/50000 | Val Loss: 0.0973 | Val Acc: 97.06% | Best at iter 2800
  Iter 8000/50000 | Val Loss: 0.0884 | Val Acc: 97.66% | Best at iter 7900
  Iter 9000/50000 | Val Loss: 0.1033 | Val Acc: 97.64% | Best at iter 7900
  Iter 10000/50000 | Val Loss: 0.1064 | Val Acc: 97.64% | Best at iter 7900
  Iter 11000/50000 | Val Loss: 0.1129 | Val Acc: 97.46% | Best at iter 7900
  Iter 12000/50000 | Val Loss: 0.1101 | Val Acc: 97.94% | Best at iter 7900
  Iter 13000/50000 | Val Loss: 0.1384 | Val Acc: 97.20% | Best at iter 7900
  Iter 14000/50000 | Val Loss: 0.1099 | Val Acc: 98.02% | Best at iter 7900
  Iter 15000/50000 | Val Loss: 0.1203 | Val Acc: 97.70% | Best at iter 7900
  Iter 16000/50000 | Val Loss: 0.1149 | Val Acc: 97.90% | Best at iter 7900
  Iter 17000/50000 | Val Loss: 0.1248 | Val Acc: 97.98% | Best at iter 7900
  Iter 18000/50000 | Val Loss: 0.1575 | Val Acc: 97.44% | Best at iter 7900
  Iter 19000/50000 | Val Loss: 0.1355 | Val Acc: 97.58% | Best at iter 7900
  Iter 20000/50000 | Val Loss: 0.1448 | Val Acc: 97.86% | Best at iter 7900
  Iter 21000/50000 | Val Loss: 0.1342 | Val Acc: 97.96% | Best at iter 7900
  Iter 22000/50000 | Val Loss: 0.1331 | Val Acc: 97.98% | Best at iter 7900
  Iter 23000/50000 | Val Loss: 0.1375 | Val Acc: 97.90% | Best at iter 7900
  Iter 24000/50000 | Val Loss: 0.1558 | Val Acc: 97.94% | Best at iter 7900
  Iter 25000/50000 | Val Loss: 0.1551 | Val Acc: 97.68% | Best at iter 7900
  Iter 26000/50000 | Val Loss: 0.1462 | Val Acc: 98.16% | Best at iter 7900
  Iter 27000/50000 | Val Loss: 0.1405 | Val Acc: 97.76% | Best at iter 7900
  Iter 28000/50000 | Val Loss: 0.1425 | Val Acc: 98.18% | Best at iter 7900
  Iter 29000/50000 | Val Loss: 0.1560 | Val Acc: 98.06% | Best at iter 7900
  Iter 30000/50000 | Val Loss: 0.1747 | Val Acc: 97.90% | Best at iter 7900
  Iter 31000/50000 | Val Loss: 0.1440 | Val Acc: 98.00% | Best at iter 7900
  Iter 32000/50000 | Val Loss: 0.1668 | Val Acc: 97.80% | Best at iter 7900
  Iter 33000/50000 | Val Loss: 0.1990 | Val Acc: 97.56% | Best at iter 7900
  Iter 34000/50000 | Val Loss: 0.1563 | Val Acc: 97.74% | Best at iter 7900
  Iter 35000/50000 | Val Loss: 0.1805 | Val Acc: 97.94% | Best at iter 7900
  Iter 36000/50000 | Val Loss: 0.1580 | Val Acc: 98.08% | Best at iter 7900
  Iter 37000/50000 | Val Loss: 0.1865 | Val Acc: 97.88% | Best at iter 7900
  Iter 38000/50000 | Val Loss: 0.1813 | Val Acc: 97.98% | Best at iter 7900
  Iter 39000/50000 | Val Loss: 0.2046 | Val Acc: 97.88% | Best at iter 7900
  Iter 40000/50000 | Val Loss: 0.1953 | Val Acc: 98.08% | Best at iter 7900
  Iter 41000/50000 | Val Loss: 0.2207 | Val Acc: 97.74% | Best at iter 7900
  Iter 42000/50000 | Val Loss: 0.2004 | Val Acc: 98.06% | Best at iter 7900
  Iter 43000/50000 | Val Loss: 0.1973 | Val Acc: 98.04% | Best at iter 7900
  Iter 44000/50000 | Val Loss: 0.1978 | Val Acc: 97.76% | Best at iter 7900
  Iter 45000/50000 | Val Loss: 0.1985 | Val Acc: 98.02% | Best at iter 7900
  Iter 46000/50000 | Val Loss: 0.2165 | Val Acc: 97.66% | Best at iter 7900
  Iter 47000/50000 | Val Loss: 0.2171 | Val Acc: 97.72% | Best at iter 7900
  Iter 48000/50000 | Val Loss: 0.2545 | Val Acc: 97.60% | Best at iter 7900
  Iter 49000/50000 | Val Loss: 0.2240 | Val Acc: 97.70% | Best at iter 7900
  Iter 50000/50000 | Val Loss: 0.2216 | Val Acc: 97.76% | Best at iter 7900
[PRUNE] Pruning to 64.00%...
[RESET] Resetting to initial weights...

--- Round 3 (current: 64.00%) ---
[TRAIN] Training...
  Iter 1000/50000 | Val Loss: 0.0995 | Val Acc: 97.14% | Best at iter 1000
  Iter 2000/50000 | Val Loss: 0.0853 | Val Acc: 97.24% | Best at iter 2000
  Iter 3000/50000 | Val Loss: 0.1012 | Val Acc: 96.94% | Best at iter 2900
  Iter 4000/50000 | Val Loss: 0.0942 | Val Acc: 97.42% | Best at iter 3100
  Iter 5000/50000 | Val Loss: 0.0873 | Val Acc: 97.80% | Best at iter 3100
  Iter 6000/50000 | Val Loss: 0.0972 | Val Acc: 97.74% | Best at iter 3100
  Iter 7000/50000 | Val Loss: 0.0959 | Val Acc: 97.72% | Best at iter 3100
  Iter 8000/50000 | Val Loss: 0.1268 | Val Acc: 97.40% | Best at iter 3100
  Iter 9000/50000 | Val Loss: 0.1192 | Val Acc: 97.54% | Best at iter 3100
  Iter 10000/50000 | Val Loss: 0.1154 | Val Acc: 97.54% | Best at iter 3100
  Iter 11000/50000 | Val Loss: 0.1366 | Val Acc: 97.38% | Best at iter 3100
  Iter 12000/50000 | Val Loss: 0.1243 | Val Acc: 97.84% | Best at iter 3100
  Iter 13000/50000 | Val Loss: 0.1416 | Val Acc: 97.60% | Best at iter 3100
  Iter 14000/50000 | Val Loss: 0.1502 | Val Acc: 97.34% | Best at iter 3100
  Iter 15000/50000 | Val Loss: 0.1126 | Val Acc: 97.68% | Best at iter 3100
  Iter 16000/50000 | Val Loss: 0.1375 | Val Acc: 97.52% | Best at iter 3100
  Iter 17000/50000 | Val Loss: 0.1405 | Val Acc: 97.86% | Best at iter 3100
  Iter 18000/50000 | Val Loss: 0.1407 | Val Acc: 97.62% | Best at iter 3100
  Iter 19000/50000 | Val Loss: 0.1468 | Val Acc: 97.86% | Best at iter 3100
  Iter 20000/50000 | Val Loss: 0.1381 | Val Acc: 97.82% | Best at iter 3100
  Iter 21000/50000 | Val Loss: 0.1570 | Val Acc: 97.82% | Best at iter 3100
  Iter 22000/50000 | Val Loss: 0.1512 | Val Acc: 97.72% | Best at iter 3100
  Iter 23000/50000 | Val Loss: 0.1824 | Val Acc: 97.64% | Best at iter 3100
  Iter 24000/50000 | Val Loss: 0.1479 | Val Acc: 97.74% | Best at iter 3100
  Iter 25000/50000 | Val Loss: 0.1611 | Val Acc: 97.84% | Best at iter 3100
  Iter 26000/50000 | Val Loss: 0.1920 | Val Acc: 97.48% | Best at iter 3100
  Iter 27000/50000 | Val Loss: 0.1567 | Val Acc: 97.74% | Best at iter 3100
  Iter 28000/50000 | Val Loss: 0.1788 | Val Acc: 97.82% | Best at iter 3100
  Iter 29000/50000 | Val Loss: 0.1979 | Val Acc: 97.50% | Best at iter 3100
  Iter 30000/50000 | Val Loss: 0.2138 | Val Acc: 97.48% | Best at iter 3100
  Iter 31000/50000 | Val Loss: 0.1906 | Val Acc: 97.96% | Best at iter 3100
  Iter 32000/50000 | Val Loss: 0.2118 | Val Acc: 97.56% | Best at iter 3100
  Iter 33000/50000 | Val Loss: 0.2487 | Val Acc: 97.50% | Best at iter 3100
  Iter 34000/50000 | Val Loss: 0.1796 | Val Acc: 97.68% | Best at iter 3100
  Iter 35000/50000 | Val Loss: 0.1693 | Val Acc: 97.98% | Best at iter 3100
  Iter 36000/50000 | Val Loss: 0.2181 | Val Acc: 97.70% | Best at iter 3100
  Iter 37000/50000 | Val Loss: 0.1969 | Val Acc: 98.02% | Best at iter 3100
  Iter 38000/50000 | Val Loss: 0.2304 | Val Acc: 97.68% | Best at iter 3100
  Iter 39000/50000 | Val Loss: 0.2042 | Val Acc: 97.76% | Best at iter 3100
  Iter 40000/50000 | Val Loss: 0.1910 | Val Acc: 97.90% | Best at iter 3100
  Iter 41000/50000 | Val Loss: 0.2116 | Val Acc: 97.82% | Best at iter 3100
  Iter 42000/50000 | Val Loss: 0.1910 | Val Acc: 98.00% | Best at iter 3100
  Iter 43000/50000 | Val Loss: 0.2225 | Val Acc: 97.74% | Best at iter 3100
  Iter 44000/50000 | Val Loss: 0.2403 | Val Acc: 97.62% | Best at iter 3100
  Iter 45000/50000 | Val Loss: 0.2179 | Val Acc: 97.66% | Best at iter 3100
  Iter 46000/50000 | Val Loss: 0.2585 | Val Acc: 97.62% | Best at iter 3100
  Iter 47000/50000 | Val Loss: 0.2031 | Val Acc: 97.80% | Best at iter 3100
  Iter 48000/50000 | Val Loss: 0.2157 | Val Acc: 97.90% | Best at iter 3100
  Iter 49000/50000 | Val Loss: 0.2543 | Val Acc: 97.52% | Best at iter 3100
  Iter 50000/50000 | Val Loss: 0.2523 | Val Acc: 97.66% | Best at iter 3100
[PRUNE] Pruning to 51.20%...
[RESET] Resetting to initial weights...

==================================================
FINAL TRAINING at 51.20%
==================================================
  Iter 1000/50000 | Val Loss: 0.1022 | Val Acc: 96.94% | Best at iter 1000
  Iter 2000/50000 | Val Loss: 0.0857 | Val Acc: 97.42% | Best at iter 2000
  Iter 3000/50000 | Val Loss: 0.0839 | Val Acc: 97.66% | Best at iter 2400
  Iter 4000/50000 | Val Loss: 0.0982 | Val Acc: 97.18% | Best at iter 3300
  Iter 5000/50000 | Val Loss: 0.0897 | Val Acc: 97.70% | Best at iter 3300
  Iter 6000/50000 | Val Loss: 0.0895 | Val Acc: 97.82% | Best at iter 3300
  Iter 7000/50000 | Val Loss: 0.0909 | Val Acc: 97.80% | Best at iter 3300
  Iter 8000/50000 | Val Loss: 0.1140 | Val Acc: 97.40% | Best at iter 3300
  Iter 9000/50000 | Val Loss: 0.1132 | Val Acc: 97.76% | Best at iter 3300
  Iter 10000/50000 | Val Loss: 0.1133 | Val Acc: 97.76% | Best at iter 3300
  Iter 11000/50000 | Val Loss: 0.1054 | Val Acc: 97.70% | Best at iter 3300
  Iter 12000/50000 | Val Loss: 0.1251 | Val Acc: 97.54% | Best at iter 3300
  Iter 13000/50000 | Val Loss: 0.1301 | Val Acc: 97.66% | Best at iter 3300
  Iter 14000/50000 | Val Loss: 0.1158 | Val Acc: 97.78% | Best at iter 3300
  Iter 15000/50000 | Val Loss: 0.1079 | Val Acc: 97.96% | Best at iter 3300
  Iter 16000/50000 | Val Loss: 0.1000 | Val Acc: 98.00% | Best at iter 3300
  Iter 17000/50000 | Val Loss: 0.1412 | Val Acc: 97.76% | Best at iter 3300
  Iter 18000/50000 | Val Loss: 0.1190 | Val Acc: 97.96% | Best at iter 3300
  Iter 19000/50000 | Val Loss: 0.1559 | Val Acc: 97.52% | Best at iter 3300
  Iter 20000/50000 | Val Loss: 0.1353 | Val Acc: 97.88% | Best at iter 3300
  Iter 21000/50000 | Val Loss: 0.1527 | Val Acc: 97.64% | Best at iter 3300
  Iter 22000/50000 | Val Loss: 0.1498 | Val Acc: 97.56% | Best at iter 3300
  Iter 23000/50000 | Val Loss: 0.1444 | Val Acc: 97.90% | Best at iter 3300
  Iter 24000/50000 | Val Loss: 0.1240 | Val Acc: 98.02% | Best at iter 3300
  Iter 25000/50000 | Val Loss: 0.1517 | Val Acc: 97.84% | Best at iter 3300
  Iter 26000/50000 | Val Loss: 0.1480 | Val Acc: 98.02% | Best at iter 3300
  Iter 27000/50000 | Val Loss: 0.1596 | Val Acc: 97.68% | Best at iter 3300
  Iter 28000/50000 | Val Loss: 0.1920 | Val Acc: 97.48% | Best at iter 3300
  Iter 29000/50000 | Val Loss: 0.1659 | Val Acc: 97.82% | Best at iter 3300
  Iter 30000/50000 | Val Loss: 0.1864 | Val Acc: 97.80% | Best at iter 3300
  Iter 31000/50000 | Val Loss: 0.1572 | Val Acc: 97.90% | Best at iter 3300
  Iter 32000/50000 | Val Loss: 0.1756 | Val Acc: 97.84% | Best at iter 3300
  Iter 33000/50000 | Val Loss: 0.1806 | Val Acc: 97.68% | Best at iter 3300
  Iter 34000/50000 | Val Loss: 0.1654 | Val Acc: 97.90% | Best at iter 3300
  Iter 35000/50000 | Val Loss: 0.1925 | Val Acc: 97.62% | Best at iter 3300
  Iter 36000/50000 | Val Loss: 0.1936 | Val Acc: 97.70% | Best at iter 3300
  Iter 37000/50000 | Val Loss: 0.1688 | Val Acc: 98.02% | Best at iter 3300
  Iter 38000/50000 | Val Loss: 0.1883 | Val Acc: 97.80% | Best at iter 3300
  Iter 39000/50000 | Val Loss: 0.2113 | Val Acc: 97.60% | Best at iter 3300
  Iter 40000/50000 | Val Loss: 0.1814 | Val Acc: 97.88% | Best at iter 3300
  Iter 41000/50000 | Val Loss: 0.1980 | Val Acc: 97.74% | Best at iter 3300
  Iter 42000/50000 | Val Loss: 0.2089 | Val Acc: 97.64% | Best at iter 3300
  Iter 43000/50000 | Val Loss: 0.2064 | Val Acc: 97.88% | Best at iter 3300
  Iter 44000/50000 | Val Loss: 0.2089 | Val Acc: 97.70% | Best at iter 3300
  Iter 45000/50000 | Val Loss: 0.1862 | Val Acc: 97.92% | Best at iter 3300
  Iter 46000/50000 | Val Loss: 0.2066 | Val Acc: 97.80% | Best at iter 3300
  Iter 47000/50000 | Val Loss: 0.1737 | Val Acc: 98.18% | Best at iter 3300
  Iter 48000/50000 | Val Loss: 0.2034 | Val Acc: 97.58% | Best at iter 3300
  Iter 49000/50000 | Val Loss: 0.1868 | Val Acc: 97.96% | Best at iter 3300
  Iter 50000/50000 | Val Loss: 0.2338 | Val Acc: 97.90% | Best at iter 3300

──────────────────────────────────────────────────────────────────────
Early stop: iteration 3300
Val loss at early stop: 0.0746
Test accuracy at early stop: 97.78%
──────────────────────────────────────────────────────────────────────

======================================================================
Iterative Winning Ticket
Sparsity: 26.2% | Trial: 1/3
======================================================================
[1] Saving initial weights...

--- Round 1 (current: 100.00%) ---
[TRAIN] Training...
  Iter 1000/50000 | Val Loss: 0.1228 | Val Acc: 96.36% | Best at iter 1000
  Iter 2000/50000 | Val Loss: 0.0957 | Val Acc: 97.36% | Best at iter 1900
  Iter 3000/50000 | Val Loss: 0.1054 | Val Acc: 97.06% | Best at iter 2100
  Iter 4000/50000 | Val Loss: 0.0897 | Val Acc: 97.38% | Best at iter 4000
  Iter 5000/50000 | Val Loss: 0.0867 | Val Acc: 97.34% | Best at iter 4400
  Iter 6000/50000 | Val Loss: 0.1070 | Val Acc: 97.30% | Best at iter 4400
  Iter 7000/50000 | Val Loss: 0.1206 | Val Acc: 97.36% | Best at iter 6600
  Iter 8000/50000 | Val Loss: 0.1038 | Val Acc: 97.74% | Best at iter 6600
  Iter 9000/50000 | Val Loss: 0.1093 | Val Acc: 97.70% | Best at iter 6600
  Iter 10000/50000 | Val Loss: 0.1411 | Val Acc: 96.94% | Best at iter 6600
  Iter 11000/50000 | Val Loss: 0.1311 | Val Acc: 97.20% | Best at iter 6600
  Iter 12000/50000 | Val Loss: 0.1093 | Val Acc: 98.02% | Best at iter 6600
  Iter 13000/50000 | Val Loss: 0.1400 | Val Acc: 97.50% | Best at iter 6600
  Iter 14000/50000 | Val Loss: 0.1461 | Val Acc: 97.72% | Best at iter 6600
  Iter 15000/50000 | Val Loss: 0.1545 | Val Acc: 97.72% | Best at iter 6600
  Iter 16000/50000 | Val Loss: 0.1421 | Val Acc: 97.92% | Best at iter 6600
  Iter 17000/50000 | Val Loss: 0.1371 | Val Acc: 97.42% | Best at iter 6600
  Iter 18000/50000 | Val Loss: 0.1248 | Val Acc: 97.62% | Best at iter 6600
  Iter 19000/50000 | Val Loss: 0.1736 | Val Acc: 97.46% | Best at iter 6600
  Iter 20000/50000 | Val Loss: 0.1339 | Val Acc: 97.90% | Best at iter 6600
  Iter 21000/50000 | Val Loss: 0.1474 | Val Acc: 97.82% | Best at iter 6600
  Iter 22000/50000 | Val Loss: 0.1709 | Val Acc: 97.62% | Best at iter 6600
  Iter 23000/50000 | Val Loss: 0.1881 | Val Acc: 97.48% | Best at iter 6600
  Iter 24000/50000 | Val Loss: 0.1619 | Val Acc: 97.82% | Best at iter 6600
  Iter 25000/50000 | Val Loss: 0.1668 | Val Acc: 97.84% | Best at iter 6600
  Iter 26000/50000 | Val Loss: 0.1518 | Val Acc: 97.86% | Best at iter 6600
  Iter 27000/50000 | Val Loss: 0.1932 | Val Acc: 97.70% | Best at iter 6600
  Iter 28000/50000 | Val Loss: 0.1523 | Val Acc: 98.02% | Best at iter 6600
  Iter 29000/50000 | Val Loss: 0.1752 | Val Acc: 97.82% | Best at iter 6600
  Iter 30000/50000 | Val Loss: 0.1599 | Val Acc: 98.00% | Best at iter 6600
  Iter 31000/50000 | Val Loss: 0.2038 | Val Acc: 97.70% | Best at iter 6600
  Iter 32000/50000 | Val Loss: 0.1817 | Val Acc: 97.80% | Best at iter 6600
  Iter 33000/50000 | Val Loss: 0.1802 | Val Acc: 97.76% | Best at iter 6600
  Iter 34000/50000 | Val Loss: 0.1798 | Val Acc: 98.04% | Best at iter 6600
  Iter 35000/50000 | Val Loss: 0.2068 | Val Acc: 97.80% | Best at iter 6600
  Iter 36000/50000 | Val Loss: 0.1869 | Val Acc: 98.10% | Best at iter 6600
  Iter 37000/50000 | Val Loss: 0.2256 | Val Acc: 97.80% | Best at iter 6600
  Iter 38000/50000 | Val Loss: 0.1951 | Val Acc: 97.96% | Best at iter 6600
  Iter 39000/50000 | Val Loss: 0.1711 | Val Acc: 98.10% | Best at iter 6600
  Iter 40000/50000 | Val Loss: 0.1933 | Val Acc: 97.94% | Best at iter 6600
  Iter 41000/50000 | Val Loss: 0.1965 | Val Acc: 97.90% | Best at iter 6600
  Iter 42000/50000 | Val Loss: 0.2301 | Val Acc: 97.88% | Best at iter 6600
  Iter 43000/50000 | Val Loss: 0.2008 | Val Acc: 97.88% | Best at iter 6600
  Iter 44000/50000 | Val Loss: 0.2156 | Val Acc: 97.82% | Best at iter 6600
  Iter 45000/50000 | Val Loss: 0.1987 | Val Acc: 97.98% | Best at iter 6600
  Iter 46000/50000 | Val Loss: 0.2243 | Val Acc: 97.82% | Best at iter 6600
  Iter 47000/50000 | Val Loss: 0.2195 | Val Acc: 97.84% | Best at iter 6600
  Iter 48000/50000 | Val Loss: 0.1620 | Val Acc: 98.04% | Best at iter 6600
  Iter 49000/50000 | Val Loss: 0.2269 | Val Acc: 97.90% | Best at iter 6600
  Iter 50000/50000 | Val Loss: 0.2359 | Val Acc: 97.88% | Best at iter 6600
[PRUNE] Pruning to 80.00%...
[RESET] Resetting to initial weights...

--- Round 2 (current: 80.00%) ---
[TRAIN] Training...
  Iter 1000/50000 | Val Loss: 0.1144 | Val Acc: 96.54% | Best at iter 1000
  Iter 2000/50000 | Val Loss: 0.0966 | Val Acc: 96.88% | Best at iter 1900
  Iter 3000/50000 | Val Loss: 0.0946 | Val Acc: 97.32% | Best at iter 2500
  Iter 4000/50000 | Val Loss: 0.0915 | Val Acc: 97.48% | Best at iter 3300
  Iter 5000/50000 | Val Loss: 0.1008 | Val Acc: 97.42% | Best at iter 3300
  Iter 6000/50000 | Val Loss: 0.1039 | Val Acc: 97.42% | Best at iter 3300
  Iter 7000/50000 | Val Loss: 0.1182 | Val Acc: 97.10% | Best at iter 3300
  Iter 8000/50000 | Val Loss: 0.0984 | Val Acc: 97.64% | Best at iter 7300
  Iter 9000/50000 | Val Loss: 0.1077 | Val Acc: 97.66% | Best at iter 7300
  Iter 10000/50000 | Val Loss: 0.1057 | Val Acc: 97.70% | Best at iter 7300
  Iter 11000/50000 | Val Loss: 0.1251 | Val Acc: 97.46% | Best at iter 7300
  Iter 12000/50000 | Val Loss: 0.1256 | Val Acc: 97.46% | Best at iter 7300
  Iter 13000/50000 | Val Loss: 0.1235 | Val Acc: 97.54% | Best at iter 7300
  Iter 14000/50000 | Val Loss: 0.1235 | Val Acc: 97.64% | Best at iter 7300
  Iter 15000/50000 | Val Loss: 0.1350 | Val Acc: 97.58% | Best at iter 7300
  Iter 16000/50000 | Val Loss: 0.1503 | Val Acc: 97.64% | Best at iter 7300
  Iter 17000/50000 | Val Loss: 0.1238 | Val Acc: 97.60% | Best at iter 7300
  Iter 18000/50000 | Val Loss: 0.1437 | Val Acc: 97.84% | Best at iter 7300
  Iter 19000/50000 | Val Loss: 0.1284 | Val Acc: 97.76% | Best at iter 7300
  Iter 20000/50000 | Val Loss: 0.1285 | Val Acc: 97.80% | Best at iter 7300
  Iter 21000/50000 | Val Loss: 0.1328 | Val Acc: 97.92% | Best at iter 7300
  Iter 22000/50000 | Val Loss: 0.1523 | Val Acc: 97.54% | Best at iter 7300
  Iter 23000/50000 | Val Loss: 0.1302 | Val Acc: 98.16% | Best at iter 7300
  Iter 24000/50000 | Val Loss: 0.1621 | Val Acc: 97.46% | Best at iter 7300
  Iter 25000/50000 | Val Loss: 0.1608 | Val Acc: 97.56% | Best at iter 7300
  Iter 26000/50000 | Val Loss: 0.1515 | Val Acc: 97.66% | Best at iter 7300
  Iter 27000/50000 | Val Loss: 0.1523 | Val Acc: 97.80% | Best at iter 7300
  Iter 28000/50000 | Val Loss: 0.1530 | Val Acc: 97.84% | Best at iter 7300
  Iter 29000/50000 | Val Loss: 0.1597 | Val Acc: 97.70% | Best at iter 7300
  Iter 30000/50000 | Val Loss: 0.1640 | Val Acc: 97.82% | Best at iter 7300
  Iter 31000/50000 | Val Loss: 0.1576 | Val Acc: 97.62% | Best at iter 7300
  Iter 32000/50000 | Val Loss: 0.1724 | Val Acc: 97.70% | Best at iter 7300
  Iter 33000/50000 | Val Loss: 0.1773 | Val Acc: 97.62% | Best at iter 7300
  Iter 34000/50000 | Val Loss: 0.2159 | Val Acc: 97.56% | Best at iter 7300
  Iter 35000/50000 | Val Loss: 0.1652 | Val Acc: 97.70% | Best at iter 7300
  Iter 36000/50000 | Val Loss: 0.1767 | Val Acc: 97.74% | Best at iter 7300
  Iter 37000/50000 | Val Loss: 0.1673 | Val Acc: 97.92% | Best at iter 7300
  Iter 38000/50000 | Val Loss: 0.1893 | Val Acc: 97.54% | Best at iter 7300
  Iter 39000/50000 | Val Loss: 0.1866 | Val Acc: 97.84% | Best at iter 7300
  Iter 40000/50000 | Val Loss: 0.2071 | Val Acc: 97.78% | Best at iter 7300
  Iter 41000/50000 | Val Loss: 0.1992 | Val Acc: 97.80% | Best at iter 7300
  Iter 42000/50000 | Val Loss: 0.1980 | Val Acc: 97.84% | Best at iter 7300
  Iter 43000/50000 | Val Loss: 0.2062 | Val Acc: 97.90% | Best at iter 7300
  Iter 44000/50000 | Val Loss: 0.1980 | Val Acc: 97.84% | Best at iter 7300
  Iter 45000/50000 | Val Loss: 0.2137 | Val Acc: 97.56% | Best at iter 7300
  Iter 46000/50000 | Val Loss: 0.1801 | Val Acc: 97.84% | Best at iter 7300
  Iter 47000/50000 | Val Loss: 0.1632 | Val Acc: 97.98% | Best at iter 7300
  Iter 48000/50000 | Val Loss: 0.1791 | Val Acc: 98.00% | Best at iter 7300
  Iter 49000/50000 | Val Loss: 0.2231 | Val Acc: 97.82% | Best at iter 7300
  Iter 50000/50000 | Val Loss: 0.2155 | Val Acc: 97.98% | Best at iter 7300
[PRUNE] Pruning to 64.00%...
[RESET] Resetting to initial weights...

--- Round 3 (current: 64.00%) ---
[TRAIN] Training...
  Iter 1000/50000 | Val Loss: 0.1086 | Val Acc: 96.70% | Best at iter 1000
  Iter 2000/50000 | Val Loss: 0.0840 | Val Acc: 97.62% | Best at iter 2000
  Iter 3000/50000 | Val Loss: 0.0792 | Val Acc: 97.44% | Best at iter 2800
  Iter 4000/50000 | Val Loss: 0.0787 | Val Acc: 97.62% | Best at iter 3100
  Iter 5000/50000 | Val Loss: 0.0862 | Val Acc: 97.68% | Best at iter 3100
  Iter 6000/50000 | Val Loss: 0.1082 | Val Acc: 97.22% | Best at iter 3100
  Iter 7000/50000 | Val Loss: 0.1006 | Val Acc: 97.44% | Best at iter 3100
  Iter 8000/50000 | Val Loss: 0.1128 | Val Acc: 97.42% | Best at iter 3100
  Iter 9000/50000 | Val Loss: 0.1105 | Val Acc: 97.52% | Best at iter 3100
  Iter 10000/50000 | Val Loss: 0.1045 | Val Acc: 97.52% | Best at iter 3100
  Iter 11000/50000 | Val Loss: 0.1086 | Val Acc: 97.64% | Best at iter 3100
  Iter 12000/50000 | Val Loss: 0.1133 | Val Acc: 97.66% | Best at iter 3100
  Iter 13000/50000 | Val Loss: 0.1138 | Val Acc: 97.82% | Best at iter 3100
  Iter 14000/50000 | Val Loss: 0.1600 | Val Acc: 97.42% | Best at iter 3100
  Iter 15000/50000 | Val Loss: 0.1287 | Val Acc: 97.54% | Best at iter 3100
  Iter 16000/50000 | Val Loss: 0.1282 | Val Acc: 97.64% | Best at iter 3100
  Iter 17000/50000 | Val Loss: 0.1342 | Val Acc: 97.64% | Best at iter 3100
  Iter 18000/50000 | Val Loss: 0.1437 | Val Acc: 97.64% | Best at iter 3100
  Iter 19000/50000 | Val Loss: 0.1448 | Val Acc: 97.76% | Best at iter 3100
  Iter 20000/50000 | Val Loss: 0.1863 | Val Acc: 97.30% | Best at iter 3100
  Iter 21000/50000 | Val Loss: 0.1809 | Val Acc: 97.56% | Best at iter 3100
  Iter 22000/50000 | Val Loss: 0.1758 | Val Acc: 97.52% | Best at iter 3100
  Iter 23000/50000 | Val Loss: 0.1550 | Val Acc: 97.84% | Best at iter 3100
  Iter 24000/50000 | Val Loss: 0.1588 | Val Acc: 97.88% | Best at iter 3100
  Iter 25000/50000 | Val Loss: 0.1291 | Val Acc: 97.96% | Best at iter 3100
  Iter 26000/50000 | Val Loss: 0.1546 | Val Acc: 97.72% | Best at iter 3100
  Iter 27000/50000 | Val Loss: 0.1675 | Val Acc: 97.76% | Best at iter 3100
  Iter 28000/50000 | Val Loss: 0.1500 | Val Acc: 97.82% | Best at iter 3100
  Iter 29000/50000 | Val Loss: 0.1687 | Val Acc: 97.58% | Best at iter 3100
  Iter 30000/50000 | Val Loss: 0.1667 | Val Acc: 97.58% | Best at iter 3100
  Iter 31000/50000 | Val Loss: 0.1656 | Val Acc: 97.74% | Best at iter 3100
  Iter 32000/50000 | Val Loss: 0.1513 | Val Acc: 97.86% | Best at iter 3100
  Iter 33000/50000 | Val Loss: 0.1621 | Val Acc: 97.90% | Best at iter 3100
  Iter 34000/50000 | Val Loss: 0.1671 | Val Acc: 97.90% | Best at iter 3100
  Iter 35000/50000 | Val Loss: 0.1509 | Val Acc: 98.08% | Best at iter 3100
  Iter 36000/50000 | Val Loss: 0.1946 | Val Acc: 97.72% | Best at iter 3100
  Iter 37000/50000 | Val Loss: 0.1770 | Val Acc: 97.96% | Best at iter 3100
  Iter 38000/50000 | Val Loss: 0.1782 | Val Acc: 97.88% | Best at iter 3100
  Iter 39000/50000 | Val Loss: 0.1784 | Val Acc: 97.90% | Best at iter 3100
  Iter 40000/50000 | Val Loss: 0.1745 | Val Acc: 97.82% | Best at iter 3100
  Iter 41000/50000 | Val Loss: 0.1802 | Val Acc: 97.96% | Best at iter 3100
  Iter 42000/50000 | Val Loss: 0.1953 | Val Acc: 97.78% | Best at iter 3100
  Iter 43000/50000 | Val Loss: 0.2099 | Val Acc: 97.72% | Best at iter 3100
  Iter 44000/50000 | Val Loss: 0.2045 | Val Acc: 98.04% | Best at iter 3100
  Iter 45000/50000 | Val Loss: 0.2347 | Val Acc: 97.80% | Best at iter 3100
  Iter 46000/50000 | Val Loss: 0.2372 | Val Acc: 97.88% | Best at iter 3100
  Iter 47000/50000 | Val Loss: 0.2264 | Val Acc: 97.86% | Best at iter 3100
  Iter 48000/50000 | Val Loss: 0.2435 | Val Acc: 97.86% | Best at iter 3100
  Iter 49000/50000 | Val Loss: 0.2520 | Val Acc: 97.72% | Best at iter 3100
  Iter 50000/50000 | Val Loss: 0.2164 | Val Acc: 97.90% | Best at iter 3100
[PRUNE] Pruning to 51.20%...
[RESET] Resetting to initial weights...

--- Round 4 (current: 51.20%) ---
[TRAIN] Training...
  Iter 1000/50000 | Val Loss: 0.1006 | Val Acc: 96.90% | Best at iter 1000
  Iter 2000/50000 | Val Loss: 0.0806 | Val Acc: 97.60% | Best at iter 2000
  Iter 3000/50000 | Val Loss: 0.0767 | Val Acc: 97.76% | Best at iter 3000
  Iter 4000/50000 | Val Loss: 0.0848 | Val Acc: 97.68% | Best at iter 3000
  Iter 5000/50000 | Val Loss: 0.0832 | Val Acc: 97.86% | Best at iter 3000
  Iter 6000/50000 | Val Loss: 0.0994 | Val Acc: 97.66% | Best at iter 3000
  Iter 7000/50000 | Val Loss: 0.1062 | Val Acc: 97.54% | Best at iter 3000
  Iter 8000/50000 | Val Loss: 0.1013 | Val Acc: 97.88% | Best at iter 3000
  Iter 9000/50000 | Val Loss: 0.1105 | Val Acc: 97.62% | Best at iter 3000
  Iter 10000/50000 | Val Loss: 0.1027 | Val Acc: 97.72% | Best at iter 3000
  Iter 11000/50000 | Val Loss: 0.1056 | Val Acc: 97.62% | Best at iter 3000
  Iter 12000/50000 | Val Loss: 0.1022 | Val Acc: 97.96% | Best at iter 3000
  Iter 13000/50000 | Val Loss: 0.1169 | Val Acc: 97.68% | Best at iter 3000
  Iter 14000/50000 | Val Loss: 0.1124 | Val Acc: 97.92% | Best at iter 3000
  Iter 15000/50000 | Val Loss: 0.1307 | Val Acc: 97.64% | Best at iter 3000
  Iter 16000/50000 | Val Loss: 0.1210 | Val Acc: 97.92% | Best at iter 3000
  Iter 17000/50000 | Val Loss: 0.1166 | Val Acc: 98.10% | Best at iter 3000
  Iter 18000/50000 | Val Loss: 0.1504 | Val Acc: 97.64% | Best at iter 3000
  Iter 19000/50000 | Val Loss: 0.1124 | Val Acc: 98.18% | Best at iter 3000
  Iter 20000/50000 | Val Loss: 0.1464 | Val Acc: 97.78% | Best at iter 3000
  Iter 21000/50000 | Val Loss: 0.1233 | Val Acc: 97.80% | Best at iter 3000
  Iter 22000/50000 | Val Loss: 0.1331 | Val Acc: 97.94% | Best at iter 3000
  Iter 23000/50000 | Val Loss: 0.1559 | Val Acc: 97.74% | Best at iter 3000
  Iter 24000/50000 | Val Loss: 0.1329 | Val Acc: 97.96% | Best at iter 3000
  Iter 25000/50000 | Val Loss: 0.1413 | Val Acc: 98.08% | Best at iter 3000
  Iter 26000/50000 | Val Loss: 0.1875 | Val Acc: 97.48% | Best at iter 3000
  Iter 27000/50000 | Val Loss: 0.1674 | Val Acc: 97.90% | Best at iter 3000
  Iter 28000/50000 | Val Loss: 0.1742 | Val Acc: 97.62% | Best at iter 3000
  Iter 29000/50000 | Val Loss: 0.1413 | Val Acc: 98.12% | Best at iter 3000
  Iter 30000/50000 | Val Loss: 0.1343 | Val Acc: 98.20% | Best at iter 3000
  Iter 31000/50000 | Val Loss: 0.1884 | Val Acc: 97.88% | Best at iter 3000
  Iter 32000/50000 | Val Loss: 0.1468 | Val Acc: 98.16% | Best at iter 3000
  Iter 33000/50000 | Val Loss: 0.1499 | Val Acc: 98.04% | Best at iter 3000
  Iter 34000/50000 | Val Loss: 0.1507 | Val Acc: 98.22% | Best at iter 3000
  Iter 35000/50000 | Val Loss: 0.1829 | Val Acc: 97.74% | Best at iter 3000
  Iter 36000/50000 | Val Loss: 0.1631 | Val Acc: 98.08% | Best at iter 3000
  Iter 37000/50000 | Val Loss: 0.1815 | Val Acc: 98.00% | Best at iter 3000
  Iter 38000/50000 | Val Loss: 0.1876 | Val Acc: 97.92% | Best at iter 3000
  Iter 39000/50000 | Val Loss: 0.1606 | Val Acc: 98.30% | Best at iter 3000
  Iter 40000/50000 | Val Loss: 0.1784 | Val Acc: 97.88% | Best at iter 3000
  Iter 41000/50000 | Val Loss: 0.1844 | Val Acc: 97.98% | Best at iter 3000
  Iter 42000/50000 | Val Loss: 0.1813 | Val Acc: 98.08% | Best at iter 3000
  Iter 43000/50000 | Val Loss: 0.2139 | Val Acc: 97.82% | Best at iter 3000
  Iter 44000/50000 | Val Loss: 0.1965 | Val Acc: 98.14% | Best at iter 3000
  Iter 45000/50000 | Val Loss: 0.2025 | Val Acc: 98.10% | Best at iter 3000
  Iter 46000/50000 | Val Loss: 0.1947 | Val Acc: 98.16% | Best at iter 3000
  Iter 47000/50000 | Val Loss: 0.2183 | Val Acc: 98.26% | Best at iter 3000
  Iter 48000/50000 | Val Loss: 0.2478 | Val Acc: 97.92% | Best at iter 3000
  Iter 49000/50000 | Val Loss: 0.2195 | Val Acc: 97.90% | Best at iter 3000
  Iter 50000/50000 | Val Loss: 0.2019 | Val Acc: 98.16% | Best at iter 3000
[PRUNE] Pruning to 40.96%...
[RESET] Resetting to initial weights...

--- Round 5 (current: 40.96%) ---
[TRAIN] Training...
  Iter 1000/50000 | Val Loss: 0.1088 | Val Acc: 96.98% | Best at iter 1000
  Iter 2000/50000 | Val Loss: 0.0803 | Val Acc: 97.66% | Best at iter 2000
  Iter 3000/50000 | Val Loss: 0.0851 | Val Acc: 97.52% | Best at iter 2400
  Iter 4000/50000 | Val Loss: 0.0997 | Val Acc: 97.40% | Best at iter 3800
  Iter 5000/50000 | Val Loss: 0.0943 | Val Acc: 97.44% | Best at iter 3800
  Iter 6000/50000 | Val Loss: 0.0957 | Val Acc: 97.72% | Best at iter 5600
  Iter 7000/50000 | Val Loss: 0.1084 | Val Acc: 97.44% | Best at iter 5600
  Iter 8000/50000 | Val Loss: 0.0770 | Val Acc: 97.90% | Best at iter 5600
  Iter 9000/50000 | Val Loss: 0.1018 | Val Acc: 97.86% | Best at iter 5600
  Iter 10000/50000 | Val Loss: 0.1189 | Val Acc: 97.26% | Best at iter 5600
  Iter 11000/50000 | Val Loss: 0.0945 | Val Acc: 97.96% | Best at iter 5600
  Iter 12000/50000 | Val Loss: 0.0957 | Val Acc: 98.22% | Best at iter 5600
  Iter 13000/50000 | Val Loss: 0.1199 | Val Acc: 97.76% | Best at iter 5600
  Iter 14000/50000 | Val Loss: 0.1061 | Val Acc: 98.08% | Best at iter 5600
  Iter 15000/50000 | Val Loss: 0.1175 | Val Acc: 98.12% | Best at iter 5600
  Iter 16000/50000 | Val Loss: 0.1101 | Val Acc: 98.04% | Best at iter 5600
  Iter 17000/50000 | Val Loss: 0.1289 | Val Acc: 97.70% | Best at iter 5600
  Iter 18000/50000 | Val Loss: 0.1197 | Val Acc: 97.90% | Best at iter 5600
  Iter 19000/50000 | Val Loss: 0.1225 | Val Acc: 98.10% | Best at iter 5600
  Iter 20000/50000 | Val Loss: 0.1978 | Val Acc: 97.04% | Best at iter 5600
  Iter 21000/50000 | Val Loss: 0.1186 | Val Acc: 98.02% | Best at iter 5600
  Iter 22000/50000 | Val Loss: 0.1235 | Val Acc: 98.10% | Best at iter 5600
  Iter 23000/50000 | Val Loss: 0.1155 | Val Acc: 98.12% | Best at iter 5600
  Iter 24000/50000 | Val Loss: 0.1360 | Val Acc: 97.98% | Best at iter 5600
  Iter 25000/50000 | Val Loss: 0.1565 | Val Acc: 97.76% | Best at iter 5600
  Iter 26000/50000 | Val Loss: 0.1474 | Val Acc: 97.94% | Best at iter 5600
  Iter 27000/50000 | Val Loss: 0.1314 | Val Acc: 98.00% | Best at iter 5600
  Iter 28000/50000 | Val Loss: 0.1506 | Val Acc: 98.06% | Best at iter 5600
  Iter 29000/50000 | Val Loss: 0.1440 | Val Acc: 98.04% | Best at iter 5600
  Iter 30000/50000 | Val Loss: 0.1560 | Val Acc: 98.12% | Best at iter 5600
  Iter 31000/50000 | Val Loss: 0.1750 | Val Acc: 98.02% | Best at iter 5600
  Iter 32000/50000 | Val Loss: 0.1418 | Val Acc: 98.04% | Best at iter 5600
  Iter 33000/50000 | Val Loss: 0.1750 | Val Acc: 97.86% | Best at iter 5600
  Iter 34000/50000 | Val Loss: 0.1788 | Val Acc: 97.84% | Best at iter 5600
  Iter 35000/50000 | Val Loss: 0.1910 | Val Acc: 97.90% | Best at iter 5600
  Iter 36000/50000 | Val Loss: 0.1652 | Val Acc: 98.12% | Best at iter 5600
  Iter 37000/50000 | Val Loss: 0.1536 | Val Acc: 98.16% | Best at iter 5600
  Iter 38000/50000 | Val Loss: 0.1668 | Val Acc: 98.06% | Best at iter 5600
  Iter 39000/50000 | Val Loss: 0.1763 | Val Acc: 97.98% | Best at iter 5600
  Iter 40000/50000 | Val Loss: 0.1564 | Val Acc: 98.08% | Best at iter 5600
  Iter 41000/50000 | Val Loss: 0.1902 | Val Acc: 98.18% | Best at iter 5600
  Iter 42000/50000 | Val Loss: 0.1839 | Val Acc: 97.68% | Best at iter 5600
  Iter 43000/50000 | Val Loss: 0.1878 | Val Acc: 97.86% | Best at iter 5600
  Iter 44000/50000 | Val Loss: 0.1804 | Val Acc: 97.98% | Best at iter 5600
  Iter 45000/50000 | Val Loss: 0.1994 | Val Acc: 97.76% | Best at iter 5600
  Iter 46000/50000 | Val Loss: 0.1923 | Val Acc: 98.10% | Best at iter 5600
  Iter 47000/50000 | Val Loss: 0.2284 | Val Acc: 97.74% | Best at iter 5600
  Iter 48000/50000 | Val Loss: 0.2187 | Val Acc: 97.96% | Best at iter 5600
  Iter 49000/50000 | Val Loss: 0.2142 | Val Acc: 98.04% | Best at iter 5600
  Iter 50000/50000 | Val Loss: 0.2004 | Val Acc: 98.26% | Best at iter 5600
[PRUNE] Pruning to 32.77%...
[RESET] Resetting to initial weights...

--- Round 6 (current: 32.77%) ---
[TRAIN] Training...
  Iter 1000/50000 | Val Loss: 0.0976 | Val Acc: 96.80% | Best at iter 1000
  Iter 2000/50000 | Val Loss: 0.0792 | Val Acc: 97.68% | Best at iter 1900
  Iter 3000/50000 | Val Loss: 0.0739 | Val Acc: 97.80% | Best at iter 2900
  Iter 4000/50000 | Val Loss: 0.0778 | Val Acc: 97.70% | Best at iter 3900
  Iter 5000/50000 | Val Loss: 0.0838 | Val Acc: 97.84% | Best at iter 3900
  Iter 6000/50000 | Val Loss: 0.0959 | Val Acc: 97.54% | Best at iter 3900
  Iter 7000/50000 | Val Loss: 0.1199 | Val Acc: 97.66% | Best at iter 3900
  Iter 8000/50000 | Val Loss: 0.1040 | Val Acc: 97.76% | Best at iter 3900
  Iter 9000/50000 | Val Loss: 0.1082 | Val Acc: 97.82% | Best at iter 3900
  Iter 10000/50000 | Val Loss: 0.1215 | Val Acc: 97.50% | Best at iter 3900
  Iter 11000/50000 | Val Loss: 0.1061 | Val Acc: 97.90% | Best at iter 3900
  Iter 12000/50000 | Val Loss: 0.1107 | Val Acc: 97.94% | Best at iter 3900
  Iter 13000/50000 | Val Loss: 0.1093 | Val Acc: 98.02% | Best at iter 3900
  Iter 14000/50000 | Val Loss: 0.1207 | Val Acc: 97.98% | Best at iter 3900
  Iter 15000/50000 | Val Loss: 0.1367 | Val Acc: 97.78% | Best at iter 3900
  Iter 16000/50000 | Val Loss: 0.1253 | Val Acc: 97.88% | Best at iter 3900
  Iter 17000/50000 | Val Loss: 0.1229 | Val Acc: 97.94% | Best at iter 3900
  Iter 18000/50000 | Val Loss: 0.1570 | Val Acc: 97.84% | Best at iter 3900
  Iter 19000/50000 | Val Loss: 0.1369 | Val Acc: 97.92% | Best at iter 3900
  Iter 20000/50000 | Val Loss: 0.1636 | Val Acc: 97.74% | Best at iter 3900
  Iter 21000/50000 | Val Loss: 0.1443 | Val Acc: 97.88% | Best at iter 3900
  Iter 22000/50000 | Val Loss: 0.1563 | Val Acc: 97.74% | Best at iter 3900
  Iter 23000/50000 | Val Loss: 0.1735 | Val Acc: 97.78% | Best at iter 3900
  Iter 24000/50000 | Val Loss: 0.1519 | Val Acc: 97.88% | Best at iter 3900
  Iter 25000/50000 | Val Loss: 0.1776 | Val Acc: 97.66% | Best at iter 3900
  Iter 26000/50000 | Val Loss: 0.1881 | Val Acc: 97.96% | Best at iter 3900
  Iter 27000/50000 | Val Loss: 0.1697 | Val Acc: 98.04% | Best at iter 3900
  Iter 28000/50000 | Val Loss: 0.1786 | Val Acc: 97.86% | Best at iter 3900
  Iter 29000/50000 | Val Loss: 0.1906 | Val Acc: 97.58% | Best at iter 3900
  Iter 30000/50000 | Val Loss: 0.1405 | Val Acc: 98.10% | Best at iter 3900
  Iter 31000/50000 | Val Loss: 0.1781 | Val Acc: 97.60% | Best at iter 3900
  Iter 32000/50000 | Val Loss: 0.1742 | Val Acc: 97.68% | Best at iter 3900
  Iter 33000/50000 | Val Loss: 0.1700 | Val Acc: 98.12% | Best at iter 3900
  Iter 34000/50000 | Val Loss: 0.1582 | Val Acc: 98.00% | Best at iter 3900
  Iter 35000/50000 | Val Loss: 0.1788 | Val Acc: 97.96% | Best at iter 3900
  Iter 36000/50000 | Val Loss: 0.1874 | Val Acc: 97.98% | Best at iter 3900
  Iter 37000/50000 | Val Loss: 0.1573 | Val Acc: 98.36% | Best at iter 3900
  Iter 38000/50000 | Val Loss: 0.2007 | Val Acc: 97.76% | Best at iter 3900
  Iter 39000/50000 | Val Loss: 0.1854 | Val Acc: 98.00% | Best at iter 3900
  Iter 40000/50000 | Val Loss: 0.1965 | Val Acc: 97.88% | Best at iter 3900
  Iter 41000/50000 | Val Loss: 0.1861 | Val Acc: 97.84% | Best at iter 3900
  Iter 42000/50000 | Val Loss: 0.1995 | Val Acc: 97.90% | Best at iter 3900
  Iter 43000/50000 | Val Loss: 0.1720 | Val Acc: 98.12% | Best at iter 3900
  Iter 44000/50000 | Val Loss: 0.1915 | Val Acc: 97.82% | Best at iter 3900
  Iter 45000/50000 | Val Loss: 0.1949 | Val Acc: 98.04% | Best at iter 3900
  Iter 46000/50000 | Val Loss: 0.1700 | Val Acc: 98.14% | Best at iter 3900
  Iter 47000/50000 | Val Loss: 0.2000 | Val Acc: 98.12% | Best at iter 3900
  Iter 48000/50000 | Val Loss: 0.2552 | Val Acc: 97.72% | Best at iter 3900
  Iter 49000/50000 | Val Loss: 0.1871 | Val Acc: 98.12% | Best at iter 3900
  Iter 50000/50000 | Val Loss: 0.2177 | Val Acc: 98.12% | Best at iter 3900
[PRUNE] Pruning to 26.21%...
[RESET] Resetting to initial weights...

==================================================
FINAL TRAINING at 26.21%
==================================================
  Iter 1000/50000 | Val Loss: 0.0905 | Val Acc: 97.08% | Best at iter 1000
  Iter 2000/50000 | Val Loss: 0.0706 | Val Acc: 97.88% | Best at iter 1800
  Iter 3000/50000 | Val Loss: 0.0810 | Val Acc: 97.38% | Best at iter 2100
  Iter 4000/50000 | Val Loss: 0.0803 | Val Acc: 97.84% | Best at iter 2100
  Iter 5000/50000 | Val Loss: 0.0705 | Val Acc: 98.04% | Best at iter 2100
  Iter 6000/50000 | Val Loss: 0.0818 | Val Acc: 98.06% | Best at iter 2100
  Iter 7000/50000 | Val Loss: 0.0926 | Val Acc: 97.88% | Best at iter 2100
  Iter 8000/50000 | Val Loss: 0.1008 | Val Acc: 97.86% | Best at iter 2100
  Iter 9000/50000 | Val Loss: 0.0914 | Val Acc: 97.92% | Best at iter 2100
  Iter 10000/50000 | Val Loss: 0.1082 | Val Acc: 97.44% | Best at iter 2100
  Iter 11000/50000 | Val Loss: 0.1241 | Val Acc: 97.76% | Best at iter 2100
  Iter 12000/50000 | Val Loss: 0.1089 | Val Acc: 97.94% | Best at iter 2100
  Iter 13000/50000 | Val Loss: 0.0965 | Val Acc: 97.96% | Best at iter 2100
  Iter 14000/50000 | Val Loss: 0.1237 | Val Acc: 97.90% | Best at iter 2100
  Iter 15000/50000 | Val Loss: 0.1318 | Val Acc: 97.88% | Best at iter 2100
  Iter 16000/50000 | Val Loss: 0.1448 | Val Acc: 97.78% | Best at iter 2100
  Iter 17000/50000 | Val Loss: 0.1458 | Val Acc: 97.94% | Best at iter 2100
  Iter 18000/50000 | Val Loss: 0.1198 | Val Acc: 98.10% | Best at iter 2100
  Iter 19000/50000 | Val Loss: 0.1467 | Val Acc: 97.70% | Best at iter 2100
  Iter 20000/50000 | Val Loss: 0.1332 | Val Acc: 98.04% | Best at iter 2100
  Iter 21000/50000 | Val Loss: 0.1513 | Val Acc: 97.86% | Best at iter 2100
  Iter 22000/50000 | Val Loss: 0.1504 | Val Acc: 97.74% | Best at iter 2100
  Iter 23000/50000 | Val Loss: 0.1402 | Val Acc: 97.98% | Best at iter 2100
  Iter 24000/50000 | Val Loss: 0.1328 | Val Acc: 97.84% | Best at iter 2100
  Iter 25000/50000 | Val Loss: 0.1687 | Val Acc: 97.72% | Best at iter 2100
  Iter 26000/50000 | Val Loss: 0.1505 | Val Acc: 98.10% | Best at iter 2100
  Iter 27000/50000 | Val Loss: 0.1793 | Val Acc: 98.08% | Best at iter 2100
  Iter 28000/50000 | Val Loss: 0.1793 | Val Acc: 98.04% | Best at iter 2100
  Iter 29000/50000 | Val Loss: 0.1969 | Val Acc: 97.96% | Best at iter 2100
  Iter 30000/50000 | Val Loss: 0.1585 | Val Acc: 98.04% | Best at iter 2100
  Iter 31000/50000 | Val Loss: 0.1746 | Val Acc: 97.94% | Best at iter 2100
  Iter 32000/50000 | Val Loss: 0.1999 | Val Acc: 97.68% | Best at iter 2100
  Iter 33000/50000 | Val Loss: 0.1834 | Val Acc: 97.50% | Best at iter 2100
  Iter 34000/50000 | Val Loss: 0.1582 | Val Acc: 98.00% | Best at iter 2100
  Iter 35000/50000 | Val Loss: 0.1898 | Val Acc: 97.76% | Best at iter 2100
  Iter 36000/50000 | Val Loss: 0.1814 | Val Acc: 98.12% | Best at iter 2100
  Iter 37000/50000 | Val Loss: 0.1820 | Val Acc: 98.02% | Best at iter 2100
  Iter 38000/50000 | Val Loss: 0.1847 | Val Acc: 97.98% | Best at iter 2100
  Iter 39000/50000 | Val Loss: 0.2197 | Val Acc: 97.70% | Best at iter 2100
  Iter 40000/50000 | Val Loss: 0.2120 | Val Acc: 97.94% | Best at iter 2100
  Iter 41000/50000 | Val Loss: 0.2205 | Val Acc: 97.64% | Best at iter 2100
  Iter 42000/50000 | Val Loss: 0.2186 | Val Acc: 97.92% | Best at iter 2100
  Iter 43000/50000 | Val Loss: 0.1950 | Val Acc: 98.14% | Best at iter 2100
  Iter 44000/50000 | Val Loss: 0.2026 | Val Acc: 98.00% | Best at iter 2100
  Iter 45000/50000 | Val Loss: 0.2196 | Val Acc: 97.82% | Best at iter 2100
  Iter 46000/50000 | Val Loss: 0.2001 | Val Acc: 97.96% | Best at iter 2100
  Iter 47000/50000 | Val Loss: 0.2091 | Val Acc: 97.84% | Best at iter 2100
  Iter 48000/50000 | Val Loss: 0.2321 | Val Acc: 97.86% | Best at iter 2100
  Iter 49000/50000 | Val Loss: 0.2238 | Val Acc: 97.96% | Best at iter 2100
  Iter 50000/50000 | Val Loss: 0.2551 | Val Acc: 97.82% | Best at iter 2100

──────────────────────────────────────────────────────────────────────
Early stop: iteration 2100
Val loss at early stop: 0.0666
Test accuracy at early stop: 98.12%
──────────────────────────────────────────────────────────────────────

======================================================================
Iterative Winning Ticket
Sparsity: 26.2% | Trial: 2/3
======================================================================
[1] Saving initial weights...

--- Round 1 (current: 100.00%) ---
[TRAIN] Training...
  Iter 1000/50000 | Val Loss: 0.1226 | Val Acc: 96.30% | Best at iter 1000
  Iter 2000/50000 | Val Loss: 0.1048 | Val Acc: 96.92% | Best at iter 1800
  Iter 3000/50000 | Val Loss: 0.0833 | Val Acc: 97.48% | Best at iter 3000
  Iter 4000/50000 | Val Loss: 0.0945 | Val Acc: 97.64% | Best at iter 3000
  Iter 5000/50000 | Val Loss: 0.0868 | Val Acc: 97.86% | Best at iter 3000
  Iter 6000/50000 | Val Loss: 0.1123 | Val Acc: 97.32% | Best at iter 5100
  Iter 7000/50000 | Val Loss: 0.0984 | Val Acc: 97.70% | Best at iter 5100
  Iter 8000/50000 | Val Loss: 0.1051 | Val Acc: 97.60% | Best at iter 5100
  Iter 9000/50000 | Val Loss: 0.1596 | Val Acc: 96.42% | Best at iter 5100
  Iter 10000/50000 | Val Loss: 0.1231 | Val Acc: 97.30% | Best at iter 5100
  Iter 11000/50000 | Val Loss: 0.1028 | Val Acc: 97.92% | Best at iter 5100
  Iter 12000/50000 | Val Loss: 0.1114 | Val Acc: 97.88% | Best at iter 5100
  Iter 13000/50000 | Val Loss: 0.1096 | Val Acc: 97.78% | Best at iter 5100
  Iter 14000/50000 | Val Loss: 0.1043 | Val Acc: 98.12% | Best at iter 5100
  Iter 15000/50000 | Val Loss: 0.1104 | Val Acc: 97.96% | Best at iter 5100
  Iter 16000/50000 | Val Loss: 0.1271 | Val Acc: 97.68% | Best at iter 5100
  Iter 17000/50000 | Val Loss: 0.1299 | Val Acc: 97.56% | Best at iter 5100
  Iter 18000/50000 | Val Loss: 0.1502 | Val Acc: 97.86% | Best at iter 5100
  Iter 19000/50000 | Val Loss: 0.1387 | Val Acc: 97.94% | Best at iter 5100
  Iter 20000/50000 | Val Loss: 0.1292 | Val Acc: 97.72% | Best at iter 5100
  Iter 21000/50000 | Val Loss: 0.1520 | Val Acc: 97.58% | Best at iter 5100
  Iter 22000/50000 | Val Loss: 0.1457 | Val Acc: 97.84% | Best at iter 5100
  Iter 23000/50000 | Val Loss: 0.1437 | Val Acc: 97.82% | Best at iter 5100
  Iter 24000/50000 | Val Loss: 0.1547 | Val Acc: 97.90% | Best at iter 5100
  Iter 25000/50000 | Val Loss: 0.1364 | Val Acc: 97.80% | Best at iter 5100
  Iter 26000/50000 | Val Loss: 0.1539 | Val Acc: 97.64% | Best at iter 5100
  Iter 27000/50000 | Val Loss: 0.1502 | Val Acc: 97.60% | Best at iter 5100
  Iter 28000/50000 | Val Loss: 0.1750 | Val Acc: 97.56% | Best at iter 5100
  Iter 29000/50000 | Val Loss: 0.1579 | Val Acc: 97.88% | Best at iter 5100
  Iter 30000/50000 | Val Loss: 0.1753 | Val Acc: 97.62% | Best at iter 5100
  Iter 31000/50000 | Val Loss: 0.1489 | Val Acc: 97.82% | Best at iter 5100
  Iter 32000/50000 | Val Loss: 0.1625 | Val Acc: 98.00% | Best at iter 5100
  Iter 33000/50000 | Val Loss: 0.1785 | Val Acc: 97.82% | Best at iter 5100
  Iter 34000/50000 | Val Loss: 0.1960 | Val Acc: 97.46% | Best at iter 5100
  Iter 35000/50000 | Val Loss: 0.1894 | Val Acc: 97.96% | Best at iter 5100
  Iter 36000/50000 | Val Loss: 0.2190 | Val Acc: 97.72% | Best at iter 5100
  Iter 37000/50000 | Val Loss: 0.1631 | Val Acc: 98.12% | Best at iter 5100
  Iter 38000/50000 | Val Loss: 0.1847 | Val Acc: 97.68% | Best at iter 5100
  Iter 39000/50000 | Val Loss: 0.1731 | Val Acc: 97.96% | Best at iter 5100
  Iter 40000/50000 | Val Loss: 0.2168 | Val Acc: 97.64% | Best at iter 5100
  Iter 41000/50000 | Val Loss: 0.1908 | Val Acc: 98.12% | Best at iter 5100
  Iter 42000/50000 | Val Loss: 0.1830 | Val Acc: 97.92% | Best at iter 5100
  Iter 43000/50000 | Val Loss: 0.2121 | Val Acc: 97.80% | Best at iter 5100
  Iter 44000/50000 | Val Loss: 0.2261 | Val Acc: 98.00% | Best at iter 5100
  Iter 45000/50000 | Val Loss: 0.2319 | Val Acc: 97.90% | Best at iter 5100
  Iter 46000/50000 | Val Loss: 0.2061 | Val Acc: 97.92% | Best at iter 5100
  Iter 47000/50000 | Val Loss: 0.2018 | Val Acc: 97.88% | Best at iter 5100
  Iter 48000/50000 | Val Loss: 0.2012 | Val Acc: 97.86% | Best at iter 5100
  Iter 49000/50000 | Val Loss: 0.2291 | Val Acc: 98.12% | Best at iter 5100
  Iter 50000/50000 | Val Loss: 0.1718 | Val Acc: 98.06% | Best at iter 5100
[PRUNE] Pruning to 80.00%...
[RESET] Resetting to initial weights...

--- Round 2 (current: 80.00%) ---
[TRAIN] Training...
  Iter 1000/50000 | Val Loss: 0.1089 | Val Acc: 96.70% | Best at iter 1000
  Iter 2000/50000 | Val Loss: 0.0934 | Val Acc: 96.92% | Best at iter 2000
  Iter 3000/50000 | Val Loss: 0.0829 | Val Acc: 97.74% | Best at iter 2900
  Iter 4000/50000 | Val Loss: 0.0912 | Val Acc: 97.42% | Best at iter 3900
  Iter 5000/50000 | Val Loss: 0.1161 | Val Acc: 97.04% | Best at iter 3900
  Iter 6000/50000 | Val Loss: 0.0813 | Val Acc: 97.94% | Best at iter 3900
  Iter 7000/50000 | Val Loss: 0.1110 | Val Acc: 97.44% | Best at iter 3900
  Iter 8000/50000 | Val Loss: 0.0938 | Val Acc: 97.74% | Best at iter 3900
  Iter 9000/50000 | Val Loss: 0.0961 | Val Acc: 97.70% | Best at iter 3900
  Iter 10000/50000 | Val Loss: 0.1147 | Val Acc: 97.40% | Best at iter 3900
  Iter 11000/50000 | Val Loss: 0.1302 | Val Acc: 97.38% | Best at iter 3900
  Iter 12000/50000 | Val Loss: 0.1079 | Val Acc: 97.88% | Best at iter 3900
  Iter 13000/50000 | Val Loss: 0.1146 | Val Acc: 97.64% | Best at iter 3900
  Iter 14000/50000 | Val Loss: 0.0892 | Val Acc: 98.00% | Best at iter 3900
  Iter 15000/50000 | Val Loss: 0.1345 | Val Acc: 97.68% | Best at iter 3900
  Iter 16000/50000 | Val Loss: 0.1133 | Val Acc: 97.92% | Best at iter 3900
  Iter 17000/50000 | Val Loss: 0.1354 | Val Acc: 97.66% | Best at iter 3900
  Iter 18000/50000 | Val Loss: 0.1241 | Val Acc: 97.80% | Best at iter 3900
  Iter 19000/50000 | Val Loss: 0.1499 | Val Acc: 97.62% | Best at iter 3900
  Iter 20000/50000 | Val Loss: 0.1477 | Val Acc: 97.68% | Best at iter 3900
  Iter 21000/50000 | Val Loss: 0.1322 | Val Acc: 97.72% | Best at iter 3900
  Iter 22000/50000 | Val Loss: 0.1533 | Val Acc: 97.74% | Best at iter 3900
  Iter 23000/50000 | Val Loss: 0.1478 | Val Acc: 97.80% | Best at iter 3900
  Iter 24000/50000 | Val Loss: 0.1495 | Val Acc: 98.08% | Best at iter 3900
  Iter 25000/50000 | Val Loss: 0.1368 | Val Acc: 98.10% | Best at iter 3900
  Iter 26000/50000 | Val Loss: 0.1770 | Val Acc: 97.72% | Best at iter 3900
  Iter 27000/50000 | Val Loss: 0.1610 | Val Acc: 97.94% | Best at iter 3900
  Iter 28000/50000 | Val Loss: 0.2178 | Val Acc: 97.62% | Best at iter 3900
  Iter 29000/50000 | Val Loss: 0.1488 | Val Acc: 98.00% | Best at iter 3900
  Iter 30000/50000 | Val Loss: 0.1610 | Val Acc: 97.88% | Best at iter 3900
  Iter 31000/50000 | Val Loss: 0.1720 | Val Acc: 97.84% | Best at iter 3900
  Iter 32000/50000 | Val Loss: 0.1573 | Val Acc: 97.86% | Best at iter 3900
  Iter 33000/50000 | Val Loss: 0.1671 | Val Acc: 97.96% | Best at iter 3900
  Iter 34000/50000 | Val Loss: 0.1570 | Val Acc: 97.92% | Best at iter 3900
  Iter 35000/50000 | Val Loss: 0.1736 | Val Acc: 97.94% | Best at iter 3900
  Iter 36000/50000 | Val Loss: 0.1725 | Val Acc: 98.00% | Best at iter 3900
  Iter 37000/50000 | Val Loss: 0.2016 | Val Acc: 97.86% | Best at iter 3900
  Iter 38000/50000 | Val Loss: 0.2017 | Val Acc: 97.98% | Best at iter 3900
  Iter 39000/50000 | Val Loss: 0.2401 | Val Acc: 97.36% | Best at iter 3900
  Iter 40000/50000 | Val Loss: 0.1895 | Val Acc: 97.74% | Best at iter 3900
  Iter 41000/50000 | Val Loss: 0.1737 | Val Acc: 97.92% | Best at iter 3900
  Iter 42000/50000 | Val Loss: 0.1671 | Val Acc: 98.02% | Best at iter 3900
  Iter 43000/50000 | Val Loss: 0.1792 | Val Acc: 97.96% | Best at iter 3900
  Iter 44000/50000 | Val Loss: 0.2078 | Val Acc: 97.98% | Best at iter 3900
  Iter 45000/50000 | Val Loss: 0.1938 | Val Acc: 98.24% | Best at iter 3900
  Iter 46000/50000 | Val Loss: 0.1837 | Val Acc: 98.04% | Best at iter 3900
  Iter 47000/50000 | Val Loss: 0.1761 | Val Acc: 97.98% | Best at iter 3900
  Iter 48000/50000 | Val Loss: 0.2115 | Val Acc: 97.70% | Best at iter 3900
  Iter 49000/50000 | Val Loss: 0.2234 | Val Acc: 97.90% | Best at iter 3900
  Iter 50000/50000 | Val Loss: 0.2236 | Val Acc: 97.68% | Best at iter 3900
[PRUNE] Pruning to 64.00%...
[RESET] Resetting to initial weights...

--- Round 3 (current: 64.00%) ---
[TRAIN] Training...
  Iter 1000/50000 | Val Loss: 0.1047 | Val Acc: 96.84% | Best at iter 1000
  Iter 2000/50000 | Val Loss: 0.0817 | Val Acc: 97.32% | Best at iter 2000
  Iter 3000/50000 | Val Loss: 0.0896 | Val Acc: 97.36% | Best at iter 2300
  Iter 4000/50000 | Val Loss: 0.0971 | Val Acc: 97.50% | Best at iter 3300
  Iter 5000/50000 | Val Loss: 0.0894 | Val Acc: 97.62% | Best at iter 4800
  Iter 6000/50000 | Val Loss: 0.0848 | Val Acc: 97.98% | Best at iter 4800
  Iter 7000/50000 | Val Loss: 0.1203 | Val Acc: 96.88% | Best at iter 4800
  Iter 8000/50000 | Val Loss: 0.0993 | Val Acc: 97.62% | Best at iter 4800
  Iter 9000/50000 | Val Loss: 0.1166 | Val Acc: 97.60% | Best at iter 4800
  Iter 10000/50000 | Val Loss: 0.1029 | Val Acc: 97.94% | Best at iter 4800
  Iter 11000/50000 | Val Loss: 0.1137 | Val Acc: 97.66% | Best at iter 4800
  Iter 12000/50000 | Val Loss: 0.1401 | Val Acc: 97.60% | Best at iter 4800
  Iter 13000/50000 | Val Loss: 0.1297 | Val Acc: 97.50% | Best at iter 4800
  Iter 14000/50000 | Val Loss: 0.1235 | Val Acc: 97.88% | Best at iter 4800
  Iter 15000/50000 | Val Loss: 0.1190 | Val Acc: 97.94% | Best at iter 4800
  Iter 16000/50000 | Val Loss: 0.1683 | Val Acc: 97.40% | Best at iter 4800
  Iter 17000/50000 | Val Loss: 0.1347 | Val Acc: 97.68% | Best at iter 4800
  Iter 18000/50000 | Val Loss: 0.1875 | Val Acc: 97.44% | Best at iter 4800
  Iter 19000/50000 | Val Loss: 0.1683 | Val Acc: 97.66% | Best at iter 4800
  Iter 20000/50000 | Val Loss: 0.1587 | Val Acc: 97.66% | Best at iter 4800
  Iter 21000/50000 | Val Loss: 0.1580 | Val Acc: 97.50% | Best at iter 4800
  Iter 22000/50000 | Val Loss: 0.1672 | Val Acc: 97.60% | Best at iter 4800
  Iter 23000/50000 | Val Loss: 0.1706 | Val Acc: 97.80% | Best at iter 4800
  Iter 24000/50000 | Val Loss: 0.1841 | Val Acc: 97.76% | Best at iter 4800
  Iter 25000/50000 | Val Loss: 0.1590 | Val Acc: 97.60% | Best at iter 4800
  Iter 26000/50000 | Val Loss: 0.1713 | Val Acc: 97.70% | Best at iter 4800
  Iter 27000/50000 | Val Loss: 0.1729 | Val Acc: 97.70% | Best at iter 4800
  Iter 28000/50000 | Val Loss: 0.1931 | Val Acc: 97.74% | Best at iter 4800
  Iter 29000/50000 | Val Loss: 0.1531 | Val Acc: 98.14% | Best at iter 4800
  Iter 30000/50000 | Val Loss: 0.1634 | Val Acc: 97.90% | Best at iter 4800
  Iter 31000/50000 | Val Loss: 0.1771 | Val Acc: 97.94% | Best at iter 4800
  Iter 32000/50000 | Val Loss: 0.1854 | Val Acc: 97.92% | Best at iter 4800
  Iter 33000/50000 | Val Loss: 0.2084 | Val Acc: 97.74% | Best at iter 4800
  Iter 34000/50000 | Val Loss: 0.2042 | Val Acc: 97.78% | Best at iter 4800
  Iter 35000/50000 | Val Loss: 0.2067 | Val Acc: 97.92% | Best at iter 4800
  Iter 36000/50000 | Val Loss: 0.1936 | Val Acc: 98.16% | Best at iter 4800
  Iter 37000/50000 | Val Loss: 0.1891 | Val Acc: 98.06% | Best at iter 4800
  Iter 38000/50000 | Val Loss: 0.1836 | Val Acc: 97.92% | Best at iter 4800
  Iter 39000/50000 | Val Loss: 0.1981 | Val Acc: 97.82% | Best at iter 4800
  Iter 40000/50000 | Val Loss: 0.2085 | Val Acc: 97.88% | Best at iter 4800
  Iter 41000/50000 | Val Loss: 0.2068 | Val Acc: 97.82% | Best at iter 4800
  Iter 42000/50000 | Val Loss: 0.1955 | Val Acc: 98.08% | Best at iter 4800
  Iter 43000/50000 | Val Loss: 0.2226 | Val Acc: 97.90% | Best at iter 4800
  Iter 44000/50000 | Val Loss: 0.2102 | Val Acc: 97.84% | Best at iter 4800
  Iter 45000/50000 | Val Loss: 0.2215 | Val Acc: 97.80% | Best at iter 4800
  Iter 46000/50000 | Val Loss: 0.1949 | Val Acc: 97.82% | Best at iter 4800
  Iter 47000/50000 | Val Loss: 0.2100 | Val Acc: 97.86% | Best at iter 4800
  Iter 48000/50000 | Val Loss: 0.1964 | Val Acc: 97.96% | Best at iter 4800
  Iter 49000/50000 | Val Loss: 0.2437 | Val Acc: 97.98% | Best at iter 4800
  Iter 50000/50000 | Val Loss: 0.2580 | Val Acc: 97.84% | Best at iter 4800
[PRUNE] Pruning to 51.20%...
[RESET] Resetting to initial weights...

--- Round 4 (current: 51.20%) ---
[TRAIN] Training...
  Iter 1000/50000 | Val Loss: 0.1149 | Val Acc: 96.66% | Best at iter 900
  Iter 2000/50000 | Val Loss: 0.0941 | Val Acc: 97.02% | Best at iter 1900
  Iter 3000/50000 | Val Loss: 0.0887 | Val Acc: 97.44% | Best at iter 1900
  Iter 4000/50000 | Val Loss: 0.0854 | Val Acc: 97.66% | Best at iter 3800
  Iter 5000/50000 | Val Loss: 0.0853 | Val Acc: 97.76% | Best at iter 3800
  Iter 6000/50000 | Val Loss: 0.1003 | Val Acc: 97.52% | Best at iter 3800
  Iter 7000/50000 | Val Loss: 0.0889 | Val Acc: 97.74% | Best at iter 3800
  Iter 8000/50000 | Val Loss: 0.1088 | Val Acc: 97.48% | Best at iter 3800
  Iter 9000/50000 | Val Loss: 0.1019 | Val Acc: 97.70% | Best at iter 3800
  Iter 10000/50000 | Val Loss: 0.1240 | Val Acc: 97.64% | Best at iter 3800
  Iter 11000/50000 | Val Loss: 0.1142 | Val Acc: 97.80% | Best at iter 3800
  Iter 12000/50000 | Val Loss: 0.1223 | Val Acc: 97.74% | Best at iter 3800
  Iter 13000/50000 | Val Loss: 0.1074 | Val Acc: 98.08% | Best at iter 3800
  Iter 14000/50000 | Val Loss: 0.1260 | Val Acc: 97.76% | Best at iter 3800
  Iter 15000/50000 | Val Loss: 0.1237 | Val Acc: 97.96% | Best at iter 3800
  Iter 16000/50000 | Val Loss: 0.1356 | Val Acc: 97.74% | Best at iter 3800
  Iter 17000/50000 | Val Loss: 0.1521 | Val Acc: 97.72% | Best at iter 3800
  Iter 18000/50000 | Val Loss: 0.1700 | Val Acc: 97.58% | Best at iter 3800
  Iter 19000/50000 | Val Loss: 0.1673 | Val Acc: 97.34% | Best at iter 3800
  Iter 20000/50000 | Val Loss: 0.1371 | Val Acc: 98.12% | Best at iter 3800
  Iter 21000/50000 | Val Loss: 0.1444 | Val Acc: 97.82% | Best at iter 3800
  Iter 22000/50000 | Val Loss: 0.1704 | Val Acc: 97.50% | Best at iter 3800
  Iter 23000/50000 | Val Loss: 0.1287 | Val Acc: 98.02% | Best at iter 3800
  Iter 24000/50000 | Val Loss: 0.1370 | Val Acc: 97.98% | Best at iter 3800
  Iter 25000/50000 | Val Loss: 0.1794 | Val Acc: 97.70% | Best at iter 3800
  Iter 26000/50000 | Val Loss: 0.1783 | Val Acc: 97.72% | Best at iter 3800
  Iter 27000/50000 | Val Loss: 0.1664 | Val Acc: 97.66% | Best at iter 3800
  Iter 28000/50000 | Val Loss: 0.1507 | Val Acc: 97.88% | Best at iter 3800
  Iter 29000/50000 | Val Loss: 0.2053 | Val Acc: 97.22% | Best at iter 3800
  Iter 30000/50000 | Val Loss: 0.1637 | Val Acc: 97.90% | Best at iter 3800
  Iter 31000/50000 | Val Loss: 0.1591 | Val Acc: 97.92% | Best at iter 3800
  Iter 32000/50000 | Val Loss: 0.1530 | Val Acc: 97.98% | Best at iter 3800
  Iter 33000/50000 | Val Loss: 0.1849 | Val Acc: 97.80% | Best at iter 3800
  Iter 34000/50000 | Val Loss: 0.1656 | Val Acc: 97.92% | Best at iter 3800
  Iter 35000/50000 | Val Loss: 0.1632 | Val Acc: 98.12% | Best at iter 3800
  Iter 36000/50000 | Val Loss: 0.1772 | Val Acc: 97.76% | Best at iter 3800
  Iter 37000/50000 | Val Loss: 0.1934 | Val Acc: 97.78% | Best at iter 3800
  Iter 38000/50000 | Val Loss: 0.1724 | Val Acc: 97.70% | Best at iter 3800
  Iter 39000/50000 | Val Loss: 0.1856 | Val Acc: 98.08% | Best at iter 3800
  Iter 40000/50000 | Val Loss: 0.1936 | Val Acc: 97.68% | Best at iter 3800
  Iter 41000/50000 | Val Loss: 0.1738 | Val Acc: 97.98% | Best at iter 3800
  Iter 42000/50000 | Val Loss: 0.1986 | Val Acc: 97.80% | Best at iter 3800
  Iter 43000/50000 | Val Loss: 0.2463 | Val Acc: 97.52% | Best at iter 3800
  Iter 44000/50000 | Val Loss: 0.2115 | Val Acc: 97.68% | Best at iter 3800
  Iter 45000/50000 | Val Loss: 0.2331 | Val Acc: 97.88% | Best at iter 3800
  Iter 46000/50000 | Val Loss: 0.2023 | Val Acc: 97.82% | Best at iter 3800
  Iter 47000/50000 | Val Loss: 0.2284 | Val Acc: 97.90% | Best at iter 3800
  Iter 48000/50000 | Val Loss: 0.2428 | Val Acc: 97.52% | Best at iter 3800
  Iter 49000/50000 | Val Loss: 0.2132 | Val Acc: 97.92% | Best at iter 3800
  Iter 50000/50000 | Val Loss: 0.2145 | Val Acc: 97.96% | Best at iter 3800
[PRUNE] Pruning to 40.96%...
[RESET] Resetting to initial weights...

--- Round 5 (current: 40.96%) ---
[TRAIN] Training...
  Iter 1000/50000 | Val Loss: 0.0940 | Val Acc: 97.26% | Best at iter 1000
  Iter 2000/50000 | Val Loss: 0.0828 | Val Acc: 97.34% | Best at iter 1900
  Iter 3000/50000 | Val Loss: 0.0815 | Val Acc: 97.32% | Best at iter 2800
  Iter 4000/50000 | Val Loss: 0.0811 | Val Acc: 97.64% | Best at iter 2800
  Iter 5000/50000 | Val Loss: 0.0810 | Val Acc: 97.88% | Best at iter 2800
  Iter 6000/50000 | Val Loss: 0.0839 | Val Acc: 97.72% | Best at iter 2800
  Iter 7000/50000 | Val Loss: 0.0878 | Val Acc: 97.94% | Best at iter 2800
  Iter 8000/50000 | Val Loss: 0.0957 | Val Acc: 97.72% | Best at iter 2800
  Iter 9000/50000 | Val Loss: 0.1087 | Val Acc: 97.56% | Best at iter 2800
  Iter 10000/50000 | Val Loss: 0.1237 | Val Acc: 97.50% | Best at iter 2800
  Iter 11000/50000 | Val Loss: 0.0988 | Val Acc: 98.06% | Best at iter 2800
  Iter 12000/50000 | Val Loss: 0.0984 | Val Acc: 97.94% | Best at iter 2800
  Iter 13000/50000 | Val Loss: 0.1107 | Val Acc: 97.58% | Best at iter 2800
  Iter 14000/50000 | Val Loss: 0.1112 | Val Acc: 97.98% | Best at iter 2800
  Iter 15000/50000 | Val Loss: 0.1399 | Val Acc: 97.36% | Best at iter 2800
  Iter 16000/50000 | Val Loss: 0.1313 | Val Acc: 97.82% | Best at iter 2800
  Iter 17000/50000 | Val Loss: 0.1228 | Val Acc: 98.02% | Best at iter 2800
  Iter 18000/50000 | Val Loss: 0.1209 | Val Acc: 98.04% | Best at iter 2800
  Iter 19000/50000 | Val Loss: 0.1358 | Val Acc: 97.82% | Best at iter 2800
  Iter 20000/50000 | Val Loss: 0.1399 | Val Acc: 97.60% | Best at iter 2800
  Iter 21000/50000 | Val Loss: 0.1193 | Val Acc: 98.00% | Best at iter 2800
  Iter 22000/50000 | Val Loss: 0.1304 | Val Acc: 97.82% | Best at iter 2800
  Iter 23000/50000 | Val Loss: 0.1483 | Val Acc: 97.94% | Best at iter 2800
  Iter 24000/50000 | Val Loss: 0.1388 | Val Acc: 97.96% | Best at iter 2800
  Iter 25000/50000 | Val Loss: 0.1643 | Val Acc: 97.68% | Best at iter 2800
  Iter 26000/50000 | Val Loss: 0.1708 | Val Acc: 97.58% | Best at iter 2800
  Iter 27000/50000 | Val Loss: 0.1594 | Val Acc: 97.94% | Best at iter 2800
  Iter 28000/50000 | Val Loss: 0.1593 | Val Acc: 97.88% | Best at iter 2800
  Iter 29000/50000 | Val Loss: 0.1647 | Val Acc: 97.96% | Best at iter 2800
  Iter 30000/50000 | Val Loss: 0.1751 | Val Acc: 97.84% | Best at iter 2800
  Iter 31000/50000 | Val Loss: 0.1698 | Val Acc: 97.88% | Best at iter 2800
  Iter 32000/50000 | Val Loss: 0.1626 | Val Acc: 97.92% | Best at iter 2800
  Iter 33000/50000 | Val Loss: 0.1500 | Val Acc: 98.06% | Best at iter 2800
  Iter 34000/50000 | Val Loss: 0.1561 | Val Acc: 97.94% | Best at iter 2800
  Iter 35000/50000 | Val Loss: 0.1820 | Val Acc: 97.74% | Best at iter 2800
  Iter 36000/50000 | Val Loss: 0.1918 | Val Acc: 97.86% | Best at iter 2800
  Iter 37000/50000 | Val Loss: 0.1963 | Val Acc: 97.88% | Best at iter 2800
  Iter 38000/50000 | Val Loss: 0.1792 | Val Acc: 98.16% | Best at iter 2800
  Iter 39000/50000 | Val Loss: 0.1899 | Val Acc: 97.88% | Best at iter 2800
  Iter 40000/50000 | Val Loss: 0.1852 | Val Acc: 98.16% | Best at iter 2800
  Iter 41000/50000 | Val Loss: 0.1937 | Val Acc: 97.92% | Best at iter 2800
  Iter 42000/50000 | Val Loss: 0.2081 | Val Acc: 97.94% | Best at iter 2800
  Iter 43000/50000 | Val Loss: 0.2563 | Val Acc: 97.60% | Best at iter 2800
  Iter 44000/50000 | Val Loss: 0.2374 | Val Acc: 97.80% | Best at iter 2800
  Iter 45000/50000 | Val Loss: 0.2240 | Val Acc: 98.02% | Best at iter 2800
  Iter 46000/50000 | Val Loss: 0.2385 | Val Acc: 97.82% | Best at iter 2800
  Iter 47000/50000 | Val Loss: 0.2114 | Val Acc: 98.20% | Best at iter 2800
  Iter 48000/50000 | Val Loss: 0.1868 | Val Acc: 98.14% | Best at iter 2800
  Iter 49000/50000 | Val Loss: 0.2085 | Val Acc: 98.00% | Best at iter 2800
  Iter 50000/50000 | Val Loss: 0.2468 | Val Acc: 97.84% | Best at iter 2800
[PRUNE] Pruning to 32.77%...
[RESET] Resetting to initial weights...

--- Round 6 (current: 32.77%) ---
[TRAIN] Training...
  Iter 1000/50000 | Val Loss: 0.0971 | Val Acc: 96.98% | Best at iter 1000
  Iter 2000/50000 | Val Loss: 0.0726 | Val Acc: 97.76% | Best at iter 1900
  Iter 3000/50000 | Val Loss: 0.0697 | Val Acc: 97.76% | Best at iter 1900
  Iter 4000/50000 | Val Loss: 0.0723 | Val Acc: 97.62% | Best at iter 1900
  Iter 5000/50000 | Val Loss: 0.0914 | Val Acc: 97.66% | Best at iter 1900
  Iter 6000/50000 | Val Loss: 0.0824 | Val Acc: 97.90% | Best at iter 1900
  Iter 7000/50000 | Val Loss: 0.0950 | Val Acc: 97.66% | Best at iter 1900
  Iter 8000/50000 | Val Loss: 0.1022 | Val Acc: 97.78% | Best at iter 1900
  Iter 9000/50000 | Val Loss: 0.1022 | Val Acc: 97.70% | Best at iter 1900
  Iter 10000/50000 | Val Loss: 0.1309 | Val Acc: 97.36% | Best at iter 1900
  Iter 11000/50000 | Val Loss: 0.1021 | Val Acc: 98.02% | Best at iter 1900
  Iter 12000/50000 | Val Loss: 0.1073 | Val Acc: 98.02% | Best at iter 1900
  Iter 13000/50000 | Val Loss: 0.1165 | Val Acc: 97.64% | Best at iter 1900
  Iter 14000/50000 | Val Loss: 0.1139 | Val Acc: 97.94% | Best at iter 1900
  Iter 15000/50000 | Val Loss: 0.1223 | Val Acc: 97.84% | Best at iter 1900
  Iter 16000/50000 | Val Loss: 0.1102 | Val Acc: 97.98% | Best at iter 1900
  Iter 17000/50000 | Val Loss: 0.1307 | Val Acc: 97.86% | Best at iter 1900
  Iter 18000/50000 | Val Loss: 0.1393 | Val Acc: 97.80% | Best at iter 1900
  Iter 19000/50000 | Val Loss: 0.1212 | Val Acc: 97.96% | Best at iter 1900
  Iter 20000/50000 | Val Loss: 0.1391 | Val Acc: 97.94% | Best at iter 1900
  Iter 21000/50000 | Val Loss: 0.1833 | Val Acc: 97.12% | Best at iter 1900
  Iter 22000/50000 | Val Loss: 0.1896 | Val Acc: 97.50% | Best at iter 1900
  Iter 23000/50000 | Val Loss: 0.1846 | Val Acc: 97.74% | Best at iter 1900
  Iter 24000/50000 | Val Loss: 0.1544 | Val Acc: 97.98% | Best at iter 1900
  Iter 25000/50000 | Val Loss: 0.1686 | Val Acc: 97.80% | Best at iter 1900
  Iter 26000/50000 | Val Loss: 0.1334 | Val Acc: 98.00% | Best at iter 1900
  Iter 27000/50000 | Val Loss: 0.1462 | Val Acc: 97.92% | Best at iter 1900
  Iter 28000/50000 | Val Loss: 0.1363 | Val Acc: 98.02% | Best at iter 1900
  Iter 29000/50000 | Val Loss: 0.1628 | Val Acc: 97.78% | Best at iter 1900
  Iter 30000/50000 | Val Loss: 0.1380 | Val Acc: 97.90% | Best at iter 1900
  Iter 31000/50000 | Val Loss: 0.1735 | Val Acc: 97.68% | Best at iter 1900
  Iter 32000/50000 | Val Loss: 0.1723 | Val Acc: 97.82% | Best at iter 1900
  Iter 33000/50000 | Val Loss: 0.1859 | Val Acc: 97.72% | Best at iter 1900
  Iter 34000/50000 | Val Loss: 0.1739 | Val Acc: 97.88% | Best at iter 1900
  Iter 35000/50000 | Val Loss: 0.1873 | Val Acc: 97.82% | Best at iter 1900
  Iter 36000/50000 | Val Loss: 0.1878 | Val Acc: 97.78% | Best at iter 1900
  Iter 37000/50000 | Val Loss: 0.1934 | Val Acc: 97.84% | Best at iter 1900
  Iter 38000/50000 | Val Loss: 0.2132 | Val Acc: 97.56% | Best at iter 1900
  Iter 39000/50000 | Val Loss: 0.1904 | Val Acc: 97.92% | Best at iter 1900
  Iter 40000/50000 | Val Loss: 0.2356 | Val Acc: 97.62% | Best at iter 1900
  Iter 41000/50000 | Val Loss: 0.2070 | Val Acc: 97.78% | Best at iter 1900
  Iter 42000/50000 | Val Loss: 0.1990 | Val Acc: 97.76% | Best at iter 1900
  Iter 43000/50000 | Val Loss: 0.2203 | Val Acc: 97.78% | Best at iter 1900
  Iter 44000/50000 | Val Loss: 0.2184 | Val Acc: 97.96% | Best at iter 1900
  Iter 45000/50000 | Val Loss: 0.2231 | Val Acc: 97.88% | Best at iter 1900
  Iter 46000/50000 | Val Loss: 0.2144 | Val Acc: 97.76% | Best at iter 1900
  Iter 47000/50000 | Val Loss: 0.2148 | Val Acc: 97.70% | Best at iter 1900
  Iter 48000/50000 | Val Loss: 0.2199 | Val Acc: 97.94% | Best at iter 1900
  Iter 49000/50000 | Val Loss: 0.2463 | Val Acc: 98.04% | Best at iter 1900
  Iter 50000/50000 | Val Loss: 0.2118 | Val Acc: 98.22% | Best at iter 1900
[PRUNE] Pruning to 26.21%...
[RESET] Resetting to initial weights...

==================================================
FINAL TRAINING at 26.21%
==================================================
  Iter 1000/50000 | Val Loss: 0.0872 | Val Acc: 97.52% | Best at iter 1000
  Iter 2000/50000 | Val Loss: 0.0763 | Val Acc: 97.58% | Best at iter 1700
  Iter 3000/50000 | Val Loss: 0.0766 | Val Acc: 97.58% | Best at iter 1700
  Iter 4000/50000 | Val Loss: 0.0743 | Val Acc: 97.98% | Best at iter 1700
  Iter 5000/50000 | Val Loss: 0.0802 | Val Acc: 97.86% | Best at iter 1700
  Iter 6000/50000 | Val Loss: 0.0940 | Val Acc: 97.96% | Best at iter 1700
  Iter 7000/50000 | Val Loss: 0.1078 | Val Acc: 97.64% | Best at iter 1700
  Iter 8000/50000 | Val Loss: 0.1105 | Val Acc: 97.62% | Best at iter 1700
  Iter 9000/50000 | Val Loss: 0.1074 | Val Acc: 97.82% | Best at iter 1700
  Iter 10000/50000 | Val Loss: 0.1058 | Val Acc: 97.84% | Best at iter 1700
  Iter 11000/50000 | Val Loss: 0.1210 | Val Acc: 97.78% | Best at iter 1700
  Iter 12000/50000 | Val Loss: 0.1085 | Val Acc: 97.88% | Best at iter 1700
  Iter 13000/50000 | Val Loss: 0.1070 | Val Acc: 97.94% | Best at iter 1700
  Iter 14000/50000 | Val Loss: 0.1300 | Val Acc: 97.64% | Best at iter 1700
  Iter 15000/50000 | Val Loss: 0.1180 | Val Acc: 97.96% | Best at iter 1700
  Iter 16000/50000 | Val Loss: 0.1622 | Val Acc: 97.74% | Best at iter 1700
  Iter 17000/50000 | Val Loss: 0.1344 | Val Acc: 97.86% | Best at iter 1700
  Iter 18000/50000 | Val Loss: 0.1507 | Val Acc: 97.74% | Best at iter 1700
  Iter 19000/50000 | Val Loss: 0.1583 | Val Acc: 97.86% | Best at iter 1700
  Iter 20000/50000 | Val Loss: 0.1654 | Val Acc: 97.76% | Best at iter 1700
  Iter 21000/50000 | Val Loss: 0.1691 | Val Acc: 97.78% | Best at iter 1700
  Iter 22000/50000 | Val Loss: 0.1644 | Val Acc: 97.84% | Best at iter 1700
  Iter 23000/50000 | Val Loss: 0.1609 | Val Acc: 97.90% | Best at iter 1700
  Iter 24000/50000 | Val Loss: 0.1648 | Val Acc: 97.72% | Best at iter 1700
  Iter 25000/50000 | Val Loss: 0.1520 | Val Acc: 97.90% | Best at iter 1700
  Iter 26000/50000 | Val Loss: 0.1722 | Val Acc: 97.86% | Best at iter 1700
  Iter 27000/50000 | Val Loss: 0.1579 | Val Acc: 97.92% | Best at iter 1700
  Iter 28000/50000 | Val Loss: 0.1678 | Val Acc: 98.06% | Best at iter 1700
  Iter 29000/50000 | Val Loss: 0.1857 | Val Acc: 97.64% | Best at iter 1700
  Iter 30000/50000 | Val Loss: 0.1956 | Val Acc: 97.84% | Best at iter 1700
  Iter 31000/50000 | Val Loss: 0.1704 | Val Acc: 97.80% | Best at iter 1700
  Iter 32000/50000 | Val Loss: 0.1877 | Val Acc: 97.78% | Best at iter 1700
  Iter 33000/50000 | Val Loss: 0.1965 | Val Acc: 98.02% | Best at iter 1700
  Iter 34000/50000 | Val Loss: 0.1975 | Val Acc: 97.90% | Best at iter 1700
  Iter 35000/50000 | Val Loss: 0.2263 | Val Acc: 97.52% | Best at iter 1700
  Iter 36000/50000 | Val Loss: 0.2142 | Val Acc: 97.78% | Best at iter 1700
  Iter 37000/50000 | Val Loss: 0.1897 | Val Acc: 97.88% | Best at iter 1700
  Iter 38000/50000 | Val Loss: 0.1817 | Val Acc: 98.06% | Best at iter 1700
  Iter 39000/50000 | Val Loss: 0.1827 | Val Acc: 98.08% | Best at iter 1700
  Iter 40000/50000 | Val Loss: 0.2038 | Val Acc: 97.96% | Best at iter 1700
  Iter 41000/50000 | Val Loss: 0.1790 | Val Acc: 97.96% | Best at iter 1700
  Iter 42000/50000 | Val Loss: 0.2059 | Val Acc: 97.90% | Best at iter 1700
  Iter 43000/50000 | Val Loss: 0.2423 | Val Acc: 97.70% | Best at iter 1700
  Iter 44000/50000 | Val Loss: 0.2000 | Val Acc: 98.10% | Best at iter 1700
  Iter 45000/50000 | Val Loss: 0.2115 | Val Acc: 97.94% | Best at iter 1700
  Iter 46000/50000 | Val Loss: 0.2104 | Val Acc: 97.82% | Best at iter 1700
  Iter 47000/50000 | Val Loss: 0.2243 | Val Acc: 98.10% | Best at iter 1700
  Iter 48000/50000 | Val Loss: 0.2151 | Val Acc: 97.90% | Best at iter 1700
  Iter 49000/50000 | Val Loss: 0.2219 | Val Acc: 98.00% | Best at iter 1700
  Iter 50000/50000 | Val Loss: 0.2254 | Val Acc: 97.94% | Best at iter 1700

──────────────────────────────────────────────────────────────────────
Early stop: iteration 1700
Val loss at early stop: 0.0700
Test accuracy at early stop: 97.94%
──────────────────────────────────────────────────────────────────────

======================================================================
Iterative Winning Ticket
Sparsity: 26.2% | Trial: 3/3
======================================================================
[1] Saving initial weights...

--- Round 1 (current: 100.00%) ---
[TRAIN] Training...
  Iter 1000/50000 | Val Loss: 0.1161 | Val Acc: 96.36% | Best at iter 1000
  Iter 2000/50000 | Val Loss: 0.0940 | Val Acc: 97.04% | Best at iter 2000
  Iter 3000/50000 | Val Loss: 0.0869 | Val Acc: 97.64% | Best at iter 2500
  Iter 4000/50000 | Val Loss: 0.0950 | Val Acc: 97.38% | Best at iter 3800
  Iter 5000/50000 | Val Loss: 0.0924 | Val Acc: 97.48% | Best at iter 4600
  Iter 6000/50000 | Val Loss: 0.1151 | Val Acc: 97.38% | Best at iter 4600
  Iter 7000/50000 | Val Loss: 0.0896 | Val Acc: 97.78% | Best at iter 4600
  Iter 8000/50000 | Val Loss: 0.0902 | Val Acc: 97.80% | Best at iter 4600
  Iter 9000/50000 | Val Loss: 0.1043 | Val Acc: 97.62% | Best at iter 4600
  Iter 10000/50000 | Val Loss: 0.1130 | Val Acc: 97.88% | Best at iter 4600
  Iter 11000/50000 | Val Loss: 0.1099 | Val Acc: 97.76% | Best at iter 4600
  Iter 12000/50000 | Val Loss: 0.1079 | Val Acc: 97.88% | Best at iter 4600
  Iter 13000/50000 | Val Loss: 0.1125 | Val Acc: 97.94% | Best at iter 4600
  Iter 14000/50000 | Val Loss: 0.1088 | Val Acc: 98.02% | Best at iter 4600
  Iter 15000/50000 | Val Loss: 0.1241 | Val Acc: 97.74% | Best at iter 4600
  Iter 16000/50000 | Val Loss: 0.1184 | Val Acc: 98.02% | Best at iter 4600
  Iter 17000/50000 | Val Loss: 0.1293 | Val Acc: 97.82% | Best at iter 4600
  Iter 18000/50000 | Val Loss: 0.1491 | Val Acc: 97.58% | Best at iter 4600
  Iter 19000/50000 | Val Loss: 0.1503 | Val Acc: 97.88% | Best at iter 4600
  Iter 20000/50000 | Val Loss: 0.1396 | Val Acc: 97.86% | Best at iter 4600
  Iter 21000/50000 | Val Loss: 0.1370 | Val Acc: 98.10% | Best at iter 4600
  Iter 22000/50000 | Val Loss: 0.1601 | Val Acc: 97.76% | Best at iter 4600
  Iter 23000/50000 | Val Loss: 0.1823 | Val Acc: 97.50% | Best at iter 4600
  Iter 24000/50000 | Val Loss: 0.1501 | Val Acc: 97.92% | Best at iter 4600
  Iter 25000/50000 | Val Loss: 0.1808 | Val Acc: 97.36% | Best at iter 4600
  Iter 26000/50000 | Val Loss: 0.1433 | Val Acc: 98.20% | Best at iter 4600
  Iter 27000/50000 | Val Loss: 0.1901 | Val Acc: 97.78% | Best at iter 4600
  Iter 28000/50000 | Val Loss: 0.1542 | Val Acc: 97.84% | Best at iter 4600
  Iter 29000/50000 | Val Loss: 0.1483 | Val Acc: 97.92% | Best at iter 4600
  Iter 30000/50000 | Val Loss: 0.1573 | Val Acc: 97.76% | Best at iter 4600
  Iter 31000/50000 | Val Loss: 0.1544 | Val Acc: 97.98% | Best at iter 4600
  Iter 32000/50000 | Val Loss: 0.1818 | Val Acc: 97.74% | Best at iter 4600
  Iter 33000/50000 | Val Loss: 0.1812 | Val Acc: 98.02% | Best at iter 4600
  Iter 34000/50000 | Val Loss: 0.1845 | Val Acc: 97.60% | Best at iter 4600
  Iter 35000/50000 | Val Loss: 0.1721 | Val Acc: 98.08% | Best at iter 4600
  Iter 36000/50000 | Val Loss: 0.1827 | Val Acc: 97.84% | Best at iter 4600
  Iter 37000/50000 | Val Loss: 0.1538 | Val Acc: 97.90% | Best at iter 4600
  Iter 38000/50000 | Val Loss: 0.1490 | Val Acc: 98.06% | Best at iter 4600
  Iter 39000/50000 | Val Loss: 0.1649 | Val Acc: 97.88% | Best at iter 4600
  Iter 40000/50000 | Val Loss: 0.2181 | Val Acc: 97.74% | Best at iter 4600
  Iter 41000/50000 | Val Loss: 0.2473 | Val Acc: 97.42% | Best at iter 4600
  Iter 42000/50000 | Val Loss: 0.2010 | Val Acc: 97.86% | Best at iter 4600
  Iter 43000/50000 | Val Loss: 0.1920 | Val Acc: 97.82% | Best at iter 4600
  Iter 44000/50000 | Val Loss: 0.2161 | Val Acc: 97.76% | Best at iter 4600
  Iter 45000/50000 | Val Loss: 0.1877 | Val Acc: 98.18% | Best at iter 4600
  Iter 46000/50000 | Val Loss: 0.1863 | Val Acc: 97.96% | Best at iter 4600
  Iter 47000/50000 | Val Loss: 0.1931 | Val Acc: 98.14% | Best at iter 4600
  Iter 48000/50000 | Val Loss: 0.2367 | Val Acc: 97.94% | Best at iter 4600
  Iter 49000/50000 | Val Loss: 0.2206 | Val Acc: 97.90% | Best at iter 4600
  Iter 50000/50000 | Val Loss: 0.2353 | Val Acc: 97.96% | Best at iter 4600
[PRUNE] Pruning to 80.00%...
[RESET] Resetting to initial weights...

--- Round 2 (current: 80.00%) ---
[TRAIN] Training...
  Iter 1000/50000 | Val Loss: 0.1136 | Val Acc: 96.46% | Best at iter 1000
  Iter 2000/50000 | Val Loss: 0.0761 | Val Acc: 97.54% | Best at iter 2000
  Iter 3000/50000 | Val Loss: 0.0854 | Val Acc: 97.34% | Best at iter 2000
  Iter 4000/50000 | Val Loss: 0.0823 | Val Acc: 97.62% | Best at iter 2000
  Iter 5000/50000 | Val Loss: 0.0946 | Val Acc: 97.56% | Best at iter 2000
  Iter 6000/50000 | Val Loss: 0.0988 | Val Acc: 97.66% | Best at iter 2000
  Iter 7000/50000 | Val Loss: 0.1064 | Val Acc: 97.50% | Best at iter 2000
  Iter 8000/50000 | Val Loss: 0.1110 | Val Acc: 97.44% | Best at iter 2000
  Iter 9000/50000 | Val Loss: 0.1150 | Val Acc: 97.60% | Best at iter 2000
  Iter 10000/50000 | Val Loss: 0.1433 | Val Acc: 97.12% | Best at iter 2000
  Iter 11000/50000 | Val Loss: 0.1251 | Val Acc: 97.48% | Best at iter 2000
  Iter 12000/50000 | Val Loss: 0.1272 | Val Acc: 97.64% | Best at iter 2000
  Iter 13000/50000 | Val Loss: 0.1286 | Val Acc: 97.72% | Best at iter 2000
  Iter 14000/50000 | Val Loss: 0.1461 | Val Acc: 97.54% | Best at iter 2000
  Iter 15000/50000 | Val Loss: 0.1558 | Val Acc: 97.46% | Best at iter 2000
  Iter 16000/50000 | Val Loss: 0.1313 | Val Acc: 97.70% | Best at iter 2000
  Iter 17000/50000 | Val Loss: 0.1385 | Val Acc: 98.06% | Best at iter 2000
  Iter 18000/50000 | Val Loss: 0.1596 | Val Acc: 97.50% | Best at iter 2000
  Iter 19000/50000 | Val Loss: 0.1359 | Val Acc: 97.90% | Best at iter 2000
  Iter 20000/50000 | Val Loss: 0.1850 | Val Acc: 97.42% | Best at iter 2000
  Iter 21000/50000 | Val Loss: 0.1664 | Val Acc: 97.78% | Best at iter 2000
  Iter 22000/50000 | Val Loss: 0.1501 | Val Acc: 98.06% | Best at iter 2000
  Iter 23000/50000 | Val Loss: 0.1696 | Val Acc: 97.80% | Best at iter 2000
  Iter 24000/50000 | Val Loss: 0.1524 | Val Acc: 97.94% | Best at iter 2000
  Iter 25000/50000 | Val Loss: 0.1657 | Val Acc: 97.80% | Best at iter 2000
  Iter 26000/50000 | Val Loss: 0.1703 | Val Acc: 98.02% | Best at iter 2000
  Iter 27000/50000 | Val Loss: 0.1670 | Val Acc: 98.08% | Best at iter 2000
  Iter 28000/50000 | Val Loss: 0.1891 | Val Acc: 97.88% | Best at iter 2000
  Iter 29000/50000 | Val Loss: 0.1886 | Val Acc: 98.00% | Best at iter 2000
  Iter 30000/50000 | Val Loss: 0.1739 | Val Acc: 98.04% | Best at iter 2000
  Iter 31000/50000 | Val Loss: 0.2054 | Val Acc: 97.72% | Best at iter 2000
  Iter 32000/50000 | Val Loss: 0.2017 | Val Acc: 97.74% | Best at iter 2000
  Iter 33000/50000 | Val Loss: 0.2072 | Val Acc: 97.72% | Best at iter 2000
  Iter 34000/50000 | Val Loss: 0.1834 | Val Acc: 97.84% | Best at iter 2000
  Iter 35000/50000 | Val Loss: 0.2230 | Val Acc: 97.72% | Best at iter 2000
  Iter 36000/50000 | Val Loss: 0.2315 | Val Acc: 97.86% | Best at iter 2000
  Iter 37000/50000 | Val Loss: 0.1864 | Val Acc: 97.98% | Best at iter 2000
  Iter 38000/50000 | Val Loss: 0.2083 | Val Acc: 97.98% | Best at iter 2000
  Iter 39000/50000 | Val Loss: 0.1795 | Val Acc: 98.16% | Best at iter 2000
  Iter 40000/50000 | Val Loss: 0.2080 | Val Acc: 97.90% | Best at iter 2000
  Iter 41000/50000 | Val Loss: 0.2649 | Val Acc: 97.34% | Best at iter 2000
  Iter 42000/50000 | Val Loss: 0.2419 | Val Acc: 97.54% | Best at iter 2000
  Iter 43000/50000 | Val Loss: 0.2055 | Val Acc: 97.94% | Best at iter 2000
  Iter 44000/50000 | Val Loss: 0.2507 | Val Acc: 97.94% | Best at iter 2000
  Iter 45000/50000 | Val Loss: 0.2322 | Val Acc: 97.82% | Best at iter 2000
  Iter 46000/50000 | Val Loss: 0.1957 | Val Acc: 98.18% | Best at iter 2000
  Iter 47000/50000 | Val Loss: 0.2494 | Val Acc: 97.98% | Best at iter 2000
  Iter 48000/50000 | Val Loss: 0.2232 | Val Acc: 98.12% | Best at iter 2000
  Iter 49000/50000 | Val Loss: 0.2476 | Val Acc: 97.94% | Best at iter 2000
  Iter 50000/50000 | Val Loss: 0.2200 | Val Acc: 97.92% | Best at iter 2000
[PRUNE] Pruning to 64.00%...
[RESET] Resetting to initial weights...

--- Round 3 (current: 64.00%) ---
[TRAIN] Training...
  Iter 1000/50000 | Val Loss: 0.0975 | Val Acc: 96.94% | Best at iter 1000
  Iter 2000/50000 | Val Loss: 0.0968 | Val Acc: 96.98% | Best at iter 1500
  Iter 3000/50000 | Val Loss: 0.0859 | Val Acc: 97.50% | Best at iter 2800
  Iter 4000/50000 | Val Loss: 0.0861 | Val Acc: 97.60% | Best at iter 3100
  Iter 5000/50000 | Val Loss: 0.1172 | Val Acc: 97.18% | Best at iter 3100
  Iter 6000/50000 | Val Loss: 0.0899 | Val Acc: 97.64% | Best at iter 3100
  Iter 7000/50000 | Val Loss: 0.1056 | Val Acc: 97.38% | Best at iter 3100
  Iter 8000/50000 | Val Loss: 0.0962 | Val Acc: 97.64% | Best at iter 3100
  Iter 9000/50000 | Val Loss: 0.1029 | Val Acc: 97.48% | Best at iter 3100
  Iter 10000/50000 | Val Loss: 0.1013 | Val Acc: 97.72% | Best at iter 3100
  Iter 11000/50000 | Val Loss: 0.1091 | Val Acc: 97.62% | Best at iter 3100
  Iter 12000/50000 | Val Loss: 0.1012 | Val Acc: 97.74% | Best at iter 3100
  Iter 13000/50000 | Val Loss: 0.0978 | Val Acc: 98.00% | Best at iter 3100
  Iter 14000/50000 | Val Loss: 0.1061 | Val Acc: 97.94% | Best at iter 3100
  Iter 15000/50000 | Val Loss: 0.1260 | Val Acc: 97.84% | Best at iter 3100
  Iter 16000/50000 | Val Loss: 0.1370 | Val Acc: 97.66% | Best at iter 3100
  Iter 17000/50000 | Val Loss: 0.1240 | Val Acc: 98.02% | Best at iter 3100
  Iter 18000/50000 | Val Loss: 0.1195 | Val Acc: 98.06% | Best at iter 3100
  Iter 19000/50000 | Val Loss: 0.1305 | Val Acc: 98.02% | Best at iter 3100
  Iter 20000/50000 | Val Loss: 0.1769 | Val Acc: 97.78% | Best at iter 3100
  Iter 21000/50000 | Val Loss: 0.1471 | Val Acc: 97.82% | Best at iter 3100
  Iter 22000/50000 | Val Loss: 0.1792 | Val Acc: 97.26% | Best at iter 3100
  Iter 23000/50000 | Val Loss: 0.1446 | Val Acc: 97.90% | Best at iter 3100
  Iter 24000/50000 | Val Loss: 0.1502 | Val Acc: 97.92% | Best at iter 3100
  Iter 25000/50000 | Val Loss: 0.1464 | Val Acc: 97.72% | Best at iter 3100
  Iter 26000/50000 | Val Loss: 0.1595 | Val Acc: 97.70% | Best at iter 3100
  Iter 27000/50000 | Val Loss: 0.1475 | Val Acc: 98.02% | Best at iter 3100
  Iter 28000/50000 | Val Loss: 0.1967 | Val Acc: 97.74% | Best at iter 3100
  Iter 29000/50000 | Val Loss: 0.1525 | Val Acc: 98.08% | Best at iter 3100
  Iter 30000/50000 | Val Loss: 0.1651 | Val Acc: 97.74% | Best at iter 3100
  Iter 31000/50000 | Val Loss: 0.1574 | Val Acc: 98.12% | Best at iter 3100
  Iter 32000/50000 | Val Loss: 0.1596 | Val Acc: 98.02% | Best at iter 3100
  Iter 33000/50000 | Val Loss: 0.1650 | Val Acc: 98.04% | Best at iter 3100
  Iter 34000/50000 | Val Loss: 0.1600 | Val Acc: 97.86% | Best at iter 3100
  Iter 35000/50000 | Val Loss: 0.1636 | Val Acc: 98.04% | Best at iter 3100
  Iter 36000/50000 | Val Loss: 0.1971 | Val Acc: 97.50% | Best at iter 3100
  Iter 37000/50000 | Val Loss: 0.2123 | Val Acc: 97.78% | Best at iter 3100
  Iter 38000/50000 | Val Loss: 0.1945 | Val Acc: 97.94% | Best at iter 3100
  Iter 39000/50000 | Val Loss: 0.1822 | Val Acc: 97.92% | Best at iter 3100
  Iter 40000/50000 | Val Loss: 0.2103 | Val Acc: 97.80% | Best at iter 3100
  Iter 41000/50000 | Val Loss: 0.2270 | Val Acc: 97.66% | Best at iter 3100
  Iter 42000/50000 | Val Loss: 0.1959 | Val Acc: 97.70% | Best at iter 3100
  Iter 43000/50000 | Val Loss: 0.2162 | Val Acc: 97.54% | Best at iter 3100
  Iter 44000/50000 | Val Loss: 0.2363 | Val Acc: 97.78% | Best at iter 3100
  Iter 45000/50000 | Val Loss: 0.1942 | Val Acc: 97.82% | Best at iter 3100
  Iter 46000/50000 | Val Loss: 0.2290 | Val Acc: 97.94% | Best at iter 3100
  Iter 47000/50000 | Val Loss: 0.1978 | Val Acc: 97.92% | Best at iter 3100
  Iter 48000/50000 | Val Loss: 0.2236 | Val Acc: 97.76% | Best at iter 3100
  Iter 49000/50000 | Val Loss: 0.2488 | Val Acc: 97.64% | Best at iter 3100
  Iter 50000/50000 | Val Loss: 0.2309 | Val Acc: 98.06% | Best at iter 3100
[PRUNE] Pruning to 51.20%...
[RESET] Resetting to initial weights...

--- Round 4 (current: 51.20%) ---
[TRAIN] Training...
  Iter 1000/50000 | Val Loss: 0.1018 | Val Acc: 96.98% | Best at iter 900
  Iter 2000/50000 | Val Loss: 0.0960 | Val Acc: 96.94% | Best at iter 1700
  Iter 3000/50000 | Val Loss: 0.0766 | Val Acc: 97.84% | Best at iter 2700
  Iter 4000/50000 | Val Loss: 0.0885 | Val Acc: 97.58% | Best at iter 2700
  Iter 5000/50000 | Val Loss: 0.0877 | Val Acc: 97.84% | Best at iter 2700
  Iter 6000/50000 | Val Loss: 0.0891 | Val Acc: 97.90% | Best at iter 2700
  Iter 7000/50000 | Val Loss: 0.1014 | Val Acc: 97.50% | Best at iter 2700
  Iter 8000/50000 | Val Loss: 0.1246 | Val Acc: 97.02% | Best at iter 2700
  Iter 9000/50000 | Val Loss: 0.1185 | Val Acc: 97.78% | Best at iter 2700
  Iter 10000/50000 | Val Loss: 0.1139 | Val Acc: 97.72% | Best at iter 2700
  Iter 11000/50000 | Val Loss: 0.1173 | Val Acc: 97.90% | Best at iter 2700
  Iter 12000/50000 | Val Loss: 0.1137 | Val Acc: 97.88% | Best at iter 2700
  Iter 13000/50000 | Val Loss: 0.1148 | Val Acc: 97.72% | Best at iter 2700
  Iter 14000/50000 | Val Loss: 0.1147 | Val Acc: 97.84% | Best at iter 2700
  Iter 15000/50000 | Val Loss: 0.1604 | Val Acc: 97.70% | Best at iter 2700
  Iter 16000/50000 | Val Loss: 0.1263 | Val Acc: 98.10% | Best at iter 2700
  Iter 17000/50000 | Val Loss: 0.1287 | Val Acc: 97.96% | Best at iter 2700
  Iter 18000/50000 | Val Loss: 0.1536 | Val Acc: 97.60% | Best at iter 2700
  Iter 19000/50000 | Val Loss: 0.1496 | Val Acc: 97.86% | Best at iter 2700
  Iter 20000/50000 | Val Loss: 0.1290 | Val Acc: 97.68% | Best at iter 2700
  Iter 21000/50000 | Val Loss: 0.1310 | Val Acc: 98.04% | Best at iter 2700
  Iter 22000/50000 | Val Loss: 0.1573 | Val Acc: 97.74% | Best at iter 2700
  Iter 23000/50000 | Val Loss: 0.1876 | Val Acc: 97.60% | Best at iter 2700
  Iter 24000/50000 | Val Loss: 0.1747 | Val Acc: 97.88% | Best at iter 2700
  Iter 25000/50000 | Val Loss: 0.1534 | Val Acc: 97.80% | Best at iter 2700
  Iter 26000/50000 | Val Loss: 0.1808 | Val Acc: 97.74% | Best at iter 2700
  Iter 27000/50000 | Val Loss: 0.1595 | Val Acc: 97.96% | Best at iter 2700
  Iter 28000/50000 | Val Loss: 0.1725 | Val Acc: 97.88% | Best at iter 2700
  Iter 29000/50000 | Val Loss: 0.1915 | Val Acc: 97.48% | Best at iter 2700
  Iter 30000/50000 | Val Loss: 0.1641 | Val Acc: 97.88% | Best at iter 2700
  Iter 31000/50000 | Val Loss: 0.1910 | Val Acc: 97.70% | Best at iter 2700
  Iter 32000/50000 | Val Loss: 0.1827 | Val Acc: 97.82% | Best at iter 2700
  Iter 33000/50000 | Val Loss: 0.1893 | Val Acc: 97.84% | Best at iter 2700
  Iter 34000/50000 | Val Loss: 0.1984 | Val Acc: 97.94% | Best at iter 2700
  Iter 35000/50000 | Val Loss: 0.1923 | Val Acc: 98.04% | Best at iter 2700
  Iter 36000/50000 | Val Loss: 0.2143 | Val Acc: 97.88% | Best at iter 2700
  Iter 37000/50000 | Val Loss: 0.1779 | Val Acc: 97.86% | Best at iter 2700
  Iter 38000/50000 | Val Loss: 0.1979 | Val Acc: 98.04% | Best at iter 2700
  Iter 39000/50000 | Val Loss: 0.2438 | Val Acc: 97.86% | Best at iter 2700
  Iter 40000/50000 | Val Loss: 0.2208 | Val Acc: 97.86% | Best at iter 2700
  Iter 41000/50000 | Val Loss: 0.2051 | Val Acc: 97.90% | Best at iter 2700
  Iter 42000/50000 | Val Loss: 0.2337 | Val Acc: 97.72% | Best at iter 2700
  Iter 43000/50000 | Val Loss: 0.2197 | Val Acc: 97.84% | Best at iter 2700
  Iter 44000/50000 | Val Loss: 0.2115 | Val Acc: 98.02% | Best at iter 2700
  Iter 45000/50000 | Val Loss: 0.2022 | Val Acc: 97.92% | Best at iter 2700
  Iter 46000/50000 | Val Loss: 0.2139 | Val Acc: 97.94% | Best at iter 2700
  Iter 47000/50000 | Val Loss: 0.2300 | Val Acc: 97.66% | Best at iter 2700
  Iter 48000/50000 | Val Loss: 0.2770 | Val Acc: 97.78% | Best at iter 2700
  Iter 49000/50000 | Val Loss: 0.2245 | Val Acc: 97.90% | Best at iter 2700
  Iter 50000/50000 | Val Loss: 0.2332 | Val Acc: 97.98% | Best at iter 2700
[PRUNE] Pruning to 40.96%...
[RESET] Resetting to initial weights...

--- Round 5 (current: 40.96%) ---
[TRAIN] Training...
  Iter 1000/50000 | Val Loss: 0.1001 | Val Acc: 96.88% | Best at iter 1000
  Iter 2000/50000 | Val Loss: 0.0719 | Val Acc: 97.60% | Best at iter 2000
  Iter 3000/50000 | Val Loss: 0.0773 | Val Acc: 97.76% | Best at iter 2000
  Iter 4000/50000 | Val Loss: 0.0789 | Val Acc: 97.96% | Best at iter 3800
  Iter 5000/50000 | Val Loss: 0.1011 | Val Acc: 97.42% | Best at iter 3800
  Iter 6000/50000 | Val Loss: 0.0730 | Val Acc: 98.10% | Best at iter 3800
  Iter 7000/50000 | Val Loss: 0.0917 | Val Acc: 97.80% | Best at iter 3800
  Iter 8000/50000 | Val Loss: 0.0985 | Val Acc: 97.82% | Best at iter 3800
  Iter 9000/50000 | Val Loss: 0.1067 | Val Acc: 97.78% | Best at iter 3800
  Iter 10000/50000 | Val Loss: 0.1121 | Val Acc: 97.72% | Best at iter 3800
  Iter 11000/50000 | Val Loss: 0.1070 | Val Acc: 97.78% | Best at iter 3800
  Iter 12000/50000 | Val Loss: 0.1276 | Val Acc: 97.62% | Best at iter 3800
  Iter 13000/50000 | Val Loss: 0.1296 | Val Acc: 97.80% | Best at iter 3800
  Iter 14000/50000 | Val Loss: 0.1310 | Val Acc: 97.76% | Best at iter 3800
  Iter 15000/50000 | Val Loss: 0.1387 | Val Acc: 97.68% | Best at iter 3800
  Iter 16000/50000 | Val Loss: 0.1373 | Val Acc: 97.82% | Best at iter 3800
  Iter 17000/50000 | Val Loss: 0.1387 | Val Acc: 97.92% | Best at iter 3800
  Iter 18000/50000 | Val Loss: 0.1325 | Val Acc: 97.74% | Best at iter 3800
  Iter 19000/50000 | Val Loss: 0.1544 | Val Acc: 97.56% | Best at iter 3800
  Iter 20000/50000 | Val Loss: 0.1225 | Val Acc: 98.14% | Best at iter 3800
  Iter 21000/50000 | Val Loss: 0.1539 | Val Acc: 97.84% | Best at iter 3800
  Iter 22000/50000 | Val Loss: 0.1719 | Val Acc: 97.78% | Best at iter 3800
  Iter 23000/50000 | Val Loss: 0.1489 | Val Acc: 97.94% | Best at iter 3800
  Iter 24000/50000 | Val Loss: 0.1796 | Val Acc: 97.82% | Best at iter 3800
  Iter 25000/50000 | Val Loss: 0.1791 | Val Acc: 97.80% | Best at iter 3800
  Iter 26000/50000 | Val Loss: 0.1619 | Val Acc: 98.12% | Best at iter 3800
  Iter 27000/50000 | Val Loss: 0.1546 | Val Acc: 97.94% | Best at iter 3800
  Iter 28000/50000 | Val Loss: 0.1899 | Val Acc: 97.54% | Best at iter 3800
  Iter 29000/50000 | Val Loss: 0.1561 | Val Acc: 98.10% | Best at iter 3800
  Iter 30000/50000 | Val Loss: 0.1942 | Val Acc: 97.78% | Best at iter 3800
  Iter 31000/50000 | Val Loss: 0.1538 | Val Acc: 97.86% | Best at iter 3800
  Iter 32000/50000 | Val Loss: 0.1619 | Val Acc: 97.96% | Best at iter 3800
  Iter 33000/50000 | Val Loss: 0.1834 | Val Acc: 97.82% | Best at iter 3800
  Iter 34000/50000 | Val Loss: 0.1942 | Val Acc: 98.10% | Best at iter 3800
  Iter 35000/50000 | Val Loss: 0.1892 | Val Acc: 97.72% | Best at iter 3800
  Iter 36000/50000 | Val Loss: 0.1777 | Val Acc: 97.80% | Best at iter 3800
  Iter 37000/50000 | Val Loss: 0.1685 | Val Acc: 98.12% | Best at iter 3800
  Iter 38000/50000 | Val Loss: 0.2074 | Val Acc: 97.98% | Best at iter 3800
  Iter 39000/50000 | Val Loss: 0.1768 | Val Acc: 98.14% | Best at iter 3800
  Iter 40000/50000 | Val Loss: 0.2042 | Val Acc: 97.66% | Best at iter 3800
  Iter 41000/50000 | Val Loss: 0.1873 | Val Acc: 98.04% | Best at iter 3800
  Iter 42000/50000 | Val Loss: 0.1960 | Val Acc: 98.02% | Best at iter 3800
  Iter 43000/50000 | Val Loss: 0.2172 | Val Acc: 98.20% | Best at iter 3800
  Iter 44000/50000 | Val Loss: 0.2130 | Val Acc: 97.84% | Best at iter 3800
  Iter 45000/50000 | Val Loss: 0.2066 | Val Acc: 97.80% | Best at iter 3800
  Iter 46000/50000 | Val Loss: 0.2044 | Val Acc: 97.96% | Best at iter 3800
  Iter 47000/50000 | Val Loss: 0.1870 | Val Acc: 97.94% | Best at iter 3800
  Iter 48000/50000 | Val Loss: 0.2212 | Val Acc: 97.90% | Best at iter 3800
  Iter 49000/50000 | Val Loss: 0.2165 | Val Acc: 97.88% | Best at iter 3800
  Iter 50000/50000 | Val Loss: 0.2038 | Val Acc: 98.12% | Best at iter 3800
[PRUNE] Pruning to 32.77%...
[RESET] Resetting to initial weights...

--- Round 6 (current: 32.77%) ---
[TRAIN] Training...
  Iter 1000/50000 | Val Loss: 0.0900 | Val Acc: 97.12% | Best at iter 1000
  Iter 2000/50000 | Val Loss: 0.0757 | Val Acc: 97.54% | Best at iter 1900
  Iter 3000/50000 | Val Loss: 0.0662 | Val Acc: 98.14% | Best at iter 3000
  Iter 4000/50000 | Val Loss: 0.0696 | Val Acc: 98.08% | Best at iter 3000
  Iter 5000/50000 | Val Loss: 0.0793 | Val Acc: 98.00% | Best at iter 3000
  Iter 6000/50000 | Val Loss: 0.0854 | Val Acc: 98.06% | Best at iter 3000
  Iter 7000/50000 | Val Loss: 0.0875 | Val Acc: 97.92% | Best at iter 3000
  Iter 8000/50000 | Val Loss: 0.0897 | Val Acc: 97.94% | Best at iter 3000
  Iter 9000/50000 | Val Loss: 0.1249 | Val Acc: 97.56% | Best at iter 3000
  Iter 10000/50000 | Val Loss: 0.1170 | Val Acc: 97.54% | Best at iter 3000
  Iter 11000/50000 | Val Loss: 0.0961 | Val Acc: 97.98% | Best at iter 3000
  Iter 12000/50000 | Val Loss: 0.0884 | Val Acc: 98.40% | Best at iter 3000
  Iter 13000/50000 | Val Loss: 0.1062 | Val Acc: 98.16% | Best at iter 3000
  Iter 14000/50000 | Val Loss: 0.1193 | Val Acc: 97.80% | Best at iter 3000
  Iter 15000/50000 | Val Loss: 0.1173 | Val Acc: 98.08% | Best at iter 3000
  Iter 16000/50000 | Val Loss: 0.1168 | Val Acc: 98.00% | Best at iter 3000
  Iter 17000/50000 | Val Loss: 0.1469 | Val Acc: 97.76% | Best at iter 3000
  Iter 18000/50000 | Val Loss: 0.1343 | Val Acc: 98.04% | Best at iter 3000
  Iter 19000/50000 | Val Loss: 0.1362 | Val Acc: 97.90% | Best at iter 3000
  Iter 20000/50000 | Val Loss: 0.1399 | Val Acc: 98.16% | Best at iter 3000
  Iter 21000/50000 | Val Loss: 0.1249 | Val Acc: 98.08% | Best at iter 3000
  Iter 22000/50000 | Val Loss: 0.1521 | Val Acc: 97.74% | Best at iter 3000
  Iter 23000/50000 | Val Loss: 0.1404 | Val Acc: 97.82% | Best at iter 3000
  Iter 24000/50000 | Val Loss: 0.1577 | Val Acc: 97.96% | Best at iter 3000
  Iter 25000/50000 | Val Loss: 0.1542 | Val Acc: 97.92% | Best at iter 3000
  Iter 26000/50000 | Val Loss: 0.1399 | Val Acc: 98.16% | Best at iter 3000
  Iter 27000/50000 | Val Loss: 0.1665 | Val Acc: 97.94% | Best at iter 3000
  Iter 28000/50000 | Val Loss: 0.1544 | Val Acc: 98.04% | Best at iter 3000
  Iter 29000/50000 | Val Loss: 0.1631 | Val Acc: 98.16% | Best at iter 3000
  Iter 30000/50000 | Val Loss: 0.1627 | Val Acc: 98.06% | Best at iter 3000
  Iter 31000/50000 | Val Loss: 0.1690 | Val Acc: 97.88% | Best at iter 3000
  Iter 32000/50000 | Val Loss: 0.1963 | Val Acc: 97.86% | Best at iter 3000
  Iter 33000/50000 | Val Loss: 0.1787 | Val Acc: 97.90% | Best at iter 3000
  Iter 34000/50000 | Val Loss: 0.1573 | Val Acc: 98.26% | Best at iter 3000
  Iter 35000/50000 | Val Loss: 0.1815 | Val Acc: 97.66% | Best at iter 3000
  Iter 36000/50000 | Val Loss: 0.1933 | Val Acc: 98.06% | Best at iter 3000
  Iter 37000/50000 | Val Loss: 0.1802 | Val Acc: 97.94% | Best at iter 3000
  Iter 38000/50000 | Val Loss: 0.2163 | Val Acc: 97.80% | Best at iter 3000
  Iter 39000/50000 | Val Loss: 0.1810 | Val Acc: 98.12% | Best at iter 3000
  Iter 40000/50000 | Val Loss: 0.1812 | Val Acc: 98.26% | Best at iter 3000
  Iter 41000/50000 | Val Loss: 0.1739 | Val Acc: 98.20% | Best at iter 3000
  Iter 42000/50000 | Val Loss: 0.1938 | Val Acc: 97.78% | Best at iter 3000
  Iter 43000/50000 | Val Loss: 0.2166 | Val Acc: 97.86% | Best at iter 3000
  Iter 44000/50000 | Val Loss: 0.2622 | Val Acc: 97.92% | Best at iter 3000
  Iter 45000/50000 | Val Loss: 0.1967 | Val Acc: 98.14% | Best at iter 3000
  Iter 46000/50000 | Val Loss: 0.2233 | Val Acc: 97.72% | Best at iter 3000
  Iter 47000/50000 | Val Loss: 0.2261 | Val Acc: 98.18% | Best at iter 3000
  Iter 48000/50000 | Val Loss: 0.2373 | Val Acc: 98.10% | Best at iter 3000
  Iter 49000/50000 | Val Loss: 0.2562 | Val Acc: 98.14% | Best at iter 3000
  Iter 50000/50000 | Val Loss: 0.2207 | Val Acc: 98.10% | Best at iter 3000
[PRUNE] Pruning to 26.21%...
[RESET] Resetting to initial weights...

==================================================
FINAL TRAINING at 26.21%
==================================================
  Iter 1000/50000 | Val Loss: 0.0897 | Val Acc: 97.24% | Best at iter 800
  Iter 2000/50000 | Val Loss: 0.0691 | Val Acc: 97.86% | Best at iter 2000
  Iter 3000/50000 | Val Loss: 0.0635 | Val Acc: 97.98% | Best at iter 3000
  Iter 4000/50000 | Val Loss: 0.0712 | Val Acc: 98.22% | Best at iter 3000
  Iter 5000/50000 | Val Loss: 0.0758 | Val Acc: 97.96% | Best at iter 3000
  Iter 6000/50000 | Val Loss: 0.0959 | Val Acc: 97.70% | Best at iter 3000
  Iter 7000/50000 | Val Loss: 0.1118 | Val Acc: 97.84% | Best at iter 3000
  Iter 8000/50000 | Val Loss: 0.0962 | Val Acc: 97.92% | Best at iter 3000
  Iter 9000/50000 | Val Loss: 0.1049 | Val Acc: 97.84% | Best at iter 3000
  Iter 10000/50000 | Val Loss: 0.0932 | Val Acc: 98.02% | Best at iter 3000
  Iter 11000/50000 | Val Loss: 0.1136 | Val Acc: 97.76% | Best at iter 3000
  Iter 12000/50000 | Val Loss: 0.1059 | Val Acc: 98.16% | Best at iter 3000
  Iter 13000/50000 | Val Loss: 0.1082 | Val Acc: 97.98% | Best at iter 3000
  Iter 14000/50000 | Val Loss: 0.1129 | Val Acc: 98.20% | Best at iter 3000
  Iter 15000/50000 | Val Loss: 0.1094 | Val Acc: 98.04% | Best at iter 3000
  Iter 16000/50000 | Val Loss: 0.1166 | Val Acc: 97.90% | Best at iter 3000
  Iter 17000/50000 | Val Loss: 0.1241 | Val Acc: 98.08% | Best at iter 3000
  Iter 18000/50000 | Val Loss: 0.1193 | Val Acc: 98.30% | Best at iter 3000
  Iter 19000/50000 | Val Loss: 0.1449 | Val Acc: 97.68% | Best at iter 3000
  Iter 20000/50000 | Val Loss: 0.1278 | Val Acc: 98.12% | Best at iter 3000
  Iter 21000/50000 | Val Loss: 0.1287 | Val Acc: 97.98% | Best at iter 3000
  Iter 22000/50000 | Val Loss: 0.1195 | Val Acc: 98.08% | Best at iter 3000
  Iter 23000/50000 | Val Loss: 0.1473 | Val Acc: 97.92% | Best at iter 3000
  Iter 24000/50000 | Val Loss: 0.1409 | Val Acc: 97.96% | Best at iter 3000
  Iter 25000/50000 | Val Loss: 0.1533 | Val Acc: 97.86% | Best at iter 3000
  Iter 26000/50000 | Val Loss: 0.1984 | Val Acc: 97.66% | Best at iter 3000
  Iter 27000/50000 | Val Loss: 0.1620 | Val Acc: 97.94% | Best at iter 3000
  Iter 28000/50000 | Val Loss: 0.1837 | Val Acc: 97.86% | Best at iter 3000
  Iter 29000/50000 | Val Loss: 0.1593 | Val Acc: 98.04% | Best at iter 3000
  Iter 30000/50000 | Val Loss: 0.1870 | Val Acc: 97.84% | Best at iter 3000
  Iter 31000/50000 | Val Loss: 0.1653 | Val Acc: 98.08% | Best at iter 3000
  Iter 32000/50000 | Val Loss: 0.1862 | Val Acc: 97.82% | Best at iter 3000
  Iter 33000/50000 | Val Loss: 0.1604 | Val Acc: 97.98% | Best at iter 3000
  Iter 34000/50000 | Val Loss: 0.1613 | Val Acc: 98.16% | Best at iter 3000
  Iter 35000/50000 | Val Loss: 0.1683 | Val Acc: 98.02% | Best at iter 3000
  Iter 36000/50000 | Val Loss: 0.1651 | Val Acc: 98.14% | Best at iter 3000
  Iter 37000/50000 | Val Loss: 0.1671 | Val Acc: 98.32% | Best at iter 3000
  Iter 38000/50000 | Val Loss: 0.1843 | Val Acc: 98.06% | Best at iter 3000
  Iter 39000/50000 | Val Loss: 0.1711 | Val Acc: 98.00% | Best at iter 3000
  Iter 40000/50000 | Val Loss: 0.1760 | Val Acc: 97.94% | Best at iter 3000
  Iter 41000/50000 | Val Loss: 0.1885 | Val Acc: 97.98% | Best at iter 3000
  Iter 42000/50000 | Val Loss: 0.2207 | Val Acc: 97.96% | Best at iter 3000
  Iter 43000/50000 | Val Loss: 0.1912 | Val Acc: 97.98% | Best at iter 3000
  Iter 44000/50000 | Val Loss: 0.1762 | Val Acc: 98.08% | Best at iter 3000
  Iter 45000/50000 | Val Loss: 0.1744 | Val Acc: 98.06% | Best at iter 3000
  Iter 46000/50000 | Val Loss: 0.1933 | Val Acc: 97.94% | Best at iter 3000
  Iter 47000/50000 | Val Loss: 0.2212 | Val Acc: 97.98% | Best at iter 3000
  Iter 48000/50000 | Val Loss: 0.2246 | Val Acc: 97.98% | Best at iter 3000
  Iter 49000/50000 | Val Loss: 0.2260 | Val Acc: 97.86% | Best at iter 3000
  Iter 50000/50000 | Val Loss: 0.1881 | Val Acc: 98.20% | Best at iter 3000

──────────────────────────────────────────────────────────────────────
Early stop: iteration 3000
Val loss at early stop: 0.0635
Test accuracy at early stop: 97.98%
──────────────────────────────────────────────────────────────────────

======================================================================
Iterative Winning Ticket
Sparsity: 13.4% | Trial: 1/3
======================================================================
[1] Saving initial weights...

--- Round 1 (current: 100.00%) ---
[TRAIN] Training...
  Iter 1000/50000 | Val Loss: 0.1205 | Val Acc: 96.32% | Best at iter 1000
  Iter 2000/50000 | Val Loss: 0.1042 | Val Acc: 96.94% | Best at iter 1500
  Iter 3000/50000 | Val Loss: 0.0897 | Val Acc: 97.36% | Best at iter 2700
  Iter 4000/50000 | Val Loss: 0.1064 | Val Acc: 97.18% | Best at iter 2700
  Iter 5000/50000 | Val Loss: 0.0818 | Val Acc: 97.70% | Best at iter 5000
  Iter 6000/50000 | Val Loss: 0.1148 | Val Acc: 97.26% | Best at iter 5100
  Iter 7000/50000 | Val Loss: 0.1207 | Val Acc: 96.96% | Best at iter 5100
  Iter 8000/50000 | Val Loss: 0.1293 | Val Acc: 97.14% | Best at iter 5100
  Iter 9000/50000 | Val Loss: 0.1169 | Val Acc: 97.54% | Best at iter 5100
  Iter 10000/50000 | Val Loss: 0.1228 | Val Acc: 97.42% | Best at iter 5100
  Iter 11000/50000 | Val Loss: 0.0853 | Val Acc: 98.30% | Best at iter 5100
  Iter 12000/50000 | Val Loss: 0.1676 | Val Acc: 97.02% | Best at iter 5100
  Iter 13000/50000 | Val Loss: 0.1423 | Val Acc: 97.42% | Best at iter 5100
  Iter 14000/50000 | Val Loss: 0.1073 | Val Acc: 97.58% | Best at iter 5100
  Iter 15000/50000 | Val Loss: 0.1381 | Val Acc: 97.82% | Best at iter 5100
  Iter 16000/50000 | Val Loss: 0.1228 | Val Acc: 97.82% | Best at iter 5100
  Iter 17000/50000 | Val Loss: 0.1365 | Val Acc: 97.88% | Best at iter 5100
  Iter 18000/50000 | Val Loss: 0.1383 | Val Acc: 98.04% | Best at iter 5100
  Iter 19000/50000 | Val Loss: 0.1139 | Val Acc: 98.28% | Best at iter 5100
  Iter 20000/50000 | Val Loss: 0.1595 | Val Acc: 97.70% | Best at iter 5100
  Iter 21000/50000 | Val Loss: 0.1695 | Val Acc: 97.78% | Best at iter 5100
  Iter 22000/50000 | Val Loss: 0.1648 | Val Acc: 98.02% | Best at iter 5100
  Iter 23000/50000 | Val Loss: 0.1342 | Val Acc: 97.86% | Best at iter 5100
  Iter 24000/50000 | Val Loss: 0.1786 | Val Acc: 97.76% | Best at iter 5100
  Iter 25000/50000 | Val Loss: 0.1794 | Val Acc: 97.86% | Best at iter 5100
  Iter 26000/50000 | Val Loss: 0.1832 | Val Acc: 97.54% | Best at iter 5100
  Iter 27000/50000 | Val Loss: 0.1734 | Val Acc: 97.84% | Best at iter 5100
  Iter 28000/50000 | Val Loss: 0.1857 | Val Acc: 97.94% | Best at iter 5100
  Iter 29000/50000 | Val Loss: 0.1650 | Val Acc: 98.22% | Best at iter 5100
  Iter 30000/50000 | Val Loss: 0.1926 | Val Acc: 97.88% | Best at iter 5100
  Iter 31000/50000 | Val Loss: 0.1892 | Val Acc: 97.78% | Best at iter 5100
  Iter 32000/50000 | Val Loss: 0.2008 | Val Acc: 97.82% | Best at iter 5100
  Iter 33000/50000 | Val Loss: 0.2138 | Val Acc: 97.48% | Best at iter 5100
  Iter 34000/50000 | Val Loss: 0.1830 | Val Acc: 97.88% | Best at iter 5100
  Iter 35000/50000 | Val Loss: 0.1840 | Val Acc: 97.80% | Best at iter 5100
  Iter 36000/50000 | Val Loss: 0.1976 | Val Acc: 97.78% | Best at iter 5100
  Iter 37000/50000 | Val Loss: 0.2088 | Val Acc: 97.72% | Best at iter 5100
  Iter 38000/50000 | Val Loss: 0.2482 | Val Acc: 97.66% | Best at iter 5100
  Iter 39000/50000 | Val Loss: 0.2570 | Val Acc: 97.92% | Best at iter 5100
  Iter 40000/50000 | Val Loss: 0.2164 | Val Acc: 98.10% | Best at iter 5100
  Iter 41000/50000 | Val Loss: 0.1841 | Val Acc: 98.20% | Best at iter 5100
  Iter 42000/50000 | Val Loss: 0.2333 | Val Acc: 97.68% | Best at iter 5100
  Iter 43000/50000 | Val Loss: 0.2619 | Val Acc: 97.68% | Best at iter 5100
  Iter 44000/50000 | Val Loss: 0.2628 | Val Acc: 97.68% | Best at iter 5100
  Iter 45000/50000 | Val Loss: 0.2248 | Val Acc: 97.90% | Best at iter 5100
  Iter 46000/50000 | Val Loss: 0.2742 | Val Acc: 97.74% | Best at iter 5100
  Iter 47000/50000 | Val Loss: 0.2299 | Val Acc: 98.04% | Best at iter 5100
  Iter 48000/50000 | Val Loss: 0.2381 | Val Acc: 97.92% | Best at iter 5100
  Iter 49000/50000 | Val Loss: 0.2546 | Val Acc: 97.92% | Best at iter 5100
  Iter 50000/50000 | Val Loss: 0.2766 | Val Acc: 97.96% | Best at iter 5100
[PRUNE] Pruning to 80.00%...
[RESET] Resetting to initial weights...

--- Round 2 (current: 80.00%) ---
[TRAIN] Training...
  Iter 1000/50000 | Val Loss: 0.1091 | Val Acc: 96.74% | Best at iter 900
  Iter 2000/50000 | Val Loss: 0.0927 | Val Acc: 97.36% | Best at iter 1900
  Iter 3000/50000 | Val Loss: 0.0864 | Val Acc: 97.54% | Best at iter 2800
  Iter 4000/50000 | Val Loss: 0.0922 | Val Acc: 97.42% | Best at iter 3100
  Iter 5000/50000 | Val Loss: 0.1045 | Val Acc: 97.36% | Best at iter 3100
  Iter 6000/50000 | Val Loss: 0.0964 | Val Acc: 97.90% | Best at iter 3100
  Iter 7000/50000 | Val Loss: 0.1127 | Val Acc: 97.68% | Best at iter 3100
  Iter 8000/50000 | Val Loss: 0.1145 | Val Acc: 97.38% | Best at iter 3100
  Iter 9000/50000 | Val Loss: 0.1180 | Val Acc: 97.54% | Best at iter 3100
  Iter 10000/50000 | Val Loss: 0.0999 | Val Acc: 98.00% | Best at iter 3100
  Iter 11000/50000 | Val Loss: 0.1194 | Val Acc: 97.40% | Best at iter 3100
  Iter 12000/50000 | Val Loss: 0.1147 | Val Acc: 97.86% | Best at iter 3100
  Iter 13000/50000 | Val Loss: 0.1117 | Val Acc: 98.10% | Best at iter 3100
  Iter 14000/50000 | Val Loss: 0.1329 | Val Acc: 97.46% | Best at iter 3100
  Iter 15000/50000 | Val Loss: 0.1205 | Val Acc: 97.80% | Best at iter 3100
  Iter 16000/50000 | Val Loss: 0.1389 | Val Acc: 97.78% | Best at iter 3100
  Iter 17000/50000 | Val Loss: 0.1328 | Val Acc: 97.78% | Best at iter 3100
  Iter 18000/50000 | Val Loss: 0.1326 | Val Acc: 97.82% | Best at iter 3100
  Iter 19000/50000 | Val Loss: 0.1416 | Val Acc: 98.00% | Best at iter 3100
  Iter 20000/50000 | Val Loss: 0.1688 | Val Acc: 97.54% | Best at iter 3100
  Iter 21000/50000 | Val Loss: 0.1697 | Val Acc: 97.60% | Best at iter 3100
  Iter 22000/50000 | Val Loss: 0.1500 | Val Acc: 97.58% | Best at iter 3100
  Iter 23000/50000 | Val Loss: 0.1518 | Val Acc: 97.74% | Best at iter 3100
  Iter 24000/50000 | Val Loss: 0.1842 | Val Acc: 97.42% | Best at iter 3100
  Iter 25000/50000 | Val Loss: 0.1393 | Val Acc: 98.04% | Best at iter 3100
  Iter 26000/50000 | Val Loss: 0.1938 | Val Acc: 97.66% | Best at iter 3100
  Iter 27000/50000 | Val Loss: 0.1725 | Val Acc: 97.90% | Best at iter 3100
  Iter 28000/50000 | Val Loss: 0.1708 | Val Acc: 97.74% | Best at iter 3100
  Iter 29000/50000 | Val Loss: 0.1588 | Val Acc: 97.94% | Best at iter 3100
  Iter 30000/50000 | Val Loss: 0.1754 | Val Acc: 98.02% | Best at iter 3100
  Iter 31000/50000 | Val Loss: 0.1562 | Val Acc: 97.84% | Best at iter 3100
  Iter 32000/50000 | Val Loss: 0.1793 | Val Acc: 97.80% | Best at iter 3100
  Iter 33000/50000 | Val Loss: 0.1914 | Val Acc: 97.74% | Best at iter 3100
  Iter 34000/50000 | Val Loss: 0.1889 | Val Acc: 98.04% | Best at iter 3100
  Iter 35000/50000 | Val Loss: 0.2129 | Val Acc: 97.56% | Best at iter 3100
  Iter 36000/50000 | Val Loss: 0.1628 | Val Acc: 98.06% | Best at iter 3100
  Iter 37000/50000 | Val Loss: 0.1992 | Val Acc: 97.88% | Best at iter 3100
  Iter 38000/50000 | Val Loss: 0.1982 | Val Acc: 97.98% | Best at iter 3100
  Iter 39000/50000 | Val Loss: 0.2268 | Val Acc: 97.86% | Best at iter 3100
  Iter 40000/50000 | Val Loss: 0.2041 | Val Acc: 97.86% | Best at iter 3100
  Iter 41000/50000 | Val Loss: 0.2302 | Val Acc: 97.94% | Best at iter 3100
  Iter 42000/50000 | Val Loss: 0.1933 | Val Acc: 97.98% | Best at iter 3100
  Iter 43000/50000 | Val Loss: 0.2070 | Val Acc: 98.18% | Best at iter 3100
  Iter 44000/50000 | Val Loss: 0.2275 | Val Acc: 97.66% | Best at iter 3100
  Iter 45000/50000 | Val Loss: 0.2558 | Val Acc: 97.70% | Best at iter 3100
  Iter 46000/50000 | Val Loss: 0.2117 | Val Acc: 97.96% | Best at iter 3100
  Iter 47000/50000 | Val Loss: 0.2104 | Val Acc: 97.94% | Best at iter 3100
  Iter 48000/50000 | Val Loss: 0.2273 | Val Acc: 97.84% | Best at iter 3100
  Iter 49000/50000 | Val Loss: 0.2637 | Val Acc: 97.60% | Best at iter 3100
  Iter 50000/50000 | Val Loss: 0.2457 | Val Acc: 97.74% | Best at iter 3100
[PRUNE] Pruning to 64.00%...
[RESET] Resetting to initial weights...

--- Round 3 (current: 64.00%) ---
[TRAIN] Training...
  Iter 1000/50000 | Val Loss: 0.1059 | Val Acc: 96.94% | Best at iter 1000
  Iter 2000/50000 | Val Loss: 0.0844 | Val Acc: 97.50% | Best at iter 2000
  Iter 3000/50000 | Val Loss: 0.0915 | Val Acc: 97.44% | Best at iter 2900
  Iter 4000/50000 | Val Loss: 0.0939 | Val Acc: 97.38% | Best at iter 2900
  Iter 5000/50000 | Val Loss: 0.1086 | Val Acc: 97.54% | Best at iter 2900
  Iter 6000/50000 | Val Loss: 0.0898 | Val Acc: 97.92% | Best at iter 2900
  Iter 7000/50000 | Val Loss: 0.0896 | Val Acc: 98.08% | Best at iter 2900
  Iter 8000/50000 | Val Loss: 0.1064 | Val Acc: 97.50% | Best at iter 2900
  Iter 9000/50000 | Val Loss: 0.1436 | Val Acc: 97.12% | Best at iter 2900
  Iter 10000/50000 | Val Loss: 0.1339 | Val Acc: 97.58% | Best at iter 2900
  Iter 11000/50000 | Val Loss: 0.1197 | Val Acc: 97.60% | Best at iter 2900
  Iter 12000/50000 | Val Loss: 0.1050 | Val Acc: 98.12% | Best at iter 2900
  Iter 13000/50000 | Val Loss: 0.1116 | Val Acc: 97.88% | Best at iter 2900
  Iter 14000/50000 | Val Loss: 0.0973 | Val Acc: 98.28% | Best at iter 2900
  Iter 15000/50000 | Val Loss: 0.1394 | Val Acc: 97.70% | Best at iter 2900
  Iter 16000/50000 | Val Loss: 0.1326 | Val Acc: 98.02% | Best at iter 2900
  Iter 17000/50000 | Val Loss: 0.1407 | Val Acc: 97.92% | Best at iter 2900
  Iter 18000/50000 | Val Loss: 0.1365 | Val Acc: 97.80% | Best at iter 2900
  Iter 19000/50000 | Val Loss: 0.1186 | Val Acc: 98.04% | Best at iter 2900
  Iter 20000/50000 | Val Loss: 0.1468 | Val Acc: 97.66% | Best at iter 2900
  Iter 21000/50000 | Val Loss: 0.1820 | Val Acc: 97.34% | Best at iter 2900
  Iter 22000/50000 | Val Loss: 0.1519 | Val Acc: 97.78% | Best at iter 2900
  Iter 23000/50000 | Val Loss: 0.1365 | Val Acc: 97.90% | Best at iter 2900
  Iter 24000/50000 | Val Loss: 0.1733 | Val Acc: 97.78% | Best at iter 2900
  Iter 25000/50000 | Val Loss: 0.1372 | Val Acc: 97.96% | Best at iter 2900
  Iter 26000/50000 | Val Loss: 0.1650 | Val Acc: 97.44% | Best at iter 2900
  Iter 27000/50000 | Val Loss: 0.1498 | Val Acc: 97.86% | Best at iter 2900
  Iter 28000/50000 | Val Loss: 0.1542 | Val Acc: 97.88% | Best at iter 2900
  Iter 29000/50000 | Val Loss: 0.1305 | Val Acc: 98.32% | Best at iter 2900
  Iter 30000/50000 | Val Loss: 0.1495 | Val Acc: 98.28% | Best at iter 2900
  Iter 31000/50000 | Val Loss: 0.1615 | Val Acc: 98.02% | Best at iter 2900
  Iter 32000/50000 | Val Loss: 0.1831 | Val Acc: 97.88% | Best at iter 2900
  Iter 33000/50000 | Val Loss: 0.1600 | Val Acc: 98.06% | Best at iter 2900
  Iter 34000/50000 | Val Loss: 0.1820 | Val Acc: 97.72% | Best at iter 2900
  Iter 35000/50000 | Val Loss: 0.2200 | Val Acc: 97.54% | Best at iter 2900
  Iter 36000/50000 | Val Loss: 0.2238 | Val Acc: 97.84% | Best at iter 2900
  Iter 37000/50000 | Val Loss: 0.1961 | Val Acc: 97.90% | Best at iter 2900
  Iter 38000/50000 | Val Loss: 0.1877 | Val Acc: 97.94% | Best at iter 2900
  Iter 39000/50000 | Val Loss: 0.1796 | Val Acc: 98.12% | Best at iter 2900
  Iter 40000/50000 | Val Loss: 0.2245 | Val Acc: 97.76% | Best at iter 2900
  Iter 41000/50000 | Val Loss: 0.2136 | Val Acc: 97.72% | Best at iter 2900
  Iter 42000/50000 | Val Loss: 0.2133 | Val Acc: 97.70% | Best at iter 2900
  Iter 43000/50000 | Val Loss: 0.1996 | Val Acc: 97.62% | Best at iter 2900
  Iter 44000/50000 | Val Loss: 0.2156 | Val Acc: 97.98% | Best at iter 2900
  Iter 45000/50000 | Val Loss: 0.1954 | Val Acc: 98.16% | Best at iter 2900
  Iter 46000/50000 | Val Loss: 0.2538 | Val Acc: 97.74% | Best at iter 2900
  Iter 47000/50000 | Val Loss: 0.2442 | Val Acc: 97.72% | Best at iter 2900
  Iter 48000/50000 | Val Loss: 0.2369 | Val Acc: 97.82% | Best at iter 2900
  Iter 49000/50000 | Val Loss: 0.2443 | Val Acc: 97.90% | Best at iter 2900
  Iter 50000/50000 | Val Loss: 0.2512 | Val Acc: 97.88% | Best at iter 2900
[PRUNE] Pruning to 51.20%...
[RESET] Resetting to initial weights...

--- Round 4 (current: 51.20%) ---
[TRAIN] Training...
  Iter 1000/50000 | Val Loss: 0.0957 | Val Acc: 97.26% | Best at iter 1000
  Iter 2000/50000 | Val Loss: 0.0870 | Val Acc: 97.38% | Best at iter 1900
  Iter 3000/50000 | Val Loss: 0.0748 | Val Acc: 97.86% | Best at iter 2600
  Iter 4000/50000 | Val Loss: 0.0926 | Val Acc: 97.54% | Best at iter 3400
  Iter 5000/50000 | Val Loss: 0.1021 | Val Acc: 97.24% | Best at iter 3400
  Iter 6000/50000 | Val Loss: 0.1050 | Val Acc: 97.30% | Best at iter 3400
  Iter 7000/50000 | Val Loss: 0.0910 | Val Acc: 97.52% | Best at iter 3400
  Iter 8000/50000 | Val Loss: 0.1127 | Val Acc: 97.48% | Best at iter 3400
  Iter 9000/50000 | Val Loss: 0.1190 | Val Acc: 97.62% | Best at iter 3400
  Iter 10000/50000 | Val Loss: 0.1006 | Val Acc: 97.98% | Best at iter 3400
  Iter 11000/50000 | Val Loss: 0.1103 | Val Acc: 97.78% | Best at iter 3400
  Iter 12000/50000 | Val Loss: 0.1107 | Val Acc: 97.62% | Best at iter 3400
  Iter 13000/50000 | Val Loss: 0.0944 | Val Acc: 98.02% | Best at iter 3400
  Iter 14000/50000 | Val Loss: 0.1000 | Val Acc: 98.14% | Best at iter 3400
  Iter 15000/50000 | Val Loss: 0.1334 | Val Acc: 97.72% | Best at iter 3400
  Iter 16000/50000 | Val Loss: 0.1359 | Val Acc: 97.62% | Best at iter 3400
  Iter 17000/50000 | Val Loss: 0.1665 | Val Acc: 97.46% | Best at iter 3400
  Iter 18000/50000 | Val Loss: 0.1120 | Val Acc: 98.20% | Best at iter 3400
  Iter 19000/50000 | Val Loss: 0.1442 | Val Acc: 97.64% | Best at iter 3400
  Iter 20000/50000 | Val Loss: 0.1297 | Val Acc: 97.66% | Best at iter 3400
  Iter 21000/50000 | Val Loss: 0.1271 | Val Acc: 98.20% | Best at iter 3400
  Iter 22000/50000 | Val Loss: 0.1983 | Val Acc: 97.28% | Best at iter 3400
  Iter 23000/50000 | Val Loss: 0.1384 | Val Acc: 98.14% | Best at iter 3400
  Iter 24000/50000 | Val Loss: 0.1303 | Val Acc: 98.10% | Best at iter 3400
  Iter 25000/50000 | Val Loss: 0.1451 | Val Acc: 98.06% | Best at iter 3400
  Iter 26000/50000 | Val Loss: 0.1333 | Val Acc: 97.86% | Best at iter 3400
  Iter 27000/50000 | Val Loss: 0.1434 | Val Acc: 98.14% | Best at iter 3400
  Iter 28000/50000 | Val Loss: 0.1541 | Val Acc: 98.02% | Best at iter 3400
  Iter 29000/50000 | Val Loss: 0.1669 | Val Acc: 97.94% | Best at iter 3400
  Iter 30000/50000 | Val Loss: 0.1583 | Val Acc: 97.86% | Best at iter 3400
  Iter 31000/50000 | Val Loss: 0.1831 | Val Acc: 98.08% | Best at iter 3400
  Iter 32000/50000 | Val Loss: 0.1643 | Val Acc: 98.10% | Best at iter 3400
  Iter 33000/50000 | Val Loss: 0.1523 | Val Acc: 98.18% | Best at iter 3400
  Iter 34000/50000 | Val Loss: 0.1495 | Val Acc: 98.28% | Best at iter 3400
  Iter 35000/50000 | Val Loss: 0.1823 | Val Acc: 97.90% | Best at iter 3400
  Iter 36000/50000 | Val Loss: 0.1631 | Val Acc: 98.18% | Best at iter 3400
  Iter 37000/50000 | Val Loss: 0.1502 | Val Acc: 98.28% | Best at iter 3400
  Iter 38000/50000 | Val Loss: 0.1843 | Val Acc: 98.20% | Best at iter 3400
  Iter 39000/50000 | Val Loss: 0.1751 | Val Acc: 97.98% | Best at iter 3400
  Iter 40000/50000 | Val Loss: 0.1714 | Val Acc: 98.18% | Best at iter 3400
  Iter 41000/50000 | Val Loss: 0.1933 | Val Acc: 97.92% | Best at iter 3400
  Iter 42000/50000 | Val Loss: 0.1935 | Val Acc: 98.26% | Best at iter 3400
  Iter 43000/50000 | Val Loss: 0.2012 | Val Acc: 98.10% | Best at iter 3400
  Iter 44000/50000 | Val Loss: 0.1996 | Val Acc: 98.14% | Best at iter 3400
  Iter 45000/50000 | Val Loss: 0.1909 | Val Acc: 98.22% | Best at iter 3400
  Iter 46000/50000 | Val Loss: 0.2298 | Val Acc: 97.90% | Best at iter 3400
  Iter 47000/50000 | Val Loss: 0.1807 | Val Acc: 98.42% | Best at iter 3400
  Iter 48000/50000 | Val Loss: 0.1864 | Val Acc: 98.30% | Best at iter 3400
  Iter 49000/50000 | Val Loss: 0.1977 | Val Acc: 98.20% | Best at iter 3400
  Iter 50000/50000 | Val Loss: 0.2441 | Val Acc: 97.74% | Best at iter 3400
[PRUNE] Pruning to 40.96%...
[RESET] Resetting to initial weights...

--- Round 5 (current: 40.96%) ---
[TRAIN] Training...
  Iter 1000/50000 | Val Loss: 0.0963 | Val Acc: 97.32% | Best at iter 1000
  Iter 2000/50000 | Val Loss: 0.0776 | Val Acc: 97.74% | Best at iter 1700
  Iter 3000/50000 | Val Loss: 0.0861 | Val Acc: 97.58% | Best at iter 2200
  Iter 4000/50000 | Val Loss: 0.0884 | Val Acc: 97.52% | Best at iter 3300
  Iter 5000/50000 | Val Loss: 0.0940 | Val Acc: 97.56% | Best at iter 3300
  Iter 6000/50000 | Val Loss: 0.0847 | Val Acc: 98.12% | Best at iter 3300
  Iter 7000/50000 | Val Loss: 0.1017 | Val Acc: 97.46% | Best at iter 3300
  Iter 8000/50000 | Val Loss: 0.0898 | Val Acc: 98.20% | Best at iter 3300
  Iter 9000/50000 | Val Loss: 0.0962 | Val Acc: 97.90% | Best at iter 3300
  Iter 10000/50000 | Val Loss: 0.1113 | Val Acc: 97.74% | Best at iter 3300
  Iter 11000/50000 | Val Loss: 0.1227 | Val Acc: 97.42% | Best at iter 3300
  Iter 12000/50000 | Val Loss: 0.1108 | Val Acc: 97.94% | Best at iter 3300
  Iter 13000/50000 | Val Loss: 0.0924 | Val Acc: 98.30% | Best at iter 3300
  Iter 14000/50000 | Val Loss: 0.0953 | Val Acc: 97.94% | Best at iter 3300
  Iter 15000/50000 | Val Loss: 0.1330 | Val Acc: 97.88% | Best at iter 3300
  Iter 16000/50000 | Val Loss: 0.1134 | Val Acc: 98.38% | Best at iter 3300
  Iter 17000/50000 | Val Loss: 0.1538 | Val Acc: 97.86% | Best at iter 3300
  Iter 18000/50000 | Val Loss: 0.1146 | Val Acc: 98.20% | Best at iter 3300
  Iter 19000/50000 | Val Loss: 0.1113 | Val Acc: 98.14% | Best at iter 3300
  Iter 20000/50000 | Val Loss: 0.1410 | Val Acc: 97.70% | Best at iter 3300
  Iter 21000/50000 | Val Loss: 0.1532 | Val Acc: 97.68% | Best at iter 3300
  Iter 22000/50000 | Val Loss: 0.1582 | Val Acc: 98.06% | Best at iter 3300
  Iter 23000/50000 | Val Loss: 0.1438 | Val Acc: 97.98% | Best at iter 3300
  Iter 24000/50000 | Val Loss: 0.1530 | Val Acc: 98.06% | Best at iter 3300
  Iter 25000/50000 | Val Loss: 0.1479 | Val Acc: 98.30% | Best at iter 3300
  Iter 26000/50000 | Val Loss: 0.1460 | Val Acc: 98.02% | Best at iter 3300
  Iter 27000/50000 | Val Loss: 0.1553 | Val Acc: 98.00% | Best at iter 3300
  Iter 28000/50000 | Val Loss: 0.1835 | Val Acc: 97.70% | Best at iter 3300
  Iter 29000/50000 | Val Loss: 0.1845 | Val Acc: 97.92% | Best at iter 3300
  Iter 30000/50000 | Val Loss: 0.1916 | Val Acc: 97.92% | Best at iter 3300
  Iter 31000/50000 | Val Loss: 0.1508 | Val Acc: 98.34% | Best at iter 3300
  Iter 32000/50000 | Val Loss: 0.1989 | Val Acc: 97.74% | Best at iter 3300
  Iter 33000/50000 | Val Loss: 0.1716 | Val Acc: 98.14% | Best at iter 3300
  Iter 34000/50000 | Val Loss: 0.1900 | Val Acc: 97.94% | Best at iter 3300
  Iter 35000/50000 | Val Loss: 0.1856 | Val Acc: 98.04% | Best at iter 3300
  Iter 36000/50000 | Val Loss: 0.1850 | Val Acc: 97.84% | Best at iter 3300
  Iter 37000/50000 | Val Loss: 0.1900 | Val Acc: 97.70% | Best at iter 3300
  Iter 38000/50000 | Val Loss: 0.1674 | Val Acc: 98.10% | Best at iter 3300
  Iter 39000/50000 | Val Loss: 0.1929 | Val Acc: 97.84% | Best at iter 3300
  Iter 40000/50000 | Val Loss: 0.1673 | Val Acc: 98.08% | Best at iter 3300
  Iter 41000/50000 | Val Loss: 0.1612 | Val Acc: 98.24% | Best at iter 3300
  Iter 42000/50000 | Val Loss: 0.1787 | Val Acc: 98.14% | Best at iter 3300
  Iter 43000/50000 | Val Loss: 0.2077 | Val Acc: 98.08% | Best at iter 3300
  Iter 44000/50000 | Val Loss: 0.2259 | Val Acc: 97.98% | Best at iter 3300
  Iter 45000/50000 | Val Loss: 0.1880 | Val Acc: 98.14% | Best at iter 3300
  Iter 46000/50000 | Val Loss: 0.2319 | Val Acc: 97.94% | Best at iter 3300
  Iter 47000/50000 | Val Loss: 0.1959 | Val Acc: 98.06% | Best at iter 3300
  Iter 48000/50000 | Val Loss: 0.1953 | Val Acc: 98.36% | Best at iter 3300
  Iter 49000/50000 | Val Loss: 0.1936 | Val Acc: 98.10% | Best at iter 3300
  Iter 50000/50000 | Val Loss: 0.2249 | Val Acc: 98.14% | Best at iter 3300
[PRUNE] Pruning to 32.77%...
[RESET] Resetting to initial weights...

--- Round 6 (current: 32.77%) ---
[TRAIN] Training...
  Iter 1000/50000 | Val Loss: 0.0882 | Val Acc: 97.30% | Best at iter 1000
  Iter 2000/50000 | Val Loss: 0.0817 | Val Acc: 97.34% | Best at iter 1900
  Iter 3000/50000 | Val Loss: 0.0680 | Val Acc: 97.94% | Best at iter 2900
  Iter 4000/50000 | Val Loss: 0.0860 | Val Acc: 97.78% | Best at iter 2900
  Iter 5000/50000 | Val Loss: 0.0783 | Val Acc: 98.02% | Best at iter 2900
  Iter 6000/50000 | Val Loss: 0.0845 | Val Acc: 97.88% | Best at iter 2900
  Iter 7000/50000 | Val Loss: 0.0870 | Val Acc: 97.94% | Best at iter 2900
  Iter 8000/50000 | Val Loss: 0.0983 | Val Acc: 97.98% | Best at iter 2900
  Iter 9000/50000 | Val Loss: 0.1176 | Val Acc: 97.60% | Best at iter 2900
  Iter 10000/50000 | Val Loss: 0.0942 | Val Acc: 98.08% | Best at iter 2900
  Iter 11000/50000 | Val Loss: 0.1021 | Val Acc: 97.96% | Best at iter 2900
  Iter 12000/50000 | Val Loss: 0.1000 | Val Acc: 98.06% | Best at iter 2900
  Iter 13000/50000 | Val Loss: 0.1335 | Val Acc: 97.56% | Best at iter 2900
  Iter 14000/50000 | Val Loss: 0.1155 | Val Acc: 97.86% | Best at iter 2900
  Iter 15000/50000 | Val Loss: 0.1164 | Val Acc: 97.90% | Best at iter 2900
  Iter 16000/50000 | Val Loss: 0.1225 | Val Acc: 98.04% | Best at iter 2900
  Iter 17000/50000 | Val Loss: 0.1240 | Val Acc: 97.80% | Best at iter 2900
  Iter 18000/50000 | Val Loss: 0.1278 | Val Acc: 97.92% | Best at iter 2900
  Iter 19000/50000 | Val Loss: 0.1461 | Val Acc: 97.88% | Best at iter 2900
  Iter 20000/50000 | Val Loss: 0.1255 | Val Acc: 97.96% | Best at iter 2900
  Iter 21000/50000 | Val Loss: 0.1486 | Val Acc: 97.98% | Best at iter 2900
  Iter 22000/50000 | Val Loss: 0.1414 | Val Acc: 97.92% | Best at iter 2900
  Iter 23000/50000 | Val Loss: 0.1614 | Val Acc: 97.76% | Best at iter 2900
  Iter 24000/50000 | Val Loss: 0.1604 | Val Acc: 97.96% | Best at iter 2900
  Iter 25000/50000 | Val Loss: 0.1740 | Val Acc: 97.78% | Best at iter 2900
  Iter 26000/50000 | Val Loss: 0.1634 | Val Acc: 98.08% | Best at iter 2900
  Iter 27000/50000 | Val Loss: 0.1644 | Val Acc: 98.00% | Best at iter 2900
  Iter 28000/50000 | Val Loss: 0.1440 | Val Acc: 97.98% | Best at iter 2900
  Iter 29000/50000 | Val Loss: 0.1702 | Val Acc: 97.96% | Best at iter 2900
  Iter 30000/50000 | Val Loss: 0.1736 | Val Acc: 97.70% | Best at iter 2900
  Iter 31000/50000 | Val Loss: 0.1928 | Val Acc: 97.78% | Best at iter 2900
  Iter 32000/50000 | Val Loss: 0.1746 | Val Acc: 98.06% | Best at iter 2900
  Iter 33000/50000 | Val Loss: 0.1815 | Val Acc: 97.80% | Best at iter 2900
  Iter 34000/50000 | Val Loss: 0.1647 | Val Acc: 98.10% | Best at iter 2900
  Iter 35000/50000 | Val Loss: 0.2077 | Val Acc: 97.78% | Best at iter 2900
  Iter 36000/50000 | Val Loss: 0.1682 | Val Acc: 98.26% | Best at iter 2900
  Iter 37000/50000 | Val Loss: 0.1549 | Val Acc: 98.18% | Best at iter 2900
  Iter 38000/50000 | Val Loss: 0.1664 | Val Acc: 97.94% | Best at iter 2900
  Iter 39000/50000 | Val Loss: 0.1637 | Val Acc: 98.02% | Best at iter 2900
  Iter 40000/50000 | Val Loss: 0.1736 | Val Acc: 98.08% | Best at iter 2900
  Iter 41000/50000 | Val Loss: 0.1787 | Val Acc: 98.10% | Best at iter 2900
  Iter 42000/50000 | Val Loss: 0.1848 | Val Acc: 98.10% | Best at iter 2900
  Iter 43000/50000 | Val Loss: 0.1724 | Val Acc: 98.28% | Best at iter 2900
  Iter 44000/50000 | Val Loss: 0.1751 | Val Acc: 98.14% | Best at iter 2900
  Iter 45000/50000 | Val Loss: 0.1944 | Val Acc: 97.88% | Best at iter 2900
  Iter 46000/50000 | Val Loss: 0.1944 | Val Acc: 98.02% | Best at iter 2900
  Iter 47000/50000 | Val Loss: 0.2293 | Val Acc: 98.02% | Best at iter 2900
  Iter 48000/50000 | Val Loss: 0.1902 | Val Acc: 98.10% | Best at iter 2900
  Iter 49000/50000 | Val Loss: 0.2142 | Val Acc: 98.06% | Best at iter 2900
  Iter 50000/50000 | Val Loss: 0.2107 | Val Acc: 98.00% | Best at iter 2900
[PRUNE] Pruning to 26.21%...
[RESET] Resetting to initial weights...

--- Round 7 (current: 26.21%) ---
[TRAIN] Training...
  Iter 1000/50000 | Val Loss: 0.0845 | Val Acc: 97.42% | Best at iter 1000
  Iter 2000/50000 | Val Loss: 0.0719 | Val Acc: 97.96% | Best at iter 2000
  Iter 3000/50000 | Val Loss: 0.0769 | Val Acc: 97.68% | Best at iter 2800
  Iter 4000/50000 | Val Loss: 0.0704 | Val Acc: 98.06% | Best at iter 3300
  Iter 5000/50000 | Val Loss: 0.0779 | Val Acc: 97.76% | Best at iter 3300
  Iter 6000/50000 | Val Loss: 0.0885 | Val Acc: 97.80% | Best at iter 3300
  Iter 7000/50000 | Val Loss: 0.0901 | Val Acc: 97.80% | Best at iter 3300
  Iter 8000/50000 | Val Loss: 0.0942 | Val Acc: 98.04% | Best at iter 3300
  Iter 9000/50000 | Val Loss: 0.0941 | Val Acc: 97.82% | Best at iter 3300
  Iter 10000/50000 | Val Loss: 0.1051 | Val Acc: 97.88% | Best at iter 3300
  Iter 11000/50000 | Val Loss: 0.1245 | Val Acc: 97.82% | Best at iter 3300
  Iter 12000/50000 | Val Loss: 0.0980 | Val Acc: 98.20% | Best at iter 3300
  Iter 13000/50000 | Val Loss: 0.1060 | Val Acc: 97.82% | Best at iter 3300
  Iter 14000/50000 | Val Loss: 0.1269 | Val Acc: 98.08% | Best at iter 3300
  Iter 15000/50000 | Val Loss: 0.1178 | Val Acc: 98.02% | Best at iter 3300
  Iter 16000/50000 | Val Loss: 0.1196 | Val Acc: 97.98% | Best at iter 3300
  Iter 17000/50000 | Val Loss: 0.1278 | Val Acc: 97.90% | Best at iter 3300
  Iter 18000/50000 | Val Loss: 0.1164 | Val Acc: 98.08% | Best at iter 3300
  Iter 19000/50000 | Val Loss: 0.1124 | Val Acc: 98.24% | Best at iter 3300
  Iter 20000/50000 | Val Loss: 0.1409 | Val Acc: 97.88% | Best at iter 3300
  Iter 21000/50000 | Val Loss: 0.1331 | Val Acc: 97.94% | Best at iter 3300
  Iter 22000/50000 | Val Loss: 0.1353 | Val Acc: 98.00% | Best at iter 3300
  Iter 23000/50000 | Val Loss: 0.1442 | Val Acc: 97.94% | Best at iter 3300
  Iter 24000/50000 | Val Loss: 0.1326 | Val Acc: 98.18% | Best at iter 3300
  Iter 25000/50000 | Val Loss: 0.1386 | Val Acc: 98.28% | Best at iter 3300
  Iter 26000/50000 | Val Loss: 0.2239 | Val Acc: 97.38% | Best at iter 3300
  Iter 27000/50000 | Val Loss: 0.1492 | Val Acc: 98.08% | Best at iter 3300
  Iter 28000/50000 | Val Loss: 0.1511 | Val Acc: 97.92% | Best at iter 3300
  Iter 29000/50000 | Val Loss: 0.1747 | Val Acc: 97.86% | Best at iter 3300
  Iter 30000/50000 | Val Loss: 0.1823 | Val Acc: 97.76% | Best at iter 3300
  Iter 31000/50000 | Val Loss: 0.1613 | Val Acc: 97.92% | Best at iter 3300
  Iter 32000/50000 | Val Loss: 0.1805 | Val Acc: 97.88% | Best at iter 3300
  Iter 33000/50000 | Val Loss: 0.1540 | Val Acc: 98.06% | Best at iter 3300
  Iter 34000/50000 | Val Loss: 0.2221 | Val Acc: 97.48% | Best at iter 3300
  Iter 35000/50000 | Val Loss: 0.1755 | Val Acc: 97.82% | Best at iter 3300
  Iter 36000/50000 | Val Loss: 0.2267 | Val Acc: 97.58% | Best at iter 3300
  Iter 37000/50000 | Val Loss: 0.1757 | Val Acc: 98.04% | Best at iter 3300
  Iter 38000/50000 | Val Loss: 0.1734 | Val Acc: 97.96% | Best at iter 3300
  Iter 39000/50000 | Val Loss: 0.1845 | Val Acc: 98.04% | Best at iter 3300
  Iter 40000/50000 | Val Loss: 0.1824 | Val Acc: 98.10% | Best at iter 3300
  Iter 41000/50000 | Val Loss: 0.1816 | Val Acc: 97.98% | Best at iter 3300
  Iter 42000/50000 | Val Loss: 0.2075 | Val Acc: 98.02% | Best at iter 3300
  Iter 43000/50000 | Val Loss: 0.1874 | Val Acc: 98.04% | Best at iter 3300
  Iter 44000/50000 | Val Loss: 0.2078 | Val Acc: 97.66% | Best at iter 3300
  Iter 45000/50000 | Val Loss: 0.2109 | Val Acc: 98.04% | Best at iter 3300
  Iter 46000/50000 | Val Loss: 0.1876 | Val Acc: 98.08% | Best at iter 3300
  Iter 47000/50000 | Val Loss: 0.1893 | Val Acc: 97.94% | Best at iter 3300
  Iter 48000/50000 | Val Loss: 0.2299 | Val Acc: 97.88% | Best at iter 3300
  Iter 49000/50000 | Val Loss: 0.1767 | Val Acc: 98.28% | Best at iter 3300
  Iter 50000/50000 | Val Loss: 0.2324 | Val Acc: 97.56% | Best at iter 3300
[PRUNE] Pruning to 20.97%...
[RESET] Resetting to initial weights...

--- Round 8 (current: 20.97%) ---
[TRAIN] Training...
  Iter 1000/50000 | Val Loss: 0.0816 | Val Acc: 97.62% | Best at iter 1000
  Iter 2000/50000 | Val Loss: 0.0620 | Val Acc: 97.98% | Best at iter 2000
  Iter 3000/50000 | Val Loss: 0.0703 | Val Acc: 97.78% | Best at iter 2100
  Iter 4000/50000 | Val Loss: 0.0648 | Val Acc: 98.20% | Best at iter 2100
  Iter 5000/50000 | Val Loss: 0.0731 | Val Acc: 98.14% | Best at iter 2100
  Iter 6000/50000 | Val Loss: 0.0801 | Val Acc: 98.12% | Best at iter 2100
  Iter 7000/50000 | Val Loss: 0.0864 | Val Acc: 98.06% | Best at iter 2100
  Iter 8000/50000 | Val Loss: 0.0845 | Val Acc: 97.94% | Best at iter 2100
  Iter 9000/50000 | Val Loss: 0.0893 | Val Acc: 98.04% | Best at iter 2100
  Iter 10000/50000 | Val Loss: 0.0981 | Val Acc: 98.08% | Best at iter 2100
  Iter 11000/50000 | Val Loss: 0.1028 | Val Acc: 97.90% | Best at iter 2100
  Iter 12000/50000 | Val Loss: 0.1321 | Val Acc: 97.82% | Best at iter 2100
  Iter 13000/50000 | Val Loss: 0.1133 | Val Acc: 97.90% | Best at iter 2100
  Iter 14000/50000 | Val Loss: 0.0999 | Val Acc: 98.18% | Best at iter 2100
  Iter 15000/50000 | Val Loss: 0.1606 | Val Acc: 97.36% | Best at iter 2100
  Iter 16000/50000 | Val Loss: 0.1152 | Val Acc: 98.14% | Best at iter 2100
  Iter 17000/50000 | Val Loss: 0.1122 | Val Acc: 98.10% | Best at iter 2100
  Iter 18000/50000 | Val Loss: 0.1275 | Val Acc: 98.00% | Best at iter 2100
  Iter 19000/50000 | Val Loss: 0.1290 | Val Acc: 98.00% | Best at iter 2100
  Iter 20000/50000 | Val Loss: 0.1519 | Val Acc: 97.48% | Best at iter 2100
  Iter 21000/50000 | Val Loss: 0.1472 | Val Acc: 98.14% | Best at iter 2100
  Iter 22000/50000 | Val Loss: 0.1457 | Val Acc: 97.98% | Best at iter 2100
  Iter 23000/50000 | Val Loss: 0.1484 | Val Acc: 98.02% | Best at iter 2100
  Iter 24000/50000 | Val Loss: 0.1449 | Val Acc: 98.02% | Best at iter 2100
  Iter 25000/50000 | Val Loss: 0.1437 | Val Acc: 98.04% | Best at iter 2100
  Iter 26000/50000 | Val Loss: 0.1423 | Val Acc: 98.06% | Best at iter 2100
  Iter 27000/50000 | Val Loss: 0.1610 | Val Acc: 97.80% | Best at iter 2100
  Iter 28000/50000 | Val Loss: 0.1504 | Val Acc: 98.10% | Best at iter 2100
  Iter 29000/50000 | Val Loss: 0.1636 | Val Acc: 97.98% | Best at iter 2100
  Iter 30000/50000 | Val Loss: 0.1460 | Val Acc: 98.14% | Best at iter 2100
  Iter 31000/50000 | Val Loss: 0.1468 | Val Acc: 98.20% | Best at iter 2100
  Iter 32000/50000 | Val Loss: 0.1866 | Val Acc: 97.92% | Best at iter 2100
  Iter 33000/50000 | Val Loss: 0.1744 | Val Acc: 97.92% | Best at iter 2100
  Iter 34000/50000 | Val Loss: 0.1564 | Val Acc: 98.14% | Best at iter 2100
  Iter 35000/50000 | Val Loss: 0.1974 | Val Acc: 97.68% | Best at iter 2100
  Iter 36000/50000 | Val Loss: 0.1686 | Val Acc: 98.06% | Best at iter 2100
  Iter 37000/50000 | Val Loss: 0.1619 | Val Acc: 98.06% | Best at iter 2100
  Iter 38000/50000 | Val Loss: 0.1697 | Val Acc: 98.00% | Best at iter 2100
  Iter 39000/50000 | Val Loss: 0.2113 | Val Acc: 97.76% | Best at iter 2100
  Iter 40000/50000 | Val Loss: 0.1773 | Val Acc: 98.02% | Best at iter 2100
  Iter 41000/50000 | Val Loss: 0.1617 | Val Acc: 98.28% | Best at iter 2100
  Iter 42000/50000 | Val Loss: 0.1923 | Val Acc: 97.92% | Best at iter 2100
  Iter 43000/50000 | Val Loss: 0.1865 | Val Acc: 97.98% | Best at iter 2100
  Iter 44000/50000 | Val Loss: 0.2134 | Val Acc: 97.74% | Best at iter 2100
  Iter 45000/50000 | Val Loss: 0.2063 | Val Acc: 98.14% | Best at iter 2100
  Iter 46000/50000 | Val Loss: 0.1954 | Val Acc: 98.16% | Best at iter 2100
  Iter 47000/50000 | Val Loss: 0.1833 | Val Acc: 98.12% | Best at iter 2100
  Iter 48000/50000 | Val Loss: 0.1758 | Val Acc: 98.22% | Best at iter 2100
  Iter 49000/50000 | Val Loss: 0.1763 | Val Acc: 98.26% | Best at iter 2100
  Iter 50000/50000 | Val Loss: 0.1767 | Val Acc: 98.26% | Best at iter 2100
[PRUNE] Pruning to 16.78%...
[RESET] Resetting to initial weights...

--- Round 9 (current: 16.78%) ---
[TRAIN] Training...
  Iter 1000/50000 | Val Loss: 0.0854 | Val Acc: 97.44% | Best at iter 1000
  Iter 2000/50000 | Val Loss: 0.0651 | Val Acc: 97.86% | Best at iter 2000
  Iter 3000/50000 | Val Loss: 0.0715 | Val Acc: 97.76% | Best at iter 2900
  Iter 4000/50000 | Val Loss: 0.0680 | Val Acc: 98.02% | Best at iter 3400
  Iter 5000/50000 | Val Loss: 0.0736 | Val Acc: 98.12% | Best at iter 3400
  Iter 6000/50000 | Val Loss: 0.0903 | Val Acc: 97.66% | Best at iter 3400
  Iter 7000/50000 | Val Loss: 0.0891 | Val Acc: 98.04% | Best at iter 3400
  Iter 8000/50000 | Val Loss: 0.0814 | Val Acc: 98.14% | Best at iter 3400
  Iter 9000/50000 | Val Loss: 0.1106 | Val Acc: 97.80% | Best at iter 3400
  Iter 10000/50000 | Val Loss: 0.0933 | Val Acc: 97.96% | Best at iter 3400
  Iter 11000/50000 | Val Loss: 0.1075 | Val Acc: 98.08% | Best at iter 3400
  Iter 12000/50000 | Val Loss: 0.1133 | Val Acc: 97.72% | Best at iter 3400
  Iter 13000/50000 | Val Loss: 0.1059 | Val Acc: 97.98% | Best at iter 3400
  Iter 14000/50000 | Val Loss: 0.1077 | Val Acc: 98.18% | Best at iter 3400
  Iter 15000/50000 | Val Loss: 0.1127 | Val Acc: 98.18% | Best at iter 3400
  Iter 16000/50000 | Val Loss: 0.1152 | Val Acc: 98.12% | Best at iter 3400
  Iter 17000/50000 | Val Loss: 0.1467 | Val Acc: 97.72% | Best at iter 3400
  Iter 18000/50000 | Val Loss: 0.1355 | Val Acc: 98.08% | Best at iter 3400
  Iter 19000/50000 | Val Loss: 0.1267 | Val Acc: 98.20% | Best at iter 3400
  Iter 20000/50000 | Val Loss: 0.1253 | Val Acc: 98.18% | Best at iter 3400
  Iter 21000/50000 | Val Loss: 0.1413 | Val Acc: 98.00% | Best at iter 3400
  Iter 22000/50000 | Val Loss: 0.1500 | Val Acc: 98.02% | Best at iter 3400
  Iter 23000/50000 | Val Loss: 0.1401 | Val Acc: 98.06% | Best at iter 3400
  Iter 24000/50000 | Val Loss: 0.1470 | Val Acc: 98.14% | Best at iter 3400
  Iter 25000/50000 | Val Loss: 0.1377 | Val Acc: 98.26% | Best at iter 3400
  Iter 26000/50000 | Val Loss: 0.1741 | Val Acc: 97.68% | Best at iter 3400
  Iter 27000/50000 | Val Loss: 0.1371 | Val Acc: 98.40% | Best at iter 3400
  Iter 28000/50000 | Val Loss: 0.1623 | Val Acc: 98.00% | Best at iter 3400
  Iter 29000/50000 | Val Loss: 0.1601 | Val Acc: 97.96% | Best at iter 3400
  Iter 30000/50000 | Val Loss: 0.1598 | Val Acc: 98.18% | Best at iter 3400
  Iter 31000/50000 | Val Loss: 0.1776 | Val Acc: 97.78% | Best at iter 3400
  Iter 32000/50000 | Val Loss: 0.1574 | Val Acc: 98.16% | Best at iter 3400
  Iter 33000/50000 | Val Loss: 0.1983 | Val Acc: 97.70% | Best at iter 3400
  Iter 34000/50000 | Val Loss: 0.1629 | Val Acc: 98.10% | Best at iter 3400
  Iter 35000/50000 | Val Loss: 0.1678 | Val Acc: 98.24% | Best at iter 3400
  Iter 36000/50000 | Val Loss: 0.1753 | Val Acc: 98.06% | Best at iter 3400
  Iter 37000/50000 | Val Loss: 0.1844 | Val Acc: 98.00% | Best at iter 3400
  Iter 38000/50000 | Val Loss: 0.1655 | Val Acc: 98.00% | Best at iter 3400
  Iter 39000/50000 | Val Loss: 0.1849 | Val Acc: 98.20% | Best at iter 3400
  Iter 40000/50000 | Val Loss: 0.1745 | Val Acc: 98.20% | Best at iter 3400
  Iter 41000/50000 | Val Loss: 0.2159 | Val Acc: 97.88% | Best at iter 3400
  Iter 42000/50000 | Val Loss: 0.1843 | Val Acc: 98.28% | Best at iter 3400
  Iter 43000/50000 | Val Loss: 0.1982 | Val Acc: 97.96% | Best at iter 3400
  Iter 44000/50000 | Val Loss: 0.2110 | Val Acc: 97.90% | Best at iter 3400
  Iter 45000/50000 | Val Loss: 0.2018 | Val Acc: 98.08% | Best at iter 3400
  Iter 46000/50000 | Val Loss: 0.2049 | Val Acc: 97.94% | Best at iter 3400
  Iter 47000/50000 | Val Loss: 0.2168 | Val Acc: 98.00% | Best at iter 3400
  Iter 48000/50000 | Val Loss: 0.2595 | Val Acc: 97.80% | Best at iter 3400
  Iter 49000/50000 | Val Loss: 0.1999 | Val Acc: 98.00% | Best at iter 3400
  Iter 50000/50000 | Val Loss: 0.2163 | Val Acc: 98.26% | Best at iter 3400
[PRUNE] Pruning to 13.42%...
[RESET] Resetting to initial weights...

==================================================
FINAL TRAINING at 13.42%
==================================================
  Iter 1000/50000 | Val Loss: 0.0779 | Val Acc: 97.62% | Best at iter 1000
  Iter 2000/50000 | Val Loss: 0.0682 | Val Acc: 97.88% | Best at iter 1900
  Iter 3000/50000 | Val Loss: 0.0674 | Val Acc: 98.14% | Best at iter 1900
  Iter 4000/50000 | Val Loss: 0.0730 | Val Acc: 98.10% | Best at iter 1900
  Iter 5000/50000 | Val Loss: 0.0712 | Val Acc: 98.24% | Best at iter 1900
  Iter 6000/50000 | Val Loss: 0.0811 | Val Acc: 98.12% | Best at iter 1900
  Iter 7000/50000 | Val Loss: 0.1018 | Val Acc: 97.80% | Best at iter 1900
  Iter 8000/50000 | Val Loss: 0.0982 | Val Acc: 97.84% | Best at iter 1900
  Iter 9000/50000 | Val Loss: 0.1159 | Val Acc: 97.62% | Best at iter 1900
  Iter 10000/50000 | Val Loss: 0.1302 | Val Acc: 97.68% | Best at iter 1900
  Iter 11000/50000 | Val Loss: 0.1018 | Val Acc: 97.96% | Best at iter 1900
  Iter 12000/50000 | Val Loss: 0.1241 | Val Acc: 97.86% | Best at iter 1900
  Iter 13000/50000 | Val Loss: 0.1084 | Val Acc: 98.06% | Best at iter 1900
  Iter 14000/50000 | Val Loss: 0.1111 | Val Acc: 98.02% | Best at iter 1900
  Iter 15000/50000 | Val Loss: 0.1442 | Val Acc: 97.46% | Best at iter 1900
  Iter 16000/50000 | Val Loss: 0.1235 | Val Acc: 98.08% | Best at iter 1900
  Iter 17000/50000 | Val Loss: 0.1300 | Val Acc: 97.98% | Best at iter 1900
  Iter 18000/50000 | Val Loss: 0.1250 | Val Acc: 98.14% | Best at iter 1900
  Iter 19000/50000 | Val Loss: 0.1425 | Val Acc: 97.80% | Best at iter 1900
  Iter 20000/50000 | Val Loss: 0.1286 | Val Acc: 98.10% | Best at iter 1900
  Iter 21000/50000 | Val Loss: 0.1400 | Val Acc: 97.92% | Best at iter 1900
  Iter 22000/50000 | Val Loss: 0.1320 | Val Acc: 98.02% | Best at iter 1900
  Iter 23000/50000 | Val Loss: 0.1284 | Val Acc: 98.26% | Best at iter 1900
  Iter 24000/50000 | Val Loss: 0.1279 | Val Acc: 98.22% | Best at iter 1900
  Iter 25000/50000 | Val Loss: 0.1277 | Val Acc: 98.30% | Best at iter 1900
  Iter 26000/50000 | Val Loss: 0.1278 | Val Acc: 98.28% | Best at iter 1900
  Iter 27000/50000 | Val Loss: 0.1284 | Val Acc: 98.28% | Best at iter 1900
  Iter 28000/50000 | Val Loss: 0.1303 | Val Acc: 98.32% | Best at iter 1900
  Iter 29000/50000 | Val Loss: 0.1309 | Val Acc: 98.24% | Best at iter 1900
  Iter 30000/50000 | Val Loss: 0.1321 | Val Acc: 98.30% | Best at iter 1900
  Iter 31000/50000 | Val Loss: 0.1347 | Val Acc: 98.24% | Best at iter 1900
  Iter 32000/50000 | Val Loss: 0.1356 | Val Acc: 98.28% | Best at iter 1900
  Iter 33000/50000 | Val Loss: 0.1408 | Val Acc: 98.26% | Best at iter 1900
  Iter 34000/50000 | Val Loss: 0.1412 | Val Acc: 98.30% | Best at iter 1900
  Iter 35000/50000 | Val Loss: 0.1447 | Val Acc: 98.24% | Best at iter 1900
  Iter 36000/50000 | Val Loss: 0.1460 | Val Acc: 98.30% | Best at iter 1900
  Iter 37000/50000 | Val Loss: 0.2079 | Val Acc: 97.78% | Best at iter 1900
  Iter 38000/50000 | Val Loss: 0.1842 | Val Acc: 98.18% | Best at iter 1900
  Iter 39000/50000 | Val Loss: 0.1791 | Val Acc: 98.18% | Best at iter 1900
  Iter 40000/50000 | Val Loss: 0.1779 | Val Acc: 98.18% | Best at iter 1900
  Iter 41000/50000 | Val Loss: 0.1782 | Val Acc: 98.22% | Best at iter 1900
  Iter 42000/50000 | Val Loss: 0.1785 | Val Acc: 98.18% | Best at iter 1900
  Iter 43000/50000 | Val Loss: 0.1786 | Val Acc: 98.22% | Best at iter 1900
  Iter 44000/50000 | Val Loss: 0.1790 | Val Acc: 98.20% | Best at iter 1900
  Iter 45000/50000 | Val Loss: 0.1796 | Val Acc: 98.24% | Best at iter 1900
  Iter 46000/50000 | Val Loss: 0.1799 | Val Acc: 98.18% | Best at iter 1900
  Iter 47000/50000 | Val Loss: 0.1811 | Val Acc: 98.20% | Best at iter 1900
  Iter 48000/50000 | Val Loss: 0.1811 | Val Acc: 98.18% | Best at iter 1900
  Iter 49000/50000 | Val Loss: 0.1832 | Val Acc: 98.16% | Best at iter 1900
  Iter 50000/50000 | Val Loss: 0.1839 | Val Acc: 98.18% | Best at iter 1900

──────────────────────────────────────────────────────────────────────
Early stop: iteration 1900
Val loss at early stop: 0.0638
Test accuracy at early stop: 97.88%
──────────────────────────────────────────────────────────────────────

======================================================================
Iterative Winning Ticket
Sparsity: 13.4% | Trial: 2/3
======================================================================
[1] Saving initial weights...

--- Round 1 (current: 100.00%) ---
[TRAIN] Training...
  Iter 1000/50000 | Val Loss: 0.1165 | Val Acc: 96.22% | Best at iter 1000
  Iter 2000/50000 | Val Loss: 0.1055 | Val Acc: 96.40% | Best at iter 1800
  Iter 3000/50000 | Val Loss: 0.0845 | Val Acc: 97.30% | Best at iter 3000
  Iter 4000/50000 | Val Loss: 0.0864 | Val Acc: 97.44% | Best at iter 3000
  Iter 5000/50000 | Val Loss: 0.1028 | Val Acc: 97.06% | Best at iter 3000
  Iter 6000/50000 | Val Loss: 0.0883 | Val Acc: 97.46% | Best at iter 5100
  Iter 7000/50000 | Val Loss: 0.0890 | Val Acc: 97.90% | Best at iter 5100
  Iter 8000/50000 | Val Loss: 0.1307 | Val Acc: 96.82% | Best at iter 5100
  Iter 9000/50000 | Val Loss: 0.1225 | Val Acc: 97.38% | Best at iter 5100
  Iter 10000/50000 | Val Loss: 0.1079 | Val Acc: 97.76% | Best at iter 5100
  Iter 11000/50000 | Val Loss: 0.1262 | Val Acc: 97.08% | Best at iter 5100
  Iter 12000/50000 | Val Loss: 0.1027 | Val Acc: 97.80% | Best at iter 5100
  Iter 13000/50000 | Val Loss: 0.1118 | Val Acc: 98.06% | Best at iter 5100
  Iter 14000/50000 | Val Loss: 0.1320 | Val Acc: 97.50% | Best at iter 5100
  Iter 15000/50000 | Val Loss: 0.1209 | Val Acc: 97.84% | Best at iter 5100
  Iter 16000/50000 | Val Loss: 0.1513 | Val Acc: 97.72% | Best at iter 5100
  Iter 17000/50000 | Val Loss: 0.1677 | Val Acc: 97.08% | Best at iter 5100
  Iter 18000/50000 | Val Loss: 0.1155 | Val Acc: 97.80% | Best at iter 5100
  Iter 19000/50000 | Val Loss: 0.1219 | Val Acc: 97.96% | Best at iter 5100
  Iter 20000/50000 | Val Loss: 0.1361 | Val Acc: 97.66% | Best at iter 5100
  Iter 21000/50000 | Val Loss: 0.1382 | Val Acc: 97.58% | Best at iter 5100
  Iter 22000/50000 | Val Loss: 0.1829 | Val Acc: 97.48% | Best at iter 5100
  Iter 23000/50000 | Val Loss: 0.1472 | Val Acc: 97.78% | Best at iter 5100
  Iter 24000/50000 | Val Loss: 0.1508 | Val Acc: 97.90% | Best at iter 5100
  Iter 25000/50000 | Val Loss: 0.1710 | Val Acc: 97.78% | Best at iter 5100
  Iter 26000/50000 | Val Loss: 0.1662 | Val Acc: 97.82% | Best at iter 5100
  Iter 27000/50000 | Val Loss: 0.1698 | Val Acc: 97.54% | Best at iter 5100
  Iter 28000/50000 | Val Loss: 0.1442 | Val Acc: 97.84% | Best at iter 5100
  Iter 29000/50000 | Val Loss: 0.2292 | Val Acc: 97.30% | Best at iter 5100
  Iter 30000/50000 | Val Loss: 0.2134 | Val Acc: 97.76% | Best at iter 5100
  Iter 31000/50000 | Val Loss: 0.1728 | Val Acc: 98.14% | Best at iter 5100
  Iter 32000/50000 | Val Loss: 0.1559 | Val Acc: 98.04% | Best at iter 5100
  Iter 33000/50000 | Val Loss: 0.2086 | Val Acc: 97.54% | Best at iter 5100
  Iter 34000/50000 | Val Loss: 0.2066 | Val Acc: 97.64% | Best at iter 5100
  Iter 35000/50000 | Val Loss: 0.1726 | Val Acc: 98.10% | Best at iter 5100
  Iter 36000/50000 | Val Loss: 0.1784 | Val Acc: 97.96% | Best at iter 5100
  Iter 37000/50000 | Val Loss: 0.2053 | Val Acc: 97.80% | Best at iter 5100
  Iter 38000/50000 | Val Loss: 0.1958 | Val Acc: 97.90% | Best at iter 5100
  Iter 39000/50000 | Val Loss: 0.1839 | Val Acc: 98.00% | Best at iter 5100
  Iter 40000/50000 | Val Loss: 0.2264 | Val Acc: 97.76% | Best at iter 5100
  Iter 41000/50000 | Val Loss: 0.2107 | Val Acc: 97.94% | Best at iter 5100
  Iter 42000/50000 | Val Loss: 0.2034 | Val Acc: 97.86% | Best at iter 5100
  Iter 43000/50000 | Val Loss: 0.2204 | Val Acc: 97.88% | Best at iter 5100
  Iter 44000/50000 | Val Loss: 0.2036 | Val Acc: 98.06% | Best at iter 5100
  Iter 45000/50000 | Val Loss: 0.2410 | Val Acc: 97.78% | Best at iter 5100
  Iter 46000/50000 | Val Loss: 0.2654 | Val Acc: 97.80% | Best at iter 5100
  Iter 47000/50000 | Val Loss: 0.2773 | Val Acc: 97.72% | Best at iter 5100
  Iter 48000/50000 | Val Loss: 0.2308 | Val Acc: 97.98% | Best at iter 5100
  Iter 49000/50000 | Val Loss: 0.2544 | Val Acc: 97.76% | Best at iter 5100
  Iter 50000/50000 | Val Loss: 0.2632 | Val Acc: 97.86% | Best at iter 5100
[PRUNE] Pruning to 80.00%...
[RESET] Resetting to initial weights...

--- Round 2 (current: 80.00%) ---
[TRAIN] Training...
  Iter 1000/50000 | Val Loss: 0.1197 | Val Acc: 96.16% | Best at iter 1000
  Iter 2000/50000 | Val Loss: 0.0966 | Val Acc: 97.32% | Best at iter 1900
  Iter 3000/50000 | Val Loss: 0.0915 | Val Acc: 97.26% | Best at iter 1900
  Iter 4000/50000 | Val Loss: 0.0930 | Val Acc: 97.54% | Best at iter 3100
  Iter 5000/50000 | Val Loss: 0.1065 | Val Acc: 97.50% | Best at iter 4500
  Iter 6000/50000 | Val Loss: 0.1130 | Val Acc: 97.28% | Best at iter 4500
  Iter 7000/50000 | Val Loss: 0.1037 | Val Acc: 97.60% | Best at iter 4500
  Iter 8000/50000 | Val Loss: 0.1172 | Val Acc: 97.34% | Best at iter 4500
  Iter 9000/50000 | Val Loss: 0.1256 | Val Acc: 97.48% | Best at iter 4500
  Iter 10000/50000 | Val Loss: 0.1119 | Val Acc: 97.66% | Best at iter 4500
  Iter 11000/50000 | Val Loss: 0.1088 | Val Acc: 97.74% | Best at iter 4500
  Iter 12000/50000 | Val Loss: 0.1029 | Val Acc: 98.06% | Best at iter 4500
  Iter 13000/50000 | Val Loss: 0.1118 | Val Acc: 97.88% | Best at iter 4500
  Iter 14000/50000 | Val Loss: 0.1133 | Val Acc: 97.88% | Best at iter 4500
  Iter 15000/50000 | Val Loss: 0.1286 | Val Acc: 97.66% | Best at iter 4500
  Iter 16000/50000 | Val Loss: 0.1272 | Val Acc: 97.96% | Best at iter 4500
  Iter 17000/50000 | Val Loss: 0.1225 | Val Acc: 97.80% | Best at iter 4500
  Iter 18000/50000 | Val Loss: 0.1535 | Val Acc: 97.74% | Best at iter 4500
  Iter 19000/50000 | Val Loss: 0.1534 | Val Acc: 97.72% | Best at iter 4500
  Iter 20000/50000 | Val Loss: 0.1249 | Val Acc: 97.86% | Best at iter 4500
  Iter 21000/50000 | Val Loss: 0.1501 | Val Acc: 97.62% | Best at iter 4500
  Iter 22000/50000 | Val Loss: 0.1578 | Val Acc: 98.02% | Best at iter 4500
  Iter 23000/50000 | Val Loss: 0.1485 | Val Acc: 98.00% | Best at iter 4500
  Iter 24000/50000 | Val Loss: 0.1388 | Val Acc: 97.96% | Best at iter 4500
  Iter 25000/50000 | Val Loss: 0.1486 | Val Acc: 98.22% | Best at iter 4500
  Iter 26000/50000 | Val Loss: 0.1486 | Val Acc: 97.88% | Best at iter 4500
  Iter 27000/50000 | Val Loss: 0.1808 | Val Acc: 97.84% | Best at iter 4500
  Iter 28000/50000 | Val Loss: 0.1560 | Val Acc: 97.92% | Best at iter 4500
  Iter 29000/50000 | Val Loss: 0.1355 | Val Acc: 98.14% | Best at iter 4500
  Iter 30000/50000 | Val Loss: 0.1475 | Val Acc: 98.10% | Best at iter 4500
  Iter 31000/50000 | Val Loss: 0.1251 | Val Acc: 98.06% | Best at iter 4500
  Iter 32000/50000 | Val Loss: 0.1476 | Val Acc: 98.04% | Best at iter 4500
  Iter 33000/50000 | Val Loss: 0.1815 | Val Acc: 97.84% | Best at iter 4500
  Iter 34000/50000 | Val Loss: 0.1587 | Val Acc: 98.16% | Best at iter 4500
  Iter 35000/50000 | Val Loss: 0.1835 | Val Acc: 97.72% | Best at iter 4500
  Iter 36000/50000 | Val Loss: 0.1855 | Val Acc: 98.16% | Best at iter 4500
  Iter 37000/50000 | Val Loss: 0.1726 | Val Acc: 98.24% | Best at iter 4500
  Iter 38000/50000 | Val Loss: 0.1975 | Val Acc: 98.20% | Best at iter 4500
  Iter 39000/50000 | Val Loss: 0.1803 | Val Acc: 98.00% | Best at iter 4500
  Iter 40000/50000 | Val Loss: 0.1777 | Val Acc: 97.90% | Best at iter 4500
  Iter 41000/50000 | Val Loss: 0.1729 | Val Acc: 98.08% | Best at iter 4500
  Iter 42000/50000 | Val Loss: 0.2057 | Val Acc: 97.76% | Best at iter 4500
  Iter 43000/50000 | Val Loss: 0.1917 | Val Acc: 98.18% | Best at iter 4500
  Iter 44000/50000 | Val Loss: 0.1785 | Val Acc: 98.10% | Best at iter 4500
  Iter 45000/50000 | Val Loss: 0.1814 | Val Acc: 98.06% | Best at iter 4500
  Iter 46000/50000 | Val Loss: 0.2049 | Val Acc: 98.14% | Best at iter 4500
  Iter 47000/50000 | Val Loss: 0.2134 | Val Acc: 98.00% | Best at iter 4500
  Iter 48000/50000 | Val Loss: 0.2364 | Val Acc: 97.80% | Best at iter 4500
  Iter 49000/50000 | Val Loss: 0.2847 | Val Acc: 97.70% | Best at iter 4500
  Iter 50000/50000 | Val Loss: 0.2507 | Val Acc: 97.92% | Best at iter 4500
[PRUNE] Pruning to 64.00%...
[RESET] Resetting to initial weights...

--- Round 3 (current: 64.00%) ---
[TRAIN] Training...
  Iter 1000/50000 | Val Loss: 0.1153 | Val Acc: 96.52% | Best at iter 700
  Iter 2000/50000 | Val Loss: 0.0877 | Val Acc: 97.40% | Best at iter 2000
  Iter 3000/50000 | Val Loss: 0.1052 | Val Acc: 97.10% | Best at iter 2800
  Iter 4000/50000 | Val Loss: 0.0892 | Val Acc: 97.38% | Best at iter 3700
  Iter 5000/50000 | Val Loss: 0.0946 | Val Acc: 97.34% | Best at iter 4100
  Iter 6000/50000 | Val Loss: 0.0885 | Val Acc: 97.50% | Best at iter 4100
  Iter 7000/50000 | Val Loss: 0.0953 | Val Acc: 97.64% | Best at iter 4100
  Iter 8000/50000 | Val Loss: 0.0992 | Val Acc: 97.72% | Best at iter 4100
  Iter 9000/50000 | Val Loss: 0.1079 | Val Acc: 97.44% | Best at iter 4100
  Iter 10000/50000 | Val Loss: 0.1050 | Val Acc: 97.48% | Best at iter 4100
  Iter 11000/50000 | Val Loss: 0.1034 | Val Acc: 97.94% | Best at iter 4100
  Iter 12000/50000 | Val Loss: 0.1249 | Val Acc: 97.68% | Best at iter 4100
  Iter 13000/50000 | Val Loss: 0.1289 | Val Acc: 97.56% | Best at iter 4100
  Iter 14000/50000 | Val Loss: 0.1037 | Val Acc: 97.88% | Best at iter 4100
  Iter 15000/50000 | Val Loss: 0.1150 | Val Acc: 97.86% | Best at iter 4100
  Iter 16000/50000 | Val Loss: 0.1226 | Val Acc: 97.88% | Best at iter 4100
  Iter 17000/50000 | Val Loss: 0.1190 | Val Acc: 97.84% | Best at iter 4100
  Iter 18000/50000 | Val Loss: 0.1218 | Val Acc: 98.10% | Best at iter 4100
  Iter 19000/50000 | Val Loss: 0.1440 | Val Acc: 97.68% | Best at iter 4100
  Iter 20000/50000 | Val Loss: 0.1537 | Val Acc: 97.56% | Best at iter 4100
  Iter 21000/50000 | Val Loss: 0.1376 | Val Acc: 97.76% | Best at iter 4100
  Iter 22000/50000 | Val Loss: 0.1385 | Val Acc: 97.92% | Best at iter 4100
  Iter 23000/50000 | Val Loss: 0.1561 | Val Acc: 97.80% | Best at iter 4100
  Iter 24000/50000 | Val Loss: 0.1486 | Val Acc: 97.74% | Best at iter 4100
  Iter 25000/50000 | Val Loss: 0.1409 | Val Acc: 98.02% | Best at iter 4100
  Iter 26000/50000 | Val Loss: 0.1411 | Val Acc: 98.14% | Best at iter 4100
  Iter 27000/50000 | Val Loss: 0.1560 | Val Acc: 97.86% | Best at iter 4100
  Iter 28000/50000 | Val Loss: 0.1751 | Val Acc: 97.72% | Best at iter 4100
  Iter 29000/50000 | Val Loss: 0.1915 | Val Acc: 97.72% | Best at iter 4100
  Iter 30000/50000 | Val Loss: 0.1739 | Val Acc: 97.84% | Best at iter 4100
  Iter 31000/50000 | Val Loss: 0.1801 | Val Acc: 97.88% | Best at iter 4100
  Iter 32000/50000 | Val Loss: 0.1743 | Val Acc: 97.82% | Best at iter 4100
  Iter 33000/50000 | Val Loss: 0.1645 | Val Acc: 97.98% | Best at iter 4100
  Iter 34000/50000 | Val Loss: 0.2052 | Val Acc: 97.78% | Best at iter 4100
  Iter 35000/50000 | Val Loss: 0.1799 | Val Acc: 97.92% | Best at iter 4100
  Iter 36000/50000 | Val Loss: 0.1897 | Val Acc: 97.70% | Best at iter 4100
  Iter 37000/50000 | Val Loss: 0.1839 | Val Acc: 97.80% | Best at iter 4100
  Iter 38000/50000 | Val Loss: 0.1737 | Val Acc: 97.90% | Best at iter 4100
  Iter 39000/50000 | Val Loss: 0.1970 | Val Acc: 97.70% | Best at iter 4100
  Iter 40000/50000 | Val Loss: 0.2472 | Val Acc: 97.44% | Best at iter 4100
  Iter 41000/50000 | Val Loss: 0.1715 | Val Acc: 98.02% | Best at iter 4100
  Iter 42000/50000 | Val Loss: 0.2341 | Val Acc: 97.56% | Best at iter 4100
  Iter 43000/50000 | Val Loss: 0.1842 | Val Acc: 97.92% | Best at iter 4100
  Iter 44000/50000 | Val Loss: 0.1708 | Val Acc: 97.98% | Best at iter 4100
  Iter 45000/50000 | Val Loss: 0.2065 | Val Acc: 97.86% | Best at iter 4100
  Iter 46000/50000 | Val Loss: 0.1620 | Val Acc: 98.24% | Best at iter 4100
  Iter 47000/50000 | Val Loss: 0.2067 | Val Acc: 97.74% | Best at iter 4100
  Iter 48000/50000 | Val Loss: 0.2006 | Val Acc: 98.06% | Best at iter 4100
  Iter 49000/50000 | Val Loss: 0.2040 | Val Acc: 98.00% | Best at iter 4100
  Iter 50000/50000 | Val Loss: 0.1987 | Val Acc: 97.92% | Best at iter 4100
[PRUNE] Pruning to 51.20%...
[RESET] Resetting to initial weights...

--- Round 4 (current: 51.20%) ---
[TRAIN] Training...
  Iter 1000/50000 | Val Loss: 0.1020 | Val Acc: 96.86% | Best at iter 1000
  Iter 2000/50000 | Val Loss: 0.0783 | Val Acc: 97.46% | Best at iter 2000
  Iter 3000/50000 | Val Loss: 0.0861 | Val Acc: 97.42% | Best at iter 2000
  Iter 4000/50000 | Val Loss: 0.0924 | Val Acc: 97.62% | Best at iter 2000
  Iter 5000/50000 | Val Loss: 0.0940 | Val Acc: 97.48% | Best at iter 2000
  Iter 6000/50000 | Val Loss: 0.0920 | Val Acc: 97.72% | Best at iter 2000
  Iter 7000/50000 | Val Loss: 0.0947 | Val Acc: 97.76% | Best at iter 2000
  Iter 8000/50000 | Val Loss: 0.1085 | Val Acc: 97.46% | Best at iter 2000
  Iter 9000/50000 | Val Loss: 0.1156 | Val Acc: 97.34% | Best at iter 2000
  Iter 10000/50000 | Val Loss: 0.1112 | Val Acc: 97.86% | Best at iter 2000
  Iter 11000/50000 | Val Loss: 0.1062 | Val Acc: 97.64% | Best at iter 2000
  Iter 12000/50000 | Val Loss: 0.1144 | Val Acc: 97.68% | Best at iter 2000
  Iter 13000/50000 | Val Loss: 0.1179 | Val Acc: 97.74% | Best at iter 2000
  Iter 14000/50000 | Val Loss: 0.1426 | Val Acc: 97.58% | Best at iter 2000
  Iter 15000/50000 | Val Loss: 0.1036 | Val Acc: 98.12% | Best at iter 2000
  Iter 16000/50000 | Val Loss: 0.1323 | Val Acc: 97.74% | Best at iter 2000
  Iter 17000/50000 | Val Loss: 0.1787 | Val Acc: 97.48% | Best at iter 2000
  Iter 18000/50000 | Val Loss: 0.1295 | Val Acc: 97.88% | Best at iter 2000
  Iter 19000/50000 | Val Loss: 0.1407 | Val Acc: 97.72% | Best at iter 2000
  Iter 20000/50000 | Val Loss: 0.1353 | Val Acc: 97.84% | Best at iter 2000
  Iter 21000/50000 | Val Loss: 0.1295 | Val Acc: 98.18% | Best at iter 2000
  Iter 22000/50000 | Val Loss: 0.1394 | Val Acc: 98.02% | Best at iter 2000
  Iter 23000/50000 | Val Loss: 0.1350 | Val Acc: 97.98% | Best at iter 2000
  Iter 24000/50000 | Val Loss: 0.1581 | Val Acc: 97.96% | Best at iter 2000
  Iter 25000/50000 | Val Loss: 0.1442 | Val Acc: 98.12% | Best at iter 2000
  Iter 26000/50000 | Val Loss: 0.1418 | Val Acc: 97.92% | Best at iter 2000
  Iter 27000/50000 | Val Loss: 0.1413 | Val Acc: 98.20% | Best at iter 2000
  Iter 28000/50000 | Val Loss: 0.1697 | Val Acc: 97.92% | Best at iter 2000
  Iter 29000/50000 | Val Loss: 0.1797 | Val Acc: 97.68% | Best at iter 2000
  Iter 30000/50000 | Val Loss: 0.1791 | Val Acc: 98.12% | Best at iter 2000
  Iter 31000/50000 | Val Loss: 0.1498 | Val Acc: 98.18% | Best at iter 2000
  Iter 32000/50000 | Val Loss: 0.1574 | Val Acc: 98.02% | Best at iter 2000
  Iter 33000/50000 | Val Loss: 0.1585 | Val Acc: 98.10% | Best at iter 2000
  Iter 34000/50000 | Val Loss: 0.1517 | Val Acc: 98.12% | Best at iter 2000
  Iter 35000/50000 | Val Loss: 0.1499 | Val Acc: 98.26% | Best at iter 2000
  Iter 36000/50000 | Val Loss: 0.1801 | Val Acc: 98.14% | Best at iter 2000
  Iter 37000/50000 | Val Loss: 0.1703 | Val Acc: 98.14% | Best at iter 2000
  Iter 38000/50000 | Val Loss: 0.1717 | Val Acc: 97.92% | Best at iter 2000
  Iter 39000/50000 | Val Loss: 0.1990 | Val Acc: 97.80% | Best at iter 2000
  Iter 40000/50000 | Val Loss: 0.2166 | Val Acc: 97.64% | Best at iter 2000
  Iter 41000/50000 | Val Loss: 0.1989 | Val Acc: 97.86% | Best at iter 2000
  Iter 42000/50000 | Val Loss: 0.2113 | Val Acc: 97.92% | Best at iter 2000
  Iter 43000/50000 | Val Loss: 0.1941 | Val Acc: 97.78% | Best at iter 2000
  Iter 44000/50000 | Val Loss: 0.2297 | Val Acc: 97.90% | Best at iter 2000
  Iter 45000/50000 | Val Loss: 0.2539 | Val Acc: 97.38% | Best at iter 2000
  Iter 46000/50000 | Val Loss: 0.1960 | Val Acc: 98.12% | Best at iter 2000
  Iter 47000/50000 | Val Loss: 0.1883 | Val Acc: 98.20% | Best at iter 2000
  Iter 48000/50000 | Val Loss: 0.2260 | Val Acc: 97.92% | Best at iter 2000
  Iter 49000/50000 | Val Loss: 0.2254 | Val Acc: 97.98% | Best at iter 2000
  Iter 50000/50000 | Val Loss: 0.2318 | Val Acc: 98.18% | Best at iter 2000
[PRUNE] Pruning to 40.96%...
[RESET] Resetting to initial weights...

--- Round 5 (current: 40.96%) ---
[TRAIN] Training...
  Iter 1000/50000 | Val Loss: 0.0884 | Val Acc: 97.28% | Best at iter 1000
  Iter 2000/50000 | Val Loss: 0.0805 | Val Acc: 97.66% | Best at iter 1900
  Iter 3000/50000 | Val Loss: 0.0904 | Val Acc: 97.42% | Best at iter 2800
  Iter 4000/50000 | Val Loss: 0.0802 | Val Acc: 97.66% | Best at iter 2800
  Iter 5000/50000 | Val Loss: 0.0859 | Val Acc: 97.70% | Best at iter 2800
  Iter 6000/50000 | Val Loss: 0.0826 | Val Acc: 97.84% | Best at iter 2800
  Iter 7000/50000 | Val Loss: 0.1030 | Val Acc: 97.72% | Best at iter 2800
  Iter 8000/50000 | Val Loss: 0.1015 | Val Acc: 97.76% | Best at iter 2800
  Iter 9000/50000 | Val Loss: 0.0974 | Val Acc: 97.98% | Best at iter 2800
  Iter 10000/50000 | Val Loss: 0.1142 | Val Acc: 97.62% | Best at iter 2800
  Iter 11000/50000 | Val Loss: 0.1104 | Val Acc: 97.74% | Best at iter 2800
  Iter 12000/50000 | Val Loss: 0.1106 | Val Acc: 97.68% | Best at iter 2800
  Iter 13000/50000 | Val Loss: 0.1083 | Val Acc: 98.10% | Best at iter 2800
  Iter 14000/50000 | Val Loss: 0.1309 | Val Acc: 97.72% | Best at iter 2800
  Iter 15000/50000 | Val Loss: 0.1329 | Val Acc: 97.88% | Best at iter 2800
  Iter 16000/50000 | Val Loss: 0.1562 | Val Acc: 97.68% | Best at iter 2800
  Iter 17000/50000 | Val Loss: 0.1433 | Val Acc: 97.88% | Best at iter 2800
  Iter 18000/50000 | Val Loss: 0.1591 | Val Acc: 97.50% | Best at iter 2800
  Iter 19000/50000 | Val Loss: 0.1624 | Val Acc: 97.76% | Best at iter 2800
  Iter 20000/50000 | Val Loss: 0.1448 | Val Acc: 97.98% | Best at iter 2800
  Iter 21000/50000 | Val Loss: 0.1684 | Val Acc: 97.72% | Best at iter 2800
  Iter 22000/50000 | Val Loss: 0.1422 | Val Acc: 97.90% | Best at iter 2800
  Iter 23000/50000 | Val Loss: 0.1593 | Val Acc: 97.76% | Best at iter 2800
  Iter 24000/50000 | Val Loss: 0.1578 | Val Acc: 97.66% | Best at iter 2800
  Iter 25000/50000 | Val Loss: 0.1524 | Val Acc: 97.84% | Best at iter 2800
  Iter 26000/50000 | Val Loss: 0.1306 | Val Acc: 98.02% | Best at iter 2800
  Iter 27000/50000 | Val Loss: 0.1552 | Val Acc: 97.96% | Best at iter 2800
  Iter 28000/50000 | Val Loss: 0.1802 | Val Acc: 97.98% | Best at iter 2800
  Iter 29000/50000 | Val Loss: 0.1594 | Val Acc: 98.08% | Best at iter 2800
  Iter 30000/50000 | Val Loss: 0.1824 | Val Acc: 97.74% | Best at iter 2800
  Iter 31000/50000 | Val Loss: 0.1607 | Val Acc: 97.84% | Best at iter 2800
  Iter 32000/50000 | Val Loss: 0.1854 | Val Acc: 97.96% | Best at iter 2800
  Iter 33000/50000 | Val Loss: 0.1852 | Val Acc: 98.00% | Best at iter 2800
  Iter 34000/50000 | Val Loss: 0.2063 | Val Acc: 97.62% | Best at iter 2800
  Iter 35000/50000 | Val Loss: 0.2105 | Val Acc: 97.64% | Best at iter 2800
  Iter 36000/50000 | Val Loss: 0.1892 | Val Acc: 97.82% | Best at iter 2800
  Iter 37000/50000 | Val Loss: 0.1784 | Val Acc: 98.10% | Best at iter 2800
  Iter 38000/50000 | Val Loss: 0.2290 | Val Acc: 97.78% | Best at iter 2800
  Iter 39000/50000 | Val Loss: 0.2121 | Val Acc: 97.84% | Best at iter 2800
  Iter 40000/50000 | Val Loss: 0.2232 | Val Acc: 97.82% | Best at iter 2800
  Iter 41000/50000 | Val Loss: 0.2059 | Val Acc: 97.96% | Best at iter 2800
  Iter 42000/50000 | Val Loss: 0.2162 | Val Acc: 97.80% | Best at iter 2800
  Iter 43000/50000 | Val Loss: 0.2047 | Val Acc: 97.90% | Best at iter 2800
  Iter 44000/50000 | Val Loss: 0.2346 | Val Acc: 97.64% | Best at iter 2800
  Iter 45000/50000 | Val Loss: 0.2095 | Val Acc: 97.98% | Best at iter 2800
  Iter 46000/50000 | Val Loss: 0.2320 | Val Acc: 97.90% | Best at iter 2800
  Iter 47000/50000 | Val Loss: 0.2381 | Val Acc: 97.84% | Best at iter 2800
  Iter 48000/50000 | Val Loss: 0.2072 | Val Acc: 98.02% | Best at iter 2800
  Iter 49000/50000 | Val Loss: 0.1858 | Val Acc: 98.18% | Best at iter 2800
  Iter 50000/50000 | Val Loss: 0.2132 | Val Acc: 97.88% | Best at iter 2800
[PRUNE] Pruning to 32.77%...
[RESET] Resetting to initial weights...

--- Round 6 (current: 32.77%) ---
[TRAIN] Training...
  Iter 1000/50000 | Val Loss: 0.0942 | Val Acc: 97.18% | Best at iter 1000
  Iter 2000/50000 | Val Loss: 0.0924 | Val Acc: 97.14% | Best at iter 1700
  Iter 3000/50000 | Val Loss: 0.0727 | Val Acc: 97.84% | Best at iter 2200
  Iter 4000/50000 | Val Loss: 0.0707 | Val Acc: 97.94% | Best at iter 2200
  Iter 5000/50000 | Val Loss: 0.0828 | Val Acc: 97.90% | Best at iter 2200
  Iter 6000/50000 | Val Loss: 0.0813 | Val Acc: 98.00% | Best at iter 2200
  Iter 7000/50000 | Val Loss: 0.0995 | Val Acc: 97.80% | Best at iter 2200
  Iter 8000/50000 | Val Loss: 0.0952 | Val Acc: 98.06% | Best at iter 2200
  Iter 9000/50000 | Val Loss: 0.0911 | Val Acc: 98.20% | Best at iter 2200
  Iter 10000/50000 | Val Loss: 0.0908 | Val Acc: 98.02% | Best at iter 2200
  Iter 11000/50000 | Val Loss: 0.1112 | Val Acc: 97.78% | Best at iter 2200
  Iter 12000/50000 | Val Loss: 0.1017 | Val Acc: 98.20% | Best at iter 2200
  Iter 13000/50000 | Val Loss: 0.1075 | Val Acc: 98.02% | Best at iter 2200
  Iter 14000/50000 | Val Loss: 0.1402 | Val Acc: 97.66% | Best at iter 2200
  Iter 15000/50000 | Val Loss: 0.1145 | Val Acc: 97.84% | Best at iter 2200
  Iter 16000/50000 | Val Loss: 0.1145 | Val Acc: 97.88% | Best at iter 2200
  Iter 17000/50000 | Val Loss: 0.1166 | Val Acc: 98.06% | Best at iter 2200
  Iter 18000/50000 | Val Loss: 0.1217 | Val Acc: 97.92% | Best at iter 2200
  Iter 19000/50000 | Val Loss: 0.1441 | Val Acc: 97.90% | Best at iter 2200
  Iter 20000/50000 | Val Loss: 0.1118 | Val Acc: 98.18% | Best at iter 2200
  Iter 21000/50000 | Val Loss: 0.1370 | Val Acc: 97.76% | Best at iter 2200
  Iter 22000/50000 | Val Loss: 0.1543 | Val Acc: 97.92% | Best at iter 2200
  Iter 23000/50000 | Val Loss: 0.1477 | Val Acc: 97.78% | Best at iter 2200
  Iter 24000/50000 | Val Loss: 0.1576 | Val Acc: 97.72% | Best at iter 2200
  Iter 25000/50000 | Val Loss: 0.1638 | Val Acc: 98.00% | Best at iter 2200
  Iter 26000/50000 | Val Loss: 0.1585 | Val Acc: 98.02% | Best at iter 2200
  Iter 27000/50000 | Val Loss: 0.1553 | Val Acc: 98.24% | Best at iter 2200
  Iter 28000/50000 | Val Loss: 0.1818 | Val Acc: 97.98% | Best at iter 2200
  Iter 29000/50000 | Val Loss: 0.1536 | Val Acc: 98.08% | Best at iter 2200
  Iter 30000/50000 | Val Loss: 0.1812 | Val Acc: 97.80% | Best at iter 2200
  Iter 31000/50000 | Val Loss: 0.1760 | Val Acc: 97.80% | Best at iter 2200
  Iter 32000/50000 | Val Loss: 0.1556 | Val Acc: 98.16% | Best at iter 2200
  Iter 33000/50000 | Val Loss: 0.1762 | Val Acc: 98.06% | Best at iter 2200
  Iter 34000/50000 | Val Loss: 0.1887 | Val Acc: 97.88% | Best at iter 2200
  Iter 35000/50000 | Val Loss: 0.1675 | Val Acc: 98.06% | Best at iter 2200
  Iter 36000/50000 | Val Loss: 0.1806 | Val Acc: 97.84% | Best at iter 2200
  Iter 37000/50000 | Val Loss: 0.1757 | Val Acc: 98.18% | Best at iter 2200
  Iter 38000/50000 | Val Loss: 0.2093 | Val Acc: 97.78% | Best at iter 2200
  Iter 39000/50000 | Val Loss: 0.2028 | Val Acc: 98.00% | Best at iter 2200
  Iter 40000/50000 | Val Loss: 0.1734 | Val Acc: 98.16% | Best at iter 2200
  Iter 41000/50000 | Val Loss: 0.1974 | Val Acc: 97.98% | Best at iter 2200
  Iter 42000/50000 | Val Loss: 0.2111 | Val Acc: 97.90% | Best at iter 2200
  Iter 43000/50000 | Val Loss: 0.2062 | Val Acc: 98.06% | Best at iter 2200
  Iter 44000/50000 | Val Loss: 0.2146 | Val Acc: 97.92% | Best at iter 2200
  Iter 45000/50000 | Val Loss: 0.2035 | Val Acc: 97.92% | Best at iter 2200
  Iter 46000/50000 | Val Loss: 0.2040 | Val Acc: 98.18% | Best at iter 2200
  Iter 47000/50000 | Val Loss: 0.1932 | Val Acc: 98.16% | Best at iter 2200
  Iter 48000/50000 | Val Loss: 0.2164 | Val Acc: 97.96% | Best at iter 2200
  Iter 49000/50000 | Val Loss: 0.2086 | Val Acc: 98.04% | Best at iter 2200
  Iter 50000/50000 | Val Loss: 0.2382 | Val Acc: 98.02% | Best at iter 2200
[PRUNE] Pruning to 26.21%...
[RESET] Resetting to initial weights...

--- Round 7 (current: 26.21%) ---
[TRAIN] Training...
  Iter 1000/50000 | Val Loss: 0.0867 | Val Acc: 97.42% | Best at iter 1000
  Iter 2000/50000 | Val Loss: 0.0696 | Val Acc: 97.94% | Best at iter 2000
  Iter 3000/50000 | Val Loss: 0.0735 | Val Acc: 97.74% | Best at iter 2200
  Iter 4000/50000 | Val Loss: 0.0722 | Val Acc: 97.88% | Best at iter 2200
  Iter 5000/50000 | Val Loss: 0.0814 | Val Acc: 98.00% | Best at iter 2200
  Iter 6000/50000 | Val Loss: 0.0924 | Val Acc: 97.98% | Best at iter 2200
  Iter 7000/50000 | Val Loss: 0.0957 | Val Acc: 97.56% | Best at iter 2200
  Iter 8000/50000 | Val Loss: 0.1046 | Val Acc: 97.64% | Best at iter 2200
  Iter 9000/50000 | Val Loss: 0.0997 | Val Acc: 97.82% | Best at iter 2200
  Iter 10000/50000 | Val Loss: 0.1063 | Val Acc: 97.70% | Best at iter 2200
  Iter 11000/50000 | Val Loss: 0.1031 | Val Acc: 98.16% | Best at iter 2200
  Iter 12000/50000 | Val Loss: 0.1166 | Val Acc: 97.94% | Best at iter 2200
  Iter 13000/50000 | Val Loss: 0.1102 | Val Acc: 98.00% | Best at iter 2200
  Iter 14000/50000 | Val Loss: 0.1136 | Val Acc: 97.94% | Best at iter 2200
  Iter 15000/50000 | Val Loss: 0.1301 | Val Acc: 97.90% | Best at iter 2200
  Iter 16000/50000 | Val Loss: 0.1312 | Val Acc: 98.04% | Best at iter 2200
  Iter 17000/50000 | Val Loss: 0.1347 | Val Acc: 98.04% | Best at iter 2200
  Iter 18000/50000 | Val Loss: 0.1317 | Val Acc: 97.98% | Best at iter 2200
  Iter 19000/50000 | Val Loss: 0.1186 | Val Acc: 98.20% | Best at iter 2200
  Iter 20000/50000 | Val Loss: 0.1396 | Val Acc: 97.78% | Best at iter 2200
  Iter 21000/50000 | Val Loss: 0.1455 | Val Acc: 97.84% | Best at iter 2200
  Iter 22000/50000 | Val Loss: 0.1437 | Val Acc: 98.00% | Best at iter 2200
  Iter 23000/50000 | Val Loss: 0.1587 | Val Acc: 97.84% | Best at iter 2200
  Iter 24000/50000 | Val Loss: 0.1507 | Val Acc: 98.06% | Best at iter 2200
  Iter 25000/50000 | Val Loss: 0.1363 | Val Acc: 98.18% | Best at iter 2200
  Iter 26000/50000 | Val Loss: 0.1565 | Val Acc: 98.02% | Best at iter 2200
  Iter 27000/50000 | Val Loss: 0.1526 | Val Acc: 98.02% | Best at iter 2200
  Iter 28000/50000 | Val Loss: 0.1565 | Val Acc: 97.82% | Best at iter 2200
  Iter 29000/50000 | Val Loss: 0.1550 | Val Acc: 97.90% | Best at iter 2200
  Iter 30000/50000 | Val Loss: 0.1729 | Val Acc: 98.08% | Best at iter 2200
  Iter 31000/50000 | Val Loss: 0.1842 | Val Acc: 97.76% | Best at iter 2200
  Iter 32000/50000 | Val Loss: 0.1451 | Val Acc: 98.16% | Best at iter 2200
  Iter 33000/50000 | Val Loss: 0.1712 | Val Acc: 97.92% | Best at iter 2200
  Iter 34000/50000 | Val Loss: 0.1911 | Val Acc: 97.76% | Best at iter 2200
  Iter 35000/50000 | Val Loss: 0.1780 | Val Acc: 97.86% | Best at iter 2200
  Iter 36000/50000 | Val Loss: 0.1695 | Val Acc: 97.96% | Best at iter 2200
  Iter 37000/50000 | Val Loss: 0.1939 | Val Acc: 97.76% | Best at iter 2200
  Iter 38000/50000 | Val Loss: 0.1636 | Val Acc: 98.18% | Best at iter 2200
  Iter 39000/50000 | Val Loss: 0.1874 | Val Acc: 98.06% | Best at iter 2200
  Iter 40000/50000 | Val Loss: 0.1792 | Val Acc: 98.14% | Best at iter 2200
  Iter 41000/50000 | Val Loss: 0.1765 | Val Acc: 97.82% | Best at iter 2200
  Iter 42000/50000 | Val Loss: 0.1816 | Val Acc: 98.06% | Best at iter 2200
  Iter 43000/50000 | Val Loss: 0.2043 | Val Acc: 98.00% | Best at iter 2200
  Iter 44000/50000 | Val Loss: 0.2267 | Val Acc: 97.58% | Best at iter 2200
  Iter 45000/50000 | Val Loss: 0.2092 | Val Acc: 98.12% | Best at iter 2200
  Iter 46000/50000 | Val Loss: 0.2148 | Val Acc: 97.82% | Best at iter 2200
  Iter 47000/50000 | Val Loss: 0.2384 | Val Acc: 98.10% | Best at iter 2200
  Iter 48000/50000 | Val Loss: 0.2173 | Val Acc: 97.92% | Best at iter 2200
  Iter 49000/50000 | Val Loss: 0.2085 | Val Acc: 98.18% | Best at iter 2200
  Iter 50000/50000 | Val Loss: 0.2335 | Val Acc: 97.96% | Best at iter 2200
[PRUNE] Pruning to 20.97%...
[RESET] Resetting to initial weights...

--- Round 8 (current: 20.97%) ---
[TRAIN] Training...
  Iter 1000/50000 | Val Loss: 0.0873 | Val Acc: 97.30% | Best at iter 1000
  Iter 2000/50000 | Val Loss: 0.0699 | Val Acc: 97.98% | Best at iter 1900
  Iter 3000/50000 | Val Loss: 0.0711 | Val Acc: 98.02% | Best at iter 2200
  Iter 4000/50000 | Val Loss: 0.0685 | Val Acc: 98.28% | Best at iter 2200
  Iter 5000/50000 | Val Loss: 0.0820 | Val Acc: 97.84% | Best at iter 2200
  Iter 6000/50000 | Val Loss: 0.0794 | Val Acc: 97.96% | Best at iter 2200
  Iter 7000/50000 | Val Loss: 0.0846 | Val Acc: 98.00% | Best at iter 2200
  Iter 8000/50000 | Val Loss: 0.0936 | Val Acc: 97.92% | Best at iter 2200
  Iter 9000/50000 | Val Loss: 0.0964 | Val Acc: 98.12% | Best at iter 2200
  Iter 10000/50000 | Val Loss: 0.0982 | Val Acc: 97.90% | Best at iter 2200
  Iter 11000/50000 | Val Loss: 0.1126 | Val Acc: 97.54% | Best at iter 2200
  Iter 12000/50000 | Val Loss: 0.1028 | Val Acc: 97.92% | Best at iter 2200
  Iter 13000/50000 | Val Loss: 0.1087 | Val Acc: 97.88% | Best at iter 2200
  Iter 14000/50000 | Val Loss: 0.1119 | Val Acc: 98.20% | Best at iter 2200
  Iter 15000/50000 | Val Loss: 0.1224 | Val Acc: 97.66% | Best at iter 2200
  Iter 16000/50000 | Val Loss: 0.1240 | Val Acc: 97.88% | Best at iter 2200
  Iter 17000/50000 | Val Loss: 0.1369 | Val Acc: 97.80% | Best at iter 2200
  Iter 18000/50000 | Val Loss: 0.1384 | Val Acc: 97.92% | Best at iter 2200
  Iter 19000/50000 | Val Loss: 0.1209 | Val Acc: 98.16% | Best at iter 2200
  Iter 20000/50000 | Val Loss: 0.1333 | Val Acc: 98.16% | Best at iter 2200
  Iter 21000/50000 | Val Loss: 0.1407 | Val Acc: 97.94% | Best at iter 2200
  Iter 22000/50000 | Val Loss: 0.1443 | Val Acc: 97.88% | Best at iter 2200
  Iter 23000/50000 | Val Loss: 0.1404 | Val Acc: 98.06% | Best at iter 2200
  Iter 24000/50000 | Val Loss: 0.1376 | Val Acc: 97.96% | Best at iter 2200
  Iter 25000/50000 | Val Loss: 0.1338 | Val Acc: 98.06% | Best at iter 2200
  Iter 26000/50000 | Val Loss: 0.1445 | Val Acc: 97.96% | Best at iter 2200
  Iter 27000/50000 | Val Loss: 0.1529 | Val Acc: 98.10% | Best at iter 2200
  Iter 28000/50000 | Val Loss: 0.1742 | Val Acc: 97.88% | Best at iter 2200
  Iter 29000/50000 | Val Loss: 0.1782 | Val Acc: 97.84% | Best at iter 2200
  Iter 30000/50000 | Val Loss: 0.1490 | Val Acc: 98.14% | Best at iter 2200
  Iter 31000/50000 | Val Loss: 0.1669 | Val Acc: 98.06% | Best at iter 2200
  Iter 32000/50000 | Val Loss: 0.1799 | Val Acc: 98.06% | Best at iter 2200
  Iter 33000/50000 | Val Loss: 0.1695 | Val Acc: 98.02% | Best at iter 2200
  Iter 34000/50000 | Val Loss: 0.1558 | Val Acc: 98.02% | Best at iter 2200
  Iter 35000/50000 | Val Loss: 0.1832 | Val Acc: 97.86% | Best at iter 2200
  Iter 36000/50000 | Val Loss: 0.1703 | Val Acc: 97.90% | Best at iter 2200
  Iter 37000/50000 | Val Loss: 0.1781 | Val Acc: 97.92% | Best at iter 2200
  Iter 38000/50000 | Val Loss: 0.2062 | Val Acc: 97.82% | Best at iter 2200
  Iter 39000/50000 | Val Loss: 0.1875 | Val Acc: 98.04% | Best at iter 2200
  Iter 40000/50000 | Val Loss: 0.1837 | Val Acc: 98.06% | Best at iter 2200
  Iter 41000/50000 | Val Loss: 0.1653 | Val Acc: 98.34% | Best at iter 2200
  Iter 42000/50000 | Val Loss: 0.1771 | Val Acc: 98.14% | Best at iter 2200
  Iter 43000/50000 | Val Loss: 0.1834 | Val Acc: 98.06% | Best at iter 2200
  Iter 44000/50000 | Val Loss: 0.2036 | Val Acc: 97.84% | Best at iter 2200
  Iter 45000/50000 | Val Loss: 0.2095 | Val Acc: 98.12% | Best at iter 2200
  Iter 46000/50000 | Val Loss: 0.1919 | Val Acc: 98.24% | Best at iter 2200
  Iter 47000/50000 | Val Loss: 0.1901 | Val Acc: 98.12% | Best at iter 2200
  Iter 48000/50000 | Val Loss: 0.2051 | Val Acc: 97.94% | Best at iter 2200
  Iter 49000/50000 | Val Loss: 0.1872 | Val Acc: 98.20% | Best at iter 2200
  Iter 50000/50000 | Val Loss: 0.2056 | Val Acc: 98.02% | Best at iter 2200
[PRUNE] Pruning to 16.78%...
[RESET] Resetting to initial weights...

--- Round 9 (current: 16.78%) ---
[TRAIN] Training...
  Iter 1000/50000 | Val Loss: 0.0839 | Val Acc: 97.30% | Best at iter 1000
  Iter 2000/50000 | Val Loss: 0.0743 | Val Acc: 97.74% | Best at iter 1800
  Iter 3000/50000 | Val Loss: 0.0732 | Val Acc: 97.92% | Best at iter 2200
  Iter 4000/50000 | Val Loss: 0.0692 | Val Acc: 97.98% | Best at iter 2200
  Iter 5000/50000 | Val Loss: 0.0817 | Val Acc: 97.98% | Best at iter 2200
  Iter 6000/50000 | Val Loss: 0.0872 | Val Acc: 97.88% | Best at iter 2200
  Iter 7000/50000 | Val Loss: 0.0982 | Val Acc: 97.80% | Best at iter 2200
  Iter 8000/50000 | Val Loss: 0.0936 | Val Acc: 97.92% | Best at iter 2200
  Iter 9000/50000 | Val Loss: 0.1097 | Val Acc: 97.82% | Best at iter 2200
  Iter 10000/50000 | Val Loss: 0.1121 | Val Acc: 97.72% | Best at iter 2200
  Iter 11000/50000 | Val Loss: 0.1124 | Val Acc: 97.74% | Best at iter 2200
  Iter 12000/50000 | Val Loss: 0.1188 | Val Acc: 97.74% | Best at iter 2200
  Iter 13000/50000 | Val Loss: 0.1180 | Val Acc: 97.98% | Best at iter 2200
  Iter 14000/50000 | Val Loss: 0.1439 | Val Acc: 97.70% | Best at iter 2200
  Iter 15000/50000 | Val Loss: 0.1070 | Val Acc: 98.00% | Best at iter 2200
  Iter 16000/50000 | Val Loss: 0.1099 | Val Acc: 98.14% | Best at iter 2200
  Iter 17000/50000 | Val Loss: 0.1295 | Val Acc: 97.96% | Best at iter 2200
  Iter 18000/50000 | Val Loss: 0.1382 | Val Acc: 97.82% | Best at iter 2200
  Iter 19000/50000 | Val Loss: 0.1358 | Val Acc: 97.80% | Best at iter 2200
  Iter 20000/50000 | Val Loss: 0.1233 | Val Acc: 98.06% | Best at iter 2200
  Iter 21000/50000 | Val Loss: 0.1475 | Val Acc: 97.70% | Best at iter 2200
  Iter 22000/50000 | Val Loss: 0.1404 | Val Acc: 97.74% | Best at iter 2200
  Iter 23000/50000 | Val Loss: 0.1328 | Val Acc: 97.86% | Best at iter 2200
  Iter 24000/50000 | Val Loss: 0.1285 | Val Acc: 98.06% | Best at iter 2200
  Iter 25000/50000 | Val Loss: 0.1375 | Val Acc: 98.06% | Best at iter 2200
  Iter 26000/50000 | Val Loss: 0.1386 | Val Acc: 98.12% | Best at iter 2200
  Iter 27000/50000 | Val Loss: 0.1762 | Val Acc: 97.62% | Best at iter 2200
  Iter 28000/50000 | Val Loss: 0.1589 | Val Acc: 98.04% | Best at iter 2200
  Iter 29000/50000 | Val Loss: 0.1563 | Val Acc: 97.92% | Best at iter 2200
  Iter 30000/50000 | Val Loss: 0.1445 | Val Acc: 98.18% | Best at iter 2200
  Iter 31000/50000 | Val Loss: 0.1703 | Val Acc: 97.98% | Best at iter 2200
  Iter 32000/50000 | Val Loss: 0.1564 | Val Acc: 97.96% | Best at iter 2200
  Iter 33000/50000 | Val Loss: 0.1655 | Val Acc: 97.94% | Best at iter 2200
  Iter 34000/50000 | Val Loss: 0.1714 | Val Acc: 97.86% | Best at iter 2200
  Iter 35000/50000 | Val Loss: 0.1747 | Val Acc: 97.84% | Best at iter 2200
  Iter 36000/50000 | Val Loss: 0.1670 | Val Acc: 98.00% | Best at iter 2200
  Iter 37000/50000 | Val Loss: 0.1936 | Val Acc: 97.92% | Best at iter 2200
  Iter 38000/50000 | Val Loss: 0.1885 | Val Acc: 97.98% | Best at iter 2200
  Iter 39000/50000 | Val Loss: 0.2144 | Val Acc: 97.92% | Best at iter 2200
  Iter 40000/50000 | Val Loss: 0.1925 | Val Acc: 97.96% | Best at iter 2200
  Iter 41000/50000 | Val Loss: 0.1975 | Val Acc: 97.88% | Best at iter 2200
  Iter 42000/50000 | Val Loss: 0.1835 | Val Acc: 98.02% | Best at iter 2200
  Iter 43000/50000 | Val Loss: 0.2681 | Val Acc: 97.44% | Best at iter 2200
  Iter 44000/50000 | Val Loss: 0.1984 | Val Acc: 97.98% | Best at iter 2200
  Iter 45000/50000 | Val Loss: 0.2004 | Val Acc: 98.06% | Best at iter 2200
  Iter 46000/50000 | Val Loss: 0.2020 | Val Acc: 97.84% | Best at iter 2200
  Iter 47000/50000 | Val Loss: 0.1929 | Val Acc: 98.00% | Best at iter 2200
  Iter 48000/50000 | Val Loss: 0.2067 | Val Acc: 98.02% | Best at iter 2200
  Iter 49000/50000 | Val Loss: 0.2012 | Val Acc: 98.06% | Best at iter 2200
  Iter 50000/50000 | Val Loss: 0.2092 | Val Acc: 97.96% | Best at iter 2200
[PRUNE] Pruning to 13.42%...
[RESET] Resetting to initial weights...

==================================================
FINAL TRAINING at 13.42%
==================================================
  Iter 1000/50000 | Val Loss: 0.0826 | Val Acc: 97.44% | Best at iter 1000
  Iter 2000/50000 | Val Loss: 0.0625 | Val Acc: 97.96% | Best at iter 2000
  Iter 3000/50000 | Val Loss: 0.0657 | Val Acc: 98.00% | Best at iter 2000
  Iter 4000/50000 | Val Loss: 0.0722 | Val Acc: 97.98% | Best at iter 3500
  Iter 5000/50000 | Val Loss: 0.0755 | Val Acc: 97.88% | Best at iter 3500
  Iter 6000/50000 | Val Loss: 0.0820 | Val Acc: 98.02% | Best at iter 3500
  Iter 7000/50000 | Val Loss: 0.0885 | Val Acc: 97.88% | Best at iter 3500
  Iter 8000/50000 | Val Loss: 0.0839 | Val Acc: 98.14% | Best at iter 3500
  Iter 9000/50000 | Val Loss: 0.1007 | Val Acc: 97.76% | Best at iter 3500
  Iter 10000/50000 | Val Loss: 0.0871 | Val Acc: 98.14% | Best at iter 3500
  Iter 11000/50000 | Val Loss: 0.1303 | Val Acc: 97.44% | Best at iter 3500
  Iter 12000/50000 | Val Loss: 0.1087 | Val Acc: 97.96% | Best at iter 3500
  Iter 13000/50000 | Val Loss: 0.1033 | Val Acc: 98.22% | Best at iter 3500
  Iter 14000/50000 | Val Loss: 0.1237 | Val Acc: 97.96% | Best at iter 3500
  Iter 15000/50000 | Val Loss: 0.1186 | Val Acc: 98.18% | Best at iter 3500
  Iter 16000/50000 | Val Loss: 0.1149 | Val Acc: 98.14% | Best at iter 3500
  Iter 17000/50000 | Val Loss: 0.1248 | Val Acc: 97.82% | Best at iter 3500
  Iter 18000/50000 | Val Loss: 0.1093 | Val Acc: 98.20% | Best at iter 3500
  Iter 19000/50000 | Val Loss: 0.1002 | Val Acc: 98.30% | Best at iter 3500
  Iter 20000/50000 | Val Loss: 0.1047 | Val Acc: 98.26% | Best at iter 3500
  Iter 21000/50000 | Val Loss: 0.1633 | Val Acc: 97.62% | Best at iter 3500
  Iter 22000/50000 | Val Loss: 0.1387 | Val Acc: 98.00% | Best at iter 3500
  Iter 23000/50000 | Val Loss: 0.1192 | Val Acc: 98.30% | Best at iter 3500
  Iter 24000/50000 | Val Loss: 0.1241 | Val Acc: 98.28% | Best at iter 3500
  Iter 25000/50000 | Val Loss: 0.1281 | Val Acc: 98.22% | Best at iter 3500
  Iter 26000/50000 | Val Loss: 0.1526 | Val Acc: 98.02% | Best at iter 3500
  Iter 27000/50000 | Val Loss: 0.1612 | Val Acc: 97.82% | Best at iter 3500
  Iter 28000/50000 | Val Loss: 0.1445 | Val Acc: 97.80% | Best at iter 3500
  Iter 29000/50000 | Val Loss: 0.1568 | Val Acc: 98.00% | Best at iter 3500
  Iter 30000/50000 | Val Loss: 0.1474 | Val Acc: 97.90% | Best at iter 3500
  Iter 31000/50000 | Val Loss: 0.1397 | Val Acc: 97.88% | Best at iter 3500
  Iter 32000/50000 | Val Loss: 0.1466 | Val Acc: 98.20% | Best at iter 3500
  Iter 33000/50000 | Val Loss: 0.1604 | Val Acc: 98.02% | Best at iter 3500
  Iter 34000/50000 | Val Loss: 0.1413 | Val Acc: 98.28% | Best at iter 3500
  Iter 35000/50000 | Val Loss: 0.1426 | Val Acc: 98.30% | Best at iter 3500
  Iter 36000/50000 | Val Loss: 0.1436 | Val Acc: 98.26% | Best at iter 3500
  Iter 37000/50000 | Val Loss: 0.1434 | Val Acc: 98.26% | Best at iter 3500
  Iter 38000/50000 | Val Loss: 0.1444 | Val Acc: 98.28% | Best at iter 3500
  Iter 39000/50000 | Val Loss: 0.1451 | Val Acc: 98.26% | Best at iter 3500
  Iter 40000/50000 | Val Loss: 0.1472 | Val Acc: 98.24% | Best at iter 3500
  Iter 41000/50000 | Val Loss: 0.1492 | Val Acc: 98.26% | Best at iter 3500
  Iter 42000/50000 | Val Loss: 0.1508 | Val Acc: 98.24% | Best at iter 3500
  Iter 43000/50000 | Val Loss: 0.1537 | Val Acc: 98.30% | Best at iter 3500
  Iter 44000/50000 | Val Loss: 0.2079 | Val Acc: 97.70% | Best at iter 3500
  Iter 45000/50000 | Val Loss: 0.1762 | Val Acc: 98.04% | Best at iter 3500
  Iter 46000/50000 | Val Loss: 0.1668 | Val Acc: 97.96% | Best at iter 3500
  Iter 47000/50000 | Val Loss: 0.1678 | Val Acc: 98.12% | Best at iter 3500
  Iter 48000/50000 | Val Loss: 0.1828 | Val Acc: 97.96% | Best at iter 3500
  Iter 49000/50000 | Val Loss: 0.1692 | Val Acc: 97.96% | Best at iter 3500
  Iter 50000/50000 | Val Loss: 0.1829 | Val Acc: 97.90% | Best at iter 3500

──────────────────────────────────────────────────────────────────────
Early stop: iteration 3500
Val loss at early stop: 0.0600
Test accuracy at early stop: 98.16%
──────────────────────────────────────────────────────────────────────

======================================================================
Iterative Winning Ticket
Sparsity: 13.4% | Trial: 3/3
======================================================================
[1] Saving initial weights...

--- Round 1 (current: 100.00%) ---
[TRAIN] Training...
  Iter 1000/50000 | Val Loss: 0.1116 | Val Acc: 96.58% | Best at iter 900
  Iter 2000/50000 | Val Loss: 0.1068 | Val Acc: 96.92% | Best at iter 1700
  Iter 3000/50000 | Val Loss: 0.0895 | Val Acc: 97.34% | Best at iter 3000
  Iter 4000/50000 | Val Loss: 0.0967 | Val Acc: 97.52% | Best at iter 3100
  Iter 5000/50000 | Val Loss: 0.1056 | Val Acc: 97.24% | Best at iter 3100
  Iter 6000/50000 | Val Loss: 0.1172 | Val Acc: 97.04% | Best at iter 5700
  Iter 7000/50000 | Val Loss: 0.1149 | Val Acc: 97.38% | Best at iter 5700
  Iter 8000/50000 | Val Loss: 0.1346 | Val Acc: 96.92% | Best at iter 5700
  Iter 9000/50000 | Val Loss: 0.1149 | Val Acc: 97.32% | Best at iter 5700
  Iter 10000/50000 | Val Loss: 0.1069 | Val Acc: 97.54% | Best at iter 5700
  Iter 11000/50000 | Val Loss: 0.1310 | Val Acc: 97.28% | Best at iter 5700
  Iter 12000/50000 | Val Loss: 0.1173 | Val Acc: 97.68% | Best at iter 5700
  Iter 13000/50000 | Val Loss: 0.1292 | Val Acc: 97.68% | Best at iter 5700
  Iter 14000/50000 | Val Loss: 0.1326 | Val Acc: 97.40% | Best at iter 5700
  Iter 15000/50000 | Val Loss: 0.1386 | Val Acc: 97.64% | Best at iter 5700
  Iter 16000/50000 | Val Loss: 0.1515 | Val Acc: 97.46% | Best at iter 5700
  Iter 17000/50000 | Val Loss: 0.1448 | Val Acc: 97.66% | Best at iter 5700
  Iter 18000/50000 | Val Loss: 0.1620 | Val Acc: 97.52% | Best at iter 5700
  Iter 19000/50000 | Val Loss: 0.1717 | Val Acc: 97.54% | Best at iter 5700
  Iter 20000/50000 | Val Loss: 0.1669 | Val Acc: 97.48% | Best at iter 5700
  Iter 21000/50000 | Val Loss: 0.1639 | Val Acc: 97.66% | Best at iter 5700
  Iter 22000/50000 | Val Loss: 0.2161 | Val Acc: 97.04% | Best at iter 5700
  Iter 23000/50000 | Val Loss: 0.1633 | Val Acc: 97.58% | Best at iter 5700
  Iter 24000/50000 | Val Loss: 0.1550 | Val Acc: 97.76% | Best at iter 5700
  Iter 25000/50000 | Val Loss: 0.1957 | Val Acc: 97.58% | Best at iter 5700
  Iter 26000/50000 | Val Loss: 0.1734 | Val Acc: 97.72% | Best at iter 5700
  Iter 27000/50000 | Val Loss: 0.1600 | Val Acc: 97.92% | Best at iter 5700
  Iter 28000/50000 | Val Loss: 0.1730 | Val Acc: 97.70% | Best at iter 5700
  Iter 29000/50000 | Val Loss: 0.1796 | Val Acc: 97.92% | Best at iter 5700
  Iter 30000/50000 | Val Loss: 0.1723 | Val Acc: 97.64% | Best at iter 5700
  Iter 31000/50000 | Val Loss: 0.1630 | Val Acc: 97.90% | Best at iter 5700
  Iter 32000/50000 | Val Loss: 0.1717 | Val Acc: 97.96% | Best at iter 5700
  Iter 33000/50000 | Val Loss: 0.2004 | Val Acc: 97.66% | Best at iter 5700
  Iter 34000/50000 | Val Loss: 0.2097 | Val Acc: 97.80% | Best at iter 5700
  Iter 35000/50000 | Val Loss: 0.2320 | Val Acc: 97.86% | Best at iter 5700
  Iter 36000/50000 | Val Loss: 0.2188 | Val Acc: 97.76% | Best at iter 5700
  Iter 37000/50000 | Val Loss: 0.1987 | Val Acc: 98.04% | Best at iter 5700
  Iter 38000/50000 | Val Loss: 0.2007 | Val Acc: 97.82% | Best at iter 5700
  Iter 39000/50000 | Val Loss: 0.1823 | Val Acc: 97.92% | Best at iter 5700
  Iter 40000/50000 | Val Loss: 0.2022 | Val Acc: 97.96% | Best at iter 5700
  Iter 41000/50000 | Val Loss: 0.2506 | Val Acc: 97.86% | Best at iter 5700
  Iter 42000/50000 | Val Loss: 0.2260 | Val Acc: 97.84% | Best at iter 5700
  Iter 43000/50000 | Val Loss: 0.2440 | Val Acc: 97.86% | Best at iter 5700
  Iter 44000/50000 | Val Loss: 0.2518 | Val Acc: 97.50% | Best at iter 5700
  Iter 45000/50000 | Val Loss: 0.2317 | Val Acc: 97.92% | Best at iter 5700
  Iter 46000/50000 | Val Loss: 0.2295 | Val Acc: 97.94% | Best at iter 5700
  Iter 47000/50000 | Val Loss: 0.2761 | Val Acc: 97.68% | Best at iter 5700
  Iter 48000/50000 | Val Loss: 0.2494 | Val Acc: 97.82% | Best at iter 5700
  Iter 49000/50000 | Val Loss: 0.2586 | Val Acc: 97.80% | Best at iter 5700
  Iter 50000/50000 | Val Loss: 0.2898 | Val Acc: 97.82% | Best at iter 5700
[PRUNE] Pruning to 80.00%...
[RESET] Resetting to initial weights...

--- Round 2 (current: 80.00%) ---
[TRAIN] Training...
  Iter 1000/50000 | Val Loss: 0.1349 | Val Acc: 95.94% | Best at iter 900
  Iter 2000/50000 | Val Loss: 0.0865 | Val Acc: 97.04% | Best at iter 1700
  Iter 3000/50000 | Val Loss: 0.0971 | Val Acc: 97.06% | Best at iter 1700
  Iter 4000/50000 | Val Loss: 0.0843 | Val Acc: 97.70% | Best at iter 3900
  Iter 5000/50000 | Val Loss: 0.0860 | Val Acc: 97.82% | Best at iter 3900
  Iter 6000/50000 | Val Loss: 0.0932 | Val Acc: 97.68% | Best at iter 5700
  Iter 7000/50000 | Val Loss: 0.0832 | Val Acc: 97.96% | Best at iter 5700
  Iter 8000/50000 | Val Loss: 0.1037 | Val Acc: 97.86% | Best at iter 5700
  Iter 9000/50000 | Val Loss: 0.1099 | Val Acc: 97.76% | Best at iter 5700
  Iter 10000/50000 | Val Loss: 0.1193 | Val Acc: 97.66% | Best at iter 5700
  Iter 11000/50000 | Val Loss: 0.1248 | Val Acc: 97.66% | Best at iter 5700
  Iter 12000/50000 | Val Loss: 0.1088 | Val Acc: 97.86% | Best at iter 5700
  Iter 13000/50000 | Val Loss: 0.0963 | Val Acc: 98.14% | Best at iter 5700
  Iter 14000/50000 | Val Loss: 0.1443 | Val Acc: 97.50% | Best at iter 5700
  Iter 15000/50000 | Val Loss: 0.1405 | Val Acc: 97.52% | Best at iter 5700
  Iter 16000/50000 | Val Loss: 0.1171 | Val Acc: 97.96% | Best at iter 5700
  Iter 17000/50000 | Val Loss: 0.1544 | Val Acc: 97.18% | Best at iter 5700
  Iter 18000/50000 | Val Loss: 0.1574 | Val Acc: 97.40% | Best at iter 5700
  Iter 19000/50000 | Val Loss: 0.1384 | Val Acc: 97.86% | Best at iter 5700
  Iter 20000/50000 | Val Loss: 0.1370 | Val Acc: 98.02% | Best at iter 5700
  Iter 21000/50000 | Val Loss: 0.1451 | Val Acc: 97.84% | Best at iter 5700
  Iter 22000/50000 | Val Loss: 0.1408 | Val Acc: 97.76% | Best at iter 5700
  Iter 23000/50000 | Val Loss: 0.1604 | Val Acc: 97.52% | Best at iter 5700
  Iter 24000/50000 | Val Loss: 0.1547 | Val Acc: 97.90% | Best at iter 5700
  Iter 25000/50000 | Val Loss: 0.1612 | Val Acc: 97.78% | Best at iter 5700
  Iter 26000/50000 | Val Loss: 0.1432 | Val Acc: 98.04% | Best at iter 5700
  Iter 27000/50000 | Val Loss: 0.1511 | Val Acc: 97.82% | Best at iter 5700
  Iter 28000/50000 | Val Loss: 0.1732 | Val Acc: 97.94% | Best at iter 5700
  Iter 29000/50000 | Val Loss: 0.1577 | Val Acc: 98.02% | Best at iter 5700
  Iter 30000/50000 | Val Loss: 0.1680 | Val Acc: 97.76% | Best at iter 5700
  Iter 31000/50000 | Val Loss: 0.1564 | Val Acc: 97.94% | Best at iter 5700
  Iter 32000/50000 | Val Loss: 0.1741 | Val Acc: 97.82% | Best at iter 5700
  Iter 33000/50000 | Val Loss: 0.1862 | Val Acc: 97.80% | Best at iter 5700
  Iter 34000/50000 | Val Loss: 0.1828 | Val Acc: 97.88% | Best at iter 5700
  Iter 35000/50000 | Val Loss: 0.1840 | Val Acc: 97.72% | Best at iter 5700
  Iter 36000/50000 | Val Loss: 0.1646 | Val Acc: 97.90% | Best at iter 5700
  Iter 37000/50000 | Val Loss: 0.2165 | Val Acc: 97.82% | Best at iter 5700
  Iter 38000/50000 | Val Loss: 0.1820 | Val Acc: 97.94% | Best at iter 5700
  Iter 39000/50000 | Val Loss: 0.2280 | Val Acc: 97.58% | Best at iter 5700
  Iter 40000/50000 | Val Loss: 0.1949 | Val Acc: 97.84% | Best at iter 5700
  Iter 41000/50000 | Val Loss: 0.1992 | Val Acc: 98.02% | Best at iter 5700
  Iter 42000/50000 | Val Loss: 0.1794 | Val Acc: 98.04% | Best at iter 5700
  Iter 43000/50000 | Val Loss: 0.1871 | Val Acc: 97.74% | Best at iter 5700
  Iter 44000/50000 | Val Loss: 0.1663 | Val Acc: 98.22% | Best at iter 5700
  Iter 45000/50000 | Val Loss: 0.2091 | Val Acc: 97.78% | Best at iter 5700
  Iter 46000/50000 | Val Loss: 0.2131 | Val Acc: 97.86% | Best at iter 5700
  Iter 47000/50000 | Val Loss: 0.2107 | Val Acc: 98.18% | Best at iter 5700
  Iter 48000/50000 | Val Loss: 0.1793 | Val Acc: 97.92% | Best at iter 5700
  Iter 49000/50000 | Val Loss: 0.2339 | Val Acc: 97.84% | Best at iter 5700
  Iter 50000/50000 | Val Loss: 0.1842 | Val Acc: 97.94% | Best at iter 5700
[PRUNE] Pruning to 64.00%...
[RESET] Resetting to initial weights...

--- Round 3 (current: 64.00%) ---
[TRAIN] Training...
  Iter 1000/50000 | Val Loss: 0.1123 | Val Acc: 96.54% | Best at iter 900
  Iter 2000/50000 | Val Loss: 0.0769 | Val Acc: 97.48% | Best at iter 2000
  Iter 3000/50000 | Val Loss: 0.0841 | Val Acc: 97.30% | Best at iter 2000
  Iter 4000/50000 | Val Loss: 0.0891 | Val Acc: 97.70% | Best at iter 3700
  Iter 5000/50000 | Val Loss: 0.0894 | Val Acc: 97.74% | Best at iter 3700
  Iter 6000/50000 | Val Loss: 0.0960 | Val Acc: 97.88% | Best at iter 3700
  Iter 7000/50000 | Val Loss: 0.1004 | Val Acc: 97.66% | Best at iter 3700
  Iter 8000/50000 | Val Loss: 0.1094 | Val Acc: 97.52% | Best at iter 3700
  Iter 9000/50000 | Val Loss: 0.1287 | Val Acc: 97.54% | Best at iter 3700
  Iter 10000/50000 | Val Loss: 0.1246 | Val Acc: 97.60% | Best at iter 3700
  Iter 11000/50000 | Val Loss: 0.1059 | Val Acc: 97.90% | Best at iter 3700
  Iter 12000/50000 | Val Loss: 0.1301 | Val Acc: 97.54% | Best at iter 3700
  Iter 13000/50000 | Val Loss: 0.1259 | Val Acc: 97.70% | Best at iter 3700
  Iter 14000/50000 | Val Loss: 0.1342 | Val Acc: 97.66% | Best at iter 3700
  Iter 15000/50000 | Val Loss: 0.1267 | Val Acc: 97.82% | Best at iter 3700
  Iter 16000/50000 | Val Loss: 0.1196 | Val Acc: 97.86% | Best at iter 3700
  Iter 17000/50000 | Val Loss: 0.1368 | Val Acc: 97.78% | Best at iter 3700
  Iter 18000/50000 | Val Loss: 0.1442 | Val Acc: 97.34% | Best at iter 3700
  Iter 19000/50000 | Val Loss: 0.1516 | Val Acc: 97.82% | Best at iter 3700
  Iter 20000/50000 | Val Loss: 0.1328 | Val Acc: 97.82% | Best at iter 3700
  Iter 21000/50000 | Val Loss: 0.1573 | Val Acc: 97.78% | Best at iter 3700
  Iter 22000/50000 | Val Loss: 0.1521 | Val Acc: 97.72% | Best at iter 3700
  Iter 23000/50000 | Val Loss: 0.1463 | Val Acc: 97.96% | Best at iter 3700
  Iter 24000/50000 | Val Loss: 0.1453 | Val Acc: 97.92% | Best at iter 3700
  Iter 25000/50000 | Val Loss: 0.1648 | Val Acc: 97.92% | Best at iter 3700
  Iter 26000/50000 | Val Loss: 0.1428 | Val Acc: 98.02% | Best at iter 3700
  Iter 27000/50000 | Val Loss: 0.1610 | Val Acc: 97.80% | Best at iter 3700
  Iter 28000/50000 | Val Loss: 0.1590 | Val Acc: 98.14% | Best at iter 3700
  Iter 29000/50000 | Val Loss: 0.1696 | Val Acc: 97.86% | Best at iter 3700
  Iter 30000/50000 | Val Loss: 0.1868 | Val Acc: 97.84% | Best at iter 3700
  Iter 31000/50000 | Val Loss: 0.1964 | Val Acc: 97.74% | Best at iter 3700
  Iter 32000/50000 | Val Loss: 0.1760 | Val Acc: 97.90% | Best at iter 3700
  Iter 33000/50000 | Val Loss: 0.1894 | Val Acc: 97.84% | Best at iter 3700
  Iter 34000/50000 | Val Loss: 0.2009 | Val Acc: 97.88% | Best at iter 3700
  Iter 35000/50000 | Val Loss: 0.1858 | Val Acc: 97.86% | Best at iter 3700
  Iter 36000/50000 | Val Loss: 0.1991 | Val Acc: 97.82% | Best at iter 3700
  Iter 37000/50000 | Val Loss: 0.2118 | Val Acc: 97.82% | Best at iter 3700
  Iter 38000/50000 | Val Loss: 0.1968 | Val Acc: 97.78% | Best at iter 3700
  Iter 39000/50000 | Val Loss: 0.1879 | Val Acc: 97.94% | Best at iter 3700
  Iter 40000/50000 | Val Loss: 0.2056 | Val Acc: 97.76% | Best at iter 3700
  Iter 41000/50000 | Val Loss: 0.2103 | Val Acc: 97.70% | Best at iter 3700
  Iter 42000/50000 | Val Loss: 0.2418 | Val Acc: 97.72% | Best at iter 3700
  Iter 43000/50000 | Val Loss: 0.1772 | Val Acc: 97.98% | Best at iter 3700
  Iter 44000/50000 | Val Loss: 0.2664 | Val Acc: 97.80% | Best at iter 3700
  Iter 45000/50000 | Val Loss: 0.2119 | Val Acc: 98.08% | Best at iter 3700
  Iter 46000/50000 | Val Loss: 0.2133 | Val Acc: 97.90% | Best at iter 3700
  Iter 47000/50000 | Val Loss: 0.2446 | Val Acc: 97.84% | Best at iter 3700
  Iter 48000/50000 | Val Loss: 0.2134 | Val Acc: 97.96% | Best at iter 3700
  Iter 49000/50000 | Val Loss: 0.2466 | Val Acc: 97.98% | Best at iter 3700
  Iter 50000/50000 | Val Loss: 0.2304 | Val Acc: 97.92% | Best at iter 3700
[PRUNE] Pruning to 51.20%...
[RESET] Resetting to initial weights...

--- Round 4 (current: 51.20%) ---
[TRAIN] Training...
  Iter 1000/50000 | Val Loss: 0.0992 | Val Acc: 96.96% | Best at iter 1000
  Iter 2000/50000 | Val Loss: 0.0761 | Val Acc: 97.62% | Best at iter 2000
  Iter 3000/50000 | Val Loss: 0.0870 | Val Acc: 97.46% | Best at iter 2500
  Iter 4000/50000 | Val Loss: 0.0829 | Val Acc: 97.74% | Best at iter 3600
  Iter 5000/50000 | Val Loss: 0.0903 | Val Acc: 97.54% | Best at iter 3600
  Iter 6000/50000 | Val Loss: 0.0986 | Val Acc: 97.56% | Best at iter 3600
  Iter 7000/50000 | Val Loss: 0.0993 | Val Acc: 97.80% | Best at iter 3600
  Iter 8000/50000 | Val Loss: 0.0981 | Val Acc: 97.78% | Best at iter 3600
  Iter 9000/50000 | Val Loss: 0.1229 | Val Acc: 97.58% | Best at iter 3600
  Iter 10000/50000 | Val Loss: 0.1198 | Val Acc: 97.52% | Best at iter 3600
  Iter 11000/50000 | Val Loss: 0.1166 | Val Acc: 97.28% | Best at iter 3600
  Iter 12000/50000 | Val Loss: 0.1332 | Val Acc: 97.54% | Best at iter 3600
  Iter 13000/50000 | Val Loss: 0.1175 | Val Acc: 97.86% | Best at iter 3600
  Iter 14000/50000 | Val Loss: 0.1076 | Val Acc: 97.94% | Best at iter 3600
  Iter 15000/50000 | Val Loss: 0.1198 | Val Acc: 97.96% | Best at iter 3600
  Iter 16000/50000 | Val Loss: 0.1095 | Val Acc: 97.98% | Best at iter 3600
  Iter 17000/50000 | Val Loss: 0.1104 | Val Acc: 98.08% | Best at iter 3600
  Iter 18000/50000 | Val Loss: 0.1525 | Val Acc: 97.62% | Best at iter 3600
  Iter 19000/50000 | Val Loss: 0.1459 | Val Acc: 97.84% | Best at iter 3600
  Iter 20000/50000 | Val Loss: 0.1544 | Val Acc: 97.56% | Best at iter 3600
  Iter 21000/50000 | Val Loss: 0.1372 | Val Acc: 98.02% | Best at iter 3600
  Iter 22000/50000 | Val Loss: 0.1548 | Val Acc: 97.74% | Best at iter 3600
  Iter 23000/50000 | Val Loss: 0.1532 | Val Acc: 97.74% | Best at iter 3600
  Iter 24000/50000 | Val Loss: 0.1525 | Val Acc: 97.88% | Best at iter 3600
  Iter 25000/50000 | Val Loss: 0.1428 | Val Acc: 98.00% | Best at iter 3600
  Iter 26000/50000 | Val Loss: 0.1979 | Val Acc: 97.60% | Best at iter 3600
  Iter 27000/50000 | Val Loss: 0.1643 | Val Acc: 97.82% | Best at iter 3600
  Iter 28000/50000 | Val Loss: 0.1601 | Val Acc: 97.92% | Best at iter 3600
  Iter 29000/50000 | Val Loss: 0.2047 | Val Acc: 97.50% | Best at iter 3600
  Iter 30000/50000 | Val Loss: 0.1738 | Val Acc: 97.88% | Best at iter 3600
  Iter 31000/50000 | Val Loss: 0.1878 | Val Acc: 97.84% | Best at iter 3600
  Iter 32000/50000 | Val Loss: 0.1796 | Val Acc: 97.84% | Best at iter 3600
  Iter 33000/50000 | Val Loss: 0.2177 | Val Acc: 97.38% | Best at iter 3600
  Iter 34000/50000 | Val Loss: 0.2134 | Val Acc: 97.74% | Best at iter 3600
  Iter 35000/50000 | Val Loss: 0.1929 | Val Acc: 97.82% | Best at iter 3600
  Iter 36000/50000 | Val Loss: 0.1591 | Val Acc: 98.10% | Best at iter 3600
  Iter 37000/50000 | Val Loss: 0.1639 | Val Acc: 98.28% | Best at iter 3600
  Iter 38000/50000 | Val Loss: 0.1879 | Val Acc: 98.06% | Best at iter 3600
  Iter 39000/50000 | Val Loss: 0.2129 | Val Acc: 97.86% | Best at iter 3600
  Iter 40000/50000 | Val Loss: 0.2152 | Val Acc: 97.88% | Best at iter 3600
  Iter 41000/50000 | Val Loss: 0.2033 | Val Acc: 97.66% | Best at iter 3600
  Iter 42000/50000 | Val Loss: 0.1851 | Val Acc: 98.10% | Best at iter 3600
  Iter 43000/50000 | Val Loss: 0.2011 | Val Acc: 97.84% | Best at iter 3600
  Iter 44000/50000 | Val Loss: 0.2219 | Val Acc: 97.84% | Best at iter 3600
  Iter 45000/50000 | Val Loss: 0.2081 | Val Acc: 98.00% | Best at iter 3600
  Iter 46000/50000 | Val Loss: 0.2103 | Val Acc: 97.98% | Best at iter 3600
  Iter 47000/50000 | Val Loss: 0.2102 | Val Acc: 98.08% | Best at iter 3600
  Iter 48000/50000 | Val Loss: 0.2301 | Val Acc: 97.80% | Best at iter 3600
  Iter 49000/50000 | Val Loss: 0.2289 | Val Acc: 98.02% | Best at iter 3600
  Iter 50000/50000 | Val Loss: 0.1878 | Val Acc: 97.84% | Best at iter 3600
[PRUNE] Pruning to 40.96%...
[RESET] Resetting to initial weights...

--- Round 5 (current: 40.96%) ---
[TRAIN] Training...
  Iter 1000/50000 | Val Loss: 0.0952 | Val Acc: 96.88% | Best at iter 1000
  Iter 2000/50000 | Val Loss: 0.0727 | Val Acc: 97.66% | Best at iter 2000
  Iter 3000/50000 | Val Loss: 0.0779 | Val Acc: 97.54% | Best at iter 2800
  Iter 4000/50000 | Val Loss: 0.0898 | Val Acc: 97.64% | Best at iter 2800
  Iter 5000/50000 | Val Loss: 0.0873 | Val Acc: 97.78% | Best at iter 2800
  Iter 6000/50000 | Val Loss: 0.0845 | Val Acc: 97.92% | Best at iter 2800
  Iter 7000/50000 | Val Loss: 0.1104 | Val Acc: 97.38% | Best at iter 2800
  Iter 8000/50000 | Val Loss: 0.1067 | Val Acc: 97.86% | Best at iter 2800
  Iter 9000/50000 | Val Loss: 0.0963 | Val Acc: 97.82% | Best at iter 2800
  Iter 10000/50000 | Val Loss: 0.1037 | Val Acc: 97.82% | Best at iter 2800
  Iter 11000/50000 | Val Loss: 0.1026 | Val Acc: 97.86% | Best at iter 2800
  Iter 12000/50000 | Val Loss: 0.1163 | Val Acc: 97.72% | Best at iter 2800
  Iter 13000/50000 | Val Loss: 0.1136 | Val Acc: 97.80% | Best at iter 2800
  Iter 14000/50000 | Val Loss: 0.1218 | Val Acc: 97.86% | Best at iter 2800
  Iter 15000/50000 | Val Loss: 0.1101 | Val Acc: 97.94% | Best at iter 2800
  Iter 16000/50000 | Val Loss: 0.1409 | Val Acc: 97.74% | Best at iter 2800
  Iter 17000/50000 | Val Loss: 0.1349 | Val Acc: 97.90% | Best at iter 2800
  Iter 18000/50000 | Val Loss: 0.1776 | Val Acc: 97.34% | Best at iter 2800
  Iter 19000/50000 | Val Loss: 0.1389 | Val Acc: 97.72% | Best at iter 2800
  Iter 20000/50000 | Val Loss: 0.1451 | Val Acc: 98.06% | Best at iter 2800
  Iter 21000/50000 | Val Loss: 0.1819 | Val Acc: 97.54% | Best at iter 2800
  Iter 22000/50000 | Val Loss: 0.1577 | Val Acc: 97.70% | Best at iter 2800
  Iter 23000/50000 | Val Loss: 0.1599 | Val Acc: 97.88% | Best at iter 2800
  Iter 24000/50000 | Val Loss: 0.1529 | Val Acc: 98.08% | Best at iter 2800
  Iter 25000/50000 | Val Loss: 0.1845 | Val Acc: 97.66% | Best at iter 2800
  Iter 26000/50000 | Val Loss: 0.1634 | Val Acc: 97.86% | Best at iter 2800
  Iter 27000/50000 | Val Loss: 0.2020 | Val Acc: 97.58% | Best at iter 2800
  Iter 28000/50000 | Val Loss: 0.1487 | Val Acc: 98.04% | Best at iter 2800
  Iter 29000/50000 | Val Loss: 0.1651 | Val Acc: 97.94% | Best at iter 2800
  Iter 30000/50000 | Val Loss: 0.1630 | Val Acc: 98.00% | Best at iter 2800
  Iter 31000/50000 | Val Loss: 0.1812 | Val Acc: 97.92% | Best at iter 2800
  Iter 32000/50000 | Val Loss: 0.1970 | Val Acc: 97.84% | Best at iter 2800
  Iter 33000/50000 | Val Loss: 0.1994 | Val Acc: 97.90% | Best at iter 2800
  Iter 34000/50000 | Val Loss: 0.1969 | Val Acc: 97.96% | Best at iter 2800
  Iter 35000/50000 | Val Loss: 0.1778 | Val Acc: 98.14% | Best at iter 2800
  Iter 36000/50000 | Val Loss: 0.1648 | Val Acc: 98.06% | Best at iter 2800
  Iter 37000/50000 | Val Loss: 0.1658 | Val Acc: 97.92% | Best at iter 2800
  Iter 38000/50000 | Val Loss: 0.1976 | Val Acc: 97.90% | Best at iter 2800
  Iter 39000/50000 | Val Loss: 0.2038 | Val Acc: 97.94% | Best at iter 2800
  Iter 40000/50000 | Val Loss: 0.2242 | Val Acc: 97.84% | Best at iter 2800
  Iter 41000/50000 | Val Loss: 0.2121 | Val Acc: 97.76% | Best at iter 2800
  Iter 42000/50000 | Val Loss: 0.2119 | Val Acc: 98.14% | Best at iter 2800
  Iter 43000/50000 | Val Loss: 0.2016 | Val Acc: 98.24% | Best at iter 2800
  Iter 44000/50000 | Val Loss: 0.2116 | Val Acc: 97.70% | Best at iter 2800
  Iter 45000/50000 | Val Loss: 0.2137 | Val Acc: 98.00% | Best at iter 2800
  Iter 46000/50000 | Val Loss: 0.2007 | Val Acc: 98.02% | Best at iter 2800
  Iter 47000/50000 | Val Loss: 0.2093 | Val Acc: 97.98% | Best at iter 2800
  Iter 48000/50000 | Val Loss: 0.2059 | Val Acc: 98.14% | Best at iter 2800
  Iter 49000/50000 | Val Loss: 0.2185 | Val Acc: 98.14% | Best at iter 2800
  Iter 50000/50000 | Val Loss: 0.1990 | Val Acc: 98.08% | Best at iter 2800
[PRUNE] Pruning to 32.77%...
[RESET] Resetting to initial weights...

--- Round 6 (current: 32.77%) ---
[TRAIN] Training...
  Iter 1000/50000 | Val Loss: 0.0826 | Val Acc: 97.56% | Best at iter 1000
  Iter 2000/50000 | Val Loss: 0.0707 | Val Acc: 97.94% | Best at iter 2000
  Iter 3000/50000 | Val Loss: 0.0739 | Val Acc: 97.84% | Best at iter 2800
  Iter 4000/50000 | Val Loss: 0.0773 | Val Acc: 97.90% | Best at iter 2800
  Iter 5000/50000 | Val Loss: 0.0942 | Val Acc: 97.58% | Best at iter 2800
  Iter 6000/50000 | Val Loss: 0.0862 | Val Acc: 97.72% | Best at iter 2800
  Iter 7000/50000 | Val Loss: 0.1072 | Val Acc: 97.52% | Best at iter 2800
  Iter 8000/50000 | Val Loss: 0.1046 | Val Acc: 97.56% | Best at iter 2800
  Iter 9000/50000 | Val Loss: 0.0958 | Val Acc: 97.86% | Best at iter 2800
  Iter 10000/50000 | Val Loss: 0.0891 | Val Acc: 98.00% | Best at iter 2800
  Iter 11000/50000 | Val Loss: 0.1281 | Val Acc: 97.68% | Best at iter 2800
  Iter 12000/50000 | Val Loss: 0.1030 | Val Acc: 98.22% | Best at iter 2800
  Iter 13000/50000 | Val Loss: 0.1136 | Val Acc: 97.74% | Best at iter 2800
  Iter 14000/50000 | Val Loss: 0.1122 | Val Acc: 97.90% | Best at iter 2800
  Iter 15000/50000 | Val Loss: 0.1076 | Val Acc: 98.12% | Best at iter 2800
  Iter 16000/50000 | Val Loss: 0.1193 | Val Acc: 97.98% | Best at iter 2800
  Iter 17000/50000 | Val Loss: 0.1240 | Val Acc: 98.12% | Best at iter 2800
  Iter 18000/50000 | Val Loss: 0.1231 | Val Acc: 98.06% | Best at iter 2800
  Iter 19000/50000 | Val Loss: 0.1321 | Val Acc: 98.02% | Best at iter 2800
  Iter 20000/50000 | Val Loss: 0.1359 | Val Acc: 98.08% | Best at iter 2800
  Iter 21000/50000 | Val Loss: 0.1411 | Val Acc: 98.04% | Best at iter 2800
  Iter 22000/50000 | Val Loss: 0.1374 | Val Acc: 98.08% | Best at iter 2800
  Iter 23000/50000 | Val Loss: 0.1873 | Val Acc: 97.70% | Best at iter 2800
  Iter 24000/50000 | Val Loss: 0.1447 | Val Acc: 98.12% | Best at iter 2800
  Iter 25000/50000 | Val Loss: 0.1549 | Val Acc: 97.92% | Best at iter 2800
  Iter 26000/50000 | Val Loss: 0.1581 | Val Acc: 98.02% | Best at iter 2800
  Iter 27000/50000 | Val Loss: 0.1990 | Val Acc: 97.40% | Best at iter 2800
  Iter 28000/50000 | Val Loss: 0.1673 | Val Acc: 98.00% | Best at iter 2800
  Iter 29000/50000 | Val Loss: 0.1918 | Val Acc: 97.76% | Best at iter 2800
  Iter 30000/50000 | Val Loss: 0.1570 | Val Acc: 98.00% | Best at iter 2800
  Iter 31000/50000 | Val Loss: 0.1993 | Val Acc: 97.60% | Best at iter 2800
  Iter 32000/50000 | Val Loss: 0.1694 | Val Acc: 97.98% | Best at iter 2800
  Iter 33000/50000 | Val Loss: 0.1986 | Val Acc: 97.78% | Best at iter 2800
  Iter 34000/50000 | Val Loss: 0.1932 | Val Acc: 97.78% | Best at iter 2800
  Iter 35000/50000 | Val Loss: 0.2037 | Val Acc: 97.80% | Best at iter 2800
  Iter 36000/50000 | Val Loss: 0.1874 | Val Acc: 97.94% | Best at iter 2800
  Iter 37000/50000 | Val Loss: 0.1911 | Val Acc: 98.02% | Best at iter 2800
  Iter 38000/50000 | Val Loss: 0.2240 | Val Acc: 97.78% | Best at iter 2800
  Iter 39000/50000 | Val Loss: 0.2314 | Val Acc: 97.78% | Best at iter 2800
  Iter 40000/50000 | Val Loss: 0.1749 | Val Acc: 98.26% | Best at iter 2800
  Iter 41000/50000 | Val Loss: 0.1926 | Val Acc: 97.88% | Best at iter 2800
  Iter 42000/50000 | Val Loss: 0.2105 | Val Acc: 97.82% | Best at iter 2800
  Iter 43000/50000 | Val Loss: 0.2282 | Val Acc: 97.98% | Best at iter 2800
  Iter 44000/50000 | Val Loss: 0.1857 | Val Acc: 98.06% | Best at iter 2800
  Iter 45000/50000 | Val Loss: 0.2012 | Val Acc: 98.16% | Best at iter 2800
  Iter 46000/50000 | Val Loss: 0.1944 | Val Acc: 97.98% | Best at iter 2800
  Iter 47000/50000 | Val Loss: 0.1919 | Val Acc: 98.04% | Best at iter 2800
  Iter 48000/50000 | Val Loss: 0.1862 | Val Acc: 98.02% | Best at iter 2800
  Iter 49000/50000 | Val Loss: 0.1982 | Val Acc: 97.86% | Best at iter 2800
  Iter 50000/50000 | Val Loss: 0.1960 | Val Acc: 98.16% | Best at iter 2800
[PRUNE] Pruning to 26.21%...
[RESET] Resetting to initial weights...

--- Round 7 (current: 26.21%) ---
[TRAIN] Training...
  Iter 1000/50000 | Val Loss: 0.0818 | Val Acc: 97.42% | Best at iter 1000
  Iter 2000/50000 | Val Loss: 0.0741 | Val Acc: 97.52% | Best at iter 1900
  Iter 3000/50000 | Val Loss: 0.0763 | Val Acc: 97.76% | Best at iter 2300
  Iter 4000/50000 | Val Loss: 0.0674 | Val Acc: 98.16% | Best at iter 3100
  Iter 5000/50000 | Val Loss: 0.0699 | Val Acc: 98.16% | Best at iter 4800
  Iter 6000/50000 | Val Loss: 0.0930 | Val Acc: 97.92% | Best at iter 4800
  Iter 7000/50000 | Val Loss: 0.0904 | Val Acc: 97.94% | Best at iter 4800
  Iter 8000/50000 | Val Loss: 0.0874 | Val Acc: 98.08% | Best at iter 4800
  Iter 9000/50000 | Val Loss: 0.1030 | Val Acc: 98.00% | Best at iter 4800
  Iter 10000/50000 | Val Loss: 0.0989 | Val Acc: 97.98% | Best at iter 4800
  Iter 11000/50000 | Val Loss: 0.1003 | Val Acc: 98.06% | Best at iter 4800
  Iter 12000/50000 | Val Loss: 0.1396 | Val Acc: 97.44% | Best at iter 4800
  Iter 13000/50000 | Val Loss: 0.1082 | Val Acc: 98.12% | Best at iter 4800
  Iter 14000/50000 | Val Loss: 0.1133 | Val Acc: 98.12% | Best at iter 4800
  Iter 15000/50000 | Val Loss: 0.1353 | Val Acc: 97.82% | Best at iter 4800
  Iter 16000/50000 | Val Loss: 0.1235 | Val Acc: 98.00% | Best at iter 4800
  Iter 17000/50000 | Val Loss: 0.1151 | Val Acc: 98.30% | Best at iter 4800
  Iter 18000/50000 | Val Loss: 0.1483 | Val Acc: 97.90% | Best at iter 4800
  Iter 19000/50000 | Val Loss: 0.1192 | Val Acc: 98.20% | Best at iter 4800
  Iter 20000/50000 | Val Loss: 0.1537 | Val Acc: 97.98% | Best at iter 4800
  Iter 21000/50000 | Val Loss: 0.1559 | Val Acc: 97.84% | Best at iter 4800
  Iter 22000/50000 | Val Loss: 0.1527 | Val Acc: 97.80% | Best at iter 4800
  Iter 23000/50000 | Val Loss: 0.1485 | Val Acc: 97.94% | Best at iter 4800
  Iter 24000/50000 | Val Loss: 0.1633 | Val Acc: 98.00% | Best at iter 4800
  Iter 25000/50000 | Val Loss: 0.1812 | Val Acc: 97.90% | Best at iter 4800
  Iter 26000/50000 | Val Loss: 0.1519 | Val Acc: 98.02% | Best at iter 4800
  Iter 27000/50000 | Val Loss: 0.1609 | Val Acc: 97.90% | Best at iter 4800
  Iter 28000/50000 | Val Loss: 0.1459 | Val Acc: 98.10% | Best at iter 4800
  Iter 29000/50000 | Val Loss: 0.1733 | Val Acc: 98.04% | Best at iter 4800
  Iter 30000/50000 | Val Loss: 0.1731 | Val Acc: 97.90% | Best at iter 4800
  Iter 31000/50000 | Val Loss: 0.1692 | Val Acc: 98.02% | Best at iter 4800
  Iter 32000/50000 | Val Loss: 0.1899 | Val Acc: 97.80% | Best at iter 4800
  Iter 33000/50000 | Val Loss: 0.1599 | Val Acc: 98.02% | Best at iter 4800
  Iter 34000/50000 | Val Loss: 0.1777 | Val Acc: 97.98% | Best at iter 4800
  Iter 35000/50000 | Val Loss: 0.1539 | Val Acc: 98.10% | Best at iter 4800
  Iter 36000/50000 | Val Loss: 0.1562 | Val Acc: 98.02% | Best at iter 4800
  Iter 37000/50000 | Val Loss: 0.1602 | Val Acc: 98.12% | Best at iter 4800
  Iter 38000/50000 | Val Loss: 0.1569 | Val Acc: 98.26% | Best at iter 4800
  Iter 39000/50000 | Val Loss: 0.1597 | Val Acc: 98.26% | Best at iter 4800
  Iter 40000/50000 | Val Loss: 0.2081 | Val Acc: 97.72% | Best at iter 4800
  Iter 41000/50000 | Val Loss: 0.1672 | Val Acc: 98.30% | Best at iter 4800
  Iter 42000/50000 | Val Loss: 0.2158 | Val Acc: 97.80% | Best at iter 4800
  Iter 43000/50000 | Val Loss: 0.1950 | Val Acc: 98.26% | Best at iter 4800
  Iter 44000/50000 | Val Loss: 0.2059 | Val Acc: 98.10% | Best at iter 4800
  Iter 45000/50000 | Val Loss: 0.1870 | Val Acc: 98.26% | Best at iter 4800
  Iter 46000/50000 | Val Loss: 0.1925 | Val Acc: 98.24% | Best at iter 4800
  Iter 47000/50000 | Val Loss: 0.2106 | Val Acc: 97.98% | Best at iter 4800
  Iter 48000/50000 | Val Loss: 0.2038 | Val Acc: 98.08% | Best at iter 4800
  Iter 49000/50000 | Val Loss: 0.2280 | Val Acc: 97.96% | Best at iter 4800
  Iter 50000/50000 | Val Loss: 0.2192 | Val Acc: 97.98% | Best at iter 4800
[PRUNE] Pruning to 20.97%...
[RESET] Resetting to initial weights...

--- Round 8 (current: 20.97%) ---
[TRAIN] Training...
  Iter 1000/50000 | Val Loss: 0.0800 | Val Acc: 97.50% | Best at iter 1000
  Iter 2000/50000 | Val Loss: 0.0710 | Val Acc: 97.72% | Best at iter 1900
  Iter 3000/50000 | Val Loss: 0.0658 | Val Acc: 97.98% | Best at iter 2400
  Iter 4000/50000 | Val Loss: 0.0669 | Val Acc: 97.98% | Best at iter 3500
  Iter 5000/50000 | Val Loss: 0.0710 | Val Acc: 98.14% | Best at iter 3500
  Iter 6000/50000 | Val Loss: 0.0810 | Val Acc: 98.08% | Best at iter 3500
  Iter 7000/50000 | Val Loss: 0.0825 | Val Acc: 98.20% | Best at iter 3500
  Iter 8000/50000 | Val Loss: 0.0993 | Val Acc: 97.70% | Best at iter 3500
  Iter 9000/50000 | Val Loss: 0.0953 | Val Acc: 97.82% | Best at iter 3500
  Iter 10000/50000 | Val Loss: 0.1014 | Val Acc: 97.94% | Best at iter 3500
  Iter 11000/50000 | Val Loss: 0.1016 | Val Acc: 98.00% | Best at iter 3500
  Iter 12000/50000 | Val Loss: 0.1002 | Val Acc: 97.96% | Best at iter 3500
  Iter 13000/50000 | Val Loss: 0.1084 | Val Acc: 98.14% | Best at iter 3500
  Iter 14000/50000 | Val Loss: 0.1175 | Val Acc: 98.12% | Best at iter 3500
  Iter 15000/50000 | Val Loss: 0.1056 | Val Acc: 98.18% | Best at iter 3500
  Iter 16000/50000 | Val Loss: 0.1007 | Val Acc: 98.14% | Best at iter 3500
  Iter 17000/50000 | Val Loss: 0.1173 | Val Acc: 98.12% | Best at iter 3500
  Iter 18000/50000 | Val Loss: 0.1099 | Val Acc: 98.36% | Best at iter 3500
  Iter 19000/50000 | Val Loss: 0.1109 | Val Acc: 98.22% | Best at iter 3500
  Iter 20000/50000 | Val Loss: 0.1363 | Val Acc: 98.16% | Best at iter 3500
  Iter 21000/50000 | Val Loss: 0.1264 | Val Acc: 98.18% | Best at iter 3500
  Iter 22000/50000 | Val Loss: 0.1209 | Val Acc: 98.30% | Best at iter 3500
  Iter 23000/50000 | Val Loss: 0.1223 | Val Acc: 98.24% | Best at iter 3500
  Iter 24000/50000 | Val Loss: 0.1266 | Val Acc: 98.10% | Best at iter 3500
  Iter 25000/50000 | Val Loss: 0.1258 | Val Acc: 98.34% | Best at iter 3500
  Iter 26000/50000 | Val Loss: 0.1453 | Val Acc: 97.98% | Best at iter 3500
  Iter 27000/50000 | Val Loss: 0.1651 | Val Acc: 98.00% | Best at iter 3500
  Iter 28000/50000 | Val Loss: 0.1357 | Val Acc: 98.36% | Best at iter 3500
  Iter 29000/50000 | Val Loss: 0.1686 | Val Acc: 98.02% | Best at iter 3500
  Iter 30000/50000 | Val Loss: 0.1326 | Val Acc: 98.32% | Best at iter 3500
  Iter 31000/50000 | Val Loss: 0.1693 | Val Acc: 97.74% | Best at iter 3500
  Iter 32000/50000 | Val Loss: 0.1446 | Val Acc: 98.22% | Best at iter 3500
  Iter 33000/50000 | Val Loss: 0.1755 | Val Acc: 98.00% | Best at iter 3500
  Iter 34000/50000 | Val Loss: 0.1662 | Val Acc: 98.34% | Best at iter 3500
  Iter 35000/50000 | Val Loss: 0.1610 | Val Acc: 98.18% | Best at iter 3500
  Iter 36000/50000 | Val Loss: 0.1632 | Val Acc: 98.10% | Best at iter 3500
  Iter 37000/50000 | Val Loss: 0.1798 | Val Acc: 97.92% | Best at iter 3500
  Iter 38000/50000 | Val Loss: 0.1692 | Val Acc: 98.14% | Best at iter 3500
  Iter 39000/50000 | Val Loss: 0.1700 | Val Acc: 98.34% | Best at iter 3500
  Iter 40000/50000 | Val Loss: 0.1785 | Val Acc: 98.28% | Best at iter 3500
  Iter 41000/50000 | Val Loss: 0.2164 | Val Acc: 97.88% | Best at iter 3500
  Iter 42000/50000 | Val Loss: 0.1714 | Val Acc: 98.40% | Best at iter 3500
  Iter 43000/50000 | Val Loss: 0.1945 | Val Acc: 98.24% | Best at iter 3500
  Iter 44000/50000 | Val Loss: 0.1788 | Val Acc: 98.24% | Best at iter 3500
  Iter 45000/50000 | Val Loss: 0.1736 | Val Acc: 98.28% | Best at iter 3500
  Iter 46000/50000 | Val Loss: 0.1969 | Val Acc: 98.06% | Best at iter 3500
  Iter 47000/50000 | Val Loss: 0.2112 | Val Acc: 98.02% | Best at iter 3500
  Iter 48000/50000 | Val Loss: 0.2019 | Val Acc: 98.26% | Best at iter 3500
  Iter 49000/50000 | Val Loss: 0.2218 | Val Acc: 98.04% | Best at iter 3500
  Iter 50000/50000 | Val Loss: 0.2034 | Val Acc: 98.16% | Best at iter 3500
[PRUNE] Pruning to 16.78%...
[RESET] Resetting to initial weights...

--- Round 9 (current: 16.78%) ---
[TRAIN] Training...
  Iter 1000/50000 | Val Loss: 0.0818 | Val Acc: 97.40% | Best at iter 1000
  Iter 2000/50000 | Val Loss: 0.0641 | Val Acc: 97.92% | Best at iter 2000
  Iter 3000/50000 | Val Loss: 0.0712 | Val Acc: 97.92% | Best at iter 2100
  Iter 4000/50000 | Val Loss: 0.0758 | Val Acc: 97.90% | Best at iter 2100
  Iter 5000/50000 | Val Loss: 0.0834 | Val Acc: 97.76% | Best at iter 2100
  Iter 6000/50000 | Val Loss: 0.0932 | Val Acc: 97.70% | Best at iter 2100
  Iter 7000/50000 | Val Loss: 0.0841 | Val Acc: 98.26% | Best at iter 2100
  Iter 8000/50000 | Val Loss: 0.0929 | Val Acc: 98.10% | Best at iter 2100
  Iter 9000/50000 | Val Loss: 0.0990 | Val Acc: 97.94% | Best at iter 2100
  Iter 10000/50000 | Val Loss: 0.0971 | Val Acc: 98.10% | Best at iter 2100
  Iter 11000/50000 | Val Loss: 0.1051 | Val Acc: 97.84% | Best at iter 2100
  Iter 12000/50000 | Val Loss: 0.1045 | Val Acc: 98.04% | Best at iter 2100
  Iter 13000/50000 | Val Loss: 0.1071 | Val Acc: 98.02% | Best at iter 2100
  Iter 14000/50000 | Val Loss: 0.1020 | Val Acc: 98.14% | Best at iter 2100
  Iter 15000/50000 | Val Loss: 0.1288 | Val Acc: 98.02% | Best at iter 2100
  Iter 16000/50000 | Val Loss: 0.1146 | Val Acc: 98.14% | Best at iter 2100
  Iter 17000/50000 | Val Loss: 0.1248 | Val Acc: 98.08% | Best at iter 2100
  Iter 18000/50000 | Val Loss: 0.1469 | Val Acc: 97.84% | Best at iter 2100
  Iter 19000/50000 | Val Loss: 0.1372 | Val Acc: 97.88% | Best at iter 2100
  Iter 20000/50000 | Val Loss: 0.1179 | Val Acc: 98.20% | Best at iter 2100
  Iter 21000/50000 | Val Loss: 0.1172 | Val Acc: 98.32% | Best at iter 2100
  Iter 22000/50000 | Val Loss: 0.1804 | Val Acc: 97.84% | Best at iter 2100
  Iter 23000/50000 | Val Loss: 0.1570 | Val Acc: 97.96% | Best at iter 2100
  Iter 24000/50000 | Val Loss: 0.1426 | Val Acc: 98.22% | Best at iter 2100
  Iter 25000/50000 | Val Loss: 0.1420 | Val Acc: 98.06% | Best at iter 2100
  Iter 26000/50000 | Val Loss: 0.1736 | Val Acc: 97.90% | Best at iter 2100
  Iter 27000/50000 | Val Loss: 0.1480 | Val Acc: 97.92% | Best at iter 2100
  Iter 28000/50000 | Val Loss: 0.1317 | Val Acc: 98.26% | Best at iter 2100
  Iter 29000/50000 | Val Loss: 0.1569 | Val Acc: 97.96% | Best at iter 2100
  Iter 30000/50000 | Val Loss: 0.1536 | Val Acc: 98.26% | Best at iter 2100
  Iter 31000/50000 | Val Loss: 0.1395 | Val Acc: 98.30% | Best at iter 2100
  Iter 32000/50000 | Val Loss: 0.1389 | Val Acc: 98.26% | Best at iter 2100
  Iter 33000/50000 | Val Loss: 0.1380 | Val Acc: 98.32% | Best at iter 2100
  Iter 34000/50000 | Val Loss: 0.1371 | Val Acc: 98.34% | Best at iter 2100
  Iter 35000/50000 | Val Loss: 0.1380 | Val Acc: 98.42% | Best at iter 2100
  Iter 36000/50000 | Val Loss: 0.1386 | Val Acc: 98.44% | Best at iter 2100
  Iter 37000/50000 | Val Loss: 0.1391 | Val Acc: 98.42% | Best at iter 2100
  Iter 38000/50000 | Val Loss: 0.1395 | Val Acc: 98.44% | Best at iter 2100
  Iter 39000/50000 | Val Loss: 0.1410 | Val Acc: 98.42% | Best at iter 2100
  Iter 40000/50000 | Val Loss: 0.1417 | Val Acc: 98.42% | Best at iter 2100
  Iter 41000/50000 | Val Loss: 0.1440 | Val Acc: 98.46% | Best at iter 2100
  Iter 42000/50000 | Val Loss: 0.1466 | Val Acc: 98.44% | Best at iter 2100
  Iter 43000/50000 | Val Loss: 0.1467 | Val Acc: 98.42% | Best at iter 2100
  Iter 44000/50000 | Val Loss: 0.1500 | Val Acc: 98.42% | Best at iter 2100
  Iter 45000/50000 | Val Loss: 0.1523 | Val Acc: 98.48% | Best at iter 2100
  Iter 46000/50000 | Val Loss: 0.1538 | Val Acc: 98.44% | Best at iter 2100
  Iter 47000/50000 | Val Loss: 0.1568 | Val Acc: 98.46% | Best at iter 2100
  Iter 48000/50000 | Val Loss: 0.1600 | Val Acc: 98.48% | Best at iter 2100
  Iter 49000/50000 | Val Loss: 0.1614 | Val Acc: 98.54% | Best at iter 2100
  Iter 50000/50000 | Val Loss: 0.1659 | Val Acc: 98.48% | Best at iter 2100
[PRUNE] Pruning to 13.42%...
[RESET] Resetting to initial weights...

==================================================
FINAL TRAINING at 13.42%
==================================================
  Iter 1000/50000 | Val Loss: 0.0795 | Val Acc: 97.78% | Best at iter 900
  Iter 2000/50000 | Val Loss: 0.0660 | Val Acc: 97.88% | Best at iter 2000
  Iter 3000/50000 | Val Loss: 0.0604 | Val Acc: 98.24% | Best at iter 3000
  Iter 4000/50000 | Val Loss: 0.0655 | Val Acc: 98.28% | Best at iter 3000
  Iter 5000/50000 | Val Loss: 0.0727 | Val Acc: 98.30% | Best at iter 3000
  Iter 6000/50000 | Val Loss: 0.0821 | Val Acc: 98.00% | Best at iter 3000
  Iter 7000/50000 | Val Loss: 0.0881 | Val Acc: 97.82% | Best at iter 3000
  Iter 8000/50000 | Val Loss: 0.0936 | Val Acc: 98.00% | Best at iter 3000
  Iter 9000/50000 | Val Loss: 0.0861 | Val Acc: 98.34% | Best at iter 3000
  Iter 10000/50000 | Val Loss: 0.1172 | Val Acc: 97.74% | Best at iter 3000
  Iter 11000/50000 | Val Loss: 0.0897 | Val Acc: 98.02% | Best at iter 3000
  Iter 12000/50000 | Val Loss: 0.0956 | Val Acc: 98.20% | Best at iter 3000
  Iter 13000/50000 | Val Loss: 0.1241 | Val Acc: 97.92% | Best at iter 3000
  Iter 14000/50000 | Val Loss: 0.1101 | Val Acc: 98.04% | Best at iter 3000
  Iter 15000/50000 | Val Loss: 0.1065 | Val Acc: 98.24% | Best at iter 3000
  Iter 16000/50000 | Val Loss: 0.1254 | Val Acc: 97.96% | Best at iter 3000
  Iter 17000/50000 | Val Loss: 0.1061 | Val Acc: 98.22% | Best at iter 3000
  Iter 18000/50000 | Val Loss: 0.1174 | Val Acc: 98.12% | Best at iter 3000
  Iter 19000/50000 | Val Loss: 0.1334 | Val Acc: 98.04% | Best at iter 3000
  Iter 20000/50000 | Val Loss: 0.1108 | Val Acc: 98.22% | Best at iter 3000
  Iter 21000/50000 | Val Loss: 0.1137 | Val Acc: 98.20% | Best at iter 3000
  Iter 22000/50000 | Val Loss: 0.1298 | Val Acc: 98.18% | Best at iter 3000
  Iter 23000/50000 | Val Loss: 0.1242 | Val Acc: 98.34% | Best at iter 3000
  Iter 24000/50000 | Val Loss: 0.1307 | Val Acc: 98.16% | Best at iter 3000
  Iter 25000/50000 | Val Loss: 0.1244 | Val Acc: 98.20% | Best at iter 3000
  Iter 26000/50000 | Val Loss: 0.1249 | Val Acc: 98.16% | Best at iter 3000
  Iter 27000/50000 | Val Loss: 0.1633 | Val Acc: 97.96% | Best at iter 3000
  Iter 28000/50000 | Val Loss: 0.1506 | Val Acc: 98.18% | Best at iter 3000
  Iter 29000/50000 | Val Loss: 0.1492 | Val Acc: 98.34% | Best at iter 3000
  Iter 30000/50000 | Val Loss: 0.1669 | Val Acc: 98.10% | Best at iter 3000
  Iter 31000/50000 | Val Loss: 0.1469 | Val Acc: 98.24% | Best at iter 3000
  Iter 32000/50000 | Val Loss: 0.1683 | Val Acc: 98.00% | Best at iter 3000
  Iter 33000/50000 | Val Loss: 0.1602 | Val Acc: 97.92% | Best at iter 3000
  Iter 34000/50000 | Val Loss: 0.1731 | Val Acc: 98.14% | Best at iter 3000
  Iter 35000/50000 | Val Loss: 0.1585 | Val Acc: 98.14% | Best at iter 3000
  Iter 36000/50000 | Val Loss: 0.1690 | Val Acc: 98.16% | Best at iter 3000
  Iter 37000/50000 | Val Loss: 0.1870 | Val Acc: 98.12% | Best at iter 3000
  Iter 38000/50000 | Val Loss: 0.1838 | Val Acc: 98.04% | Best at iter 3000
  Iter 39000/50000 | Val Loss: 0.1934 | Val Acc: 98.12% | Best at iter 3000
  Iter 40000/50000 | Val Loss: 0.1776 | Val Acc: 98.04% | Best at iter 3000
  Iter 41000/50000 | Val Loss: 0.1994 | Val Acc: 97.90% | Best at iter 3000
  Iter 42000/50000 | Val Loss: 0.1827 | Val Acc: 98.08% | Best at iter 3000
  Iter 43000/50000 | Val Loss: 0.1771 | Val Acc: 98.12% | Best at iter 3000
  Iter 44000/50000 | Val Loss: 0.1573 | Val Acc: 98.36% | Best at iter 3000
  Iter 45000/50000 | Val Loss: 0.1932 | Val Acc: 98.10% | Best at iter 3000
  Iter 46000/50000 | Val Loss: 0.1698 | Val Acc: 98.22% | Best at iter 3000
  Iter 47000/50000 | Val Loss: 0.1731 | Val Acc: 98.14% | Best at iter 3000
  Iter 48000/50000 | Val Loss: 0.1649 | Val Acc: 98.18% | Best at iter 3000
  Iter 49000/50000 | Val Loss: 0.1626 | Val Acc: 98.20% | Best at iter 3000
  Iter 50000/50000 | Val Loss: 0.1621 | Val Acc: 98.20% | Best at iter 3000

──────────────────────────────────────────────────────────────────────
Early stop: iteration 3000
Val loss at early stop: 0.0604
Test accuracy at early stop: 98.24%
──────────────────────────────────────────────────────────────────────

======================================================================
Iterative Winning Ticket
Sparsity: 6.9% | Trial: 1/3
======================================================================
[1] Saving initial weights...

--- Round 1 (current: 100.00%) ---
[TRAIN] Training...
  Iter 1000/50000 | Val Loss: 0.1307 | Val Acc: 96.14% | Best at iter 1000
  Iter 2000/50000 | Val Loss: 0.0977 | Val Acc: 97.32% | Best at iter 2000
  Iter 3000/50000 | Val Loss: 0.0888 | Val Acc: 97.50% | Best at iter 2800
  Iter 4000/50000 | Val Loss: 0.1127 | Val Acc: 96.84% | Best at iter 3700
  Iter 5000/50000 | Val Loss: 0.0992 | Val Acc: 97.40% | Best at iter 3700
  Iter 6000/50000 | Val Loss: 0.1229 | Val Acc: 97.18% | Best at iter 3700
  Iter 7000/50000 | Val Loss: 0.1170 | Val Acc: 97.24% | Best at iter 3700
  Iter 8000/50000 | Val Loss: 0.1128 | Val Acc: 97.82% | Best at iter 3700
  Iter 9000/50000 | Val Loss: 0.1276 | Val Acc: 97.16% | Best at iter 3700
  Iter 10000/50000 | Val Loss: 0.1025 | Val Acc: 97.60% | Best at iter 3700
  Iter 11000/50000 | Val Loss: 0.1123 | Val Acc: 97.74% | Best at iter 3700
  Iter 12000/50000 | Val Loss: 0.1095 | Val Acc: 98.02% | Best at iter 3700
  Iter 13000/50000 | Val Loss: 0.1064 | Val Acc: 97.98% | Best at iter 3700
  Iter 14000/50000 | Val Loss: 0.1179 | Val Acc: 98.04% | Best at iter 3700
  Iter 15000/50000 | Val Loss: 0.1330 | Val Acc: 97.74% | Best at iter 3700
  Iter 16000/50000 | Val Loss: 0.1085 | Val Acc: 97.92% | Best at iter 3700
  Iter 17000/50000 | Val Loss: 0.1669 | Val Acc: 97.54% | Best at iter 3700
  Iter 18000/50000 | Val Loss: 0.1472 | Val Acc: 97.60% | Best at iter 3700
  Iter 19000/50000 | Val Loss: 0.1369 | Val Acc: 97.84% | Best at iter 3700
  Iter 20000/50000 | Val Loss: 0.1892 | Val Acc: 97.60% | Best at iter 3700
  Iter 21000/50000 | Val Loss: 0.2007 | Val Acc: 97.16% | Best at iter 3700
  Iter 22000/50000 | Val Loss: 0.1479 | Val Acc: 97.62% | Best at iter 3700
  Iter 23000/50000 | Val Loss: 0.1490 | Val Acc: 97.72% | Best at iter 3700
  Iter 24000/50000 | Val Loss: 0.1454 | Val Acc: 97.92% | Best at iter 3700
  Iter 25000/50000 | Val Loss: 0.1585 | Val Acc: 97.82% | Best at iter 3700
  Iter 26000/50000 | Val Loss: 0.1699 | Val Acc: 97.68% | Best at iter 3700
  Iter 27000/50000 | Val Loss: 0.1732 | Val Acc: 97.84% | Best at iter 3700
  Iter 28000/50000 | Val Loss: 0.1678 | Val Acc: 98.04% | Best at iter 3700
  Iter 29000/50000 | Val Loss: 0.1442 | Val Acc: 97.92% | Best at iter 3700
  Iter 30000/50000 | Val Loss: 0.1910 | Val Acc: 97.58% | Best at iter 3700
  Iter 31000/50000 | Val Loss: 0.1937 | Val Acc: 97.60% | Best at iter 3700
  Iter 32000/50000 | Val Loss: 0.2217 | Val Acc: 97.62% | Best at iter 3700
  Iter 33000/50000 | Val Loss: 0.2198 | Val Acc: 97.28% | Best at iter 3700
  Iter 34000/50000 | Val Loss: 0.2022 | Val Acc: 97.84% | Best at iter 3700
  Iter 35000/50000 | Val Loss: 0.2191 | Val Acc: 97.98% | Best at iter 3700
  Iter 36000/50000 | Val Loss: 0.2269 | Val Acc: 97.72% | Best at iter 3700
  Iter 37000/50000 | Val Loss: 0.1866 | Val Acc: 97.88% | Best at iter 3700
  Iter 38000/50000 | Val Loss: 0.2559 | Val Acc: 97.54% | Best at iter 3700
  Iter 39000/50000 | Val Loss: 0.1976 | Val Acc: 97.92% | Best at iter 3700
  Iter 40000/50000 | Val Loss: 0.1947 | Val Acc: 98.02% | Best at iter 3700
  Iter 41000/50000 | Val Loss: 0.1859 | Val Acc: 97.90% | Best at iter 3700
  Iter 42000/50000 | Val Loss: 0.2213 | Val Acc: 97.86% | Best at iter 3700
  Iter 43000/50000 | Val Loss: 0.2353 | Val Acc: 97.76% | Best at iter 3700
  Iter 44000/50000 | Val Loss: 0.2755 | Val Acc: 97.80% | Best at iter 3700
  Iter 45000/50000 | Val Loss: 0.1967 | Val Acc: 97.94% | Best at iter 3700
  Iter 46000/50000 | Val Loss: 0.1871 | Val Acc: 97.92% | Best at iter 3700
  Iter 47000/50000 | Val Loss: 0.2307 | Val Acc: 97.86% | Best at iter 3700
  Iter 48000/50000 | Val Loss: 0.2327 | Val Acc: 97.98% | Best at iter 3700
  Iter 49000/50000 | Val Loss: 0.2467 | Val Acc: 97.66% | Best at iter 3700
  Iter 50000/50000 | Val Loss: 0.2664 | Val Acc: 97.66% | Best at iter 3700
[PRUNE] Pruning to 80.00%...
[RESET] Resetting to initial weights...

--- Round 2 (current: 80.00%) ---
[TRAIN] Training...
  Iter 1000/50000 | Val Loss: 0.1264 | Val Acc: 95.90% | Best at iter 900
  Iter 2000/50000 | Val Loss: 0.0936 | Val Acc: 97.16% | Best at iter 1900
  Iter 3000/50000 | Val Loss: 0.0823 | Val Acc: 97.82% | Best at iter 2200
  Iter 4000/50000 | Val Loss: 0.0943 | Val Acc: 97.48% | Best at iter 2200
  Iter 5000/50000 | Val Loss: 0.0925 | Val Acc: 97.32% | Best at iter 2200
  Iter 6000/50000 | Val Loss: 0.0966 | Val Acc: 97.40% | Best at iter 2200
  Iter 7000/50000 | Val Loss: 0.1088 | Val Acc: 97.48% | Best at iter 2200
  Iter 8000/50000 | Val Loss: 0.1096 | Val Acc: 97.40% | Best at iter 2200
  Iter 9000/50000 | Val Loss: 0.0930 | Val Acc: 97.76% | Best at iter 2200
  Iter 10000/50000 | Val Loss: 0.1062 | Val Acc: 97.62% | Best at iter 2200
  Iter 11000/50000 | Val Loss: 0.1013 | Val Acc: 97.66% | Best at iter 2200
  Iter 12000/50000 | Val Loss: 0.1091 | Val Acc: 97.74% | Best at iter 11400
  Iter 13000/50000 | Val Loss: 0.1046 | Val Acc: 97.94% | Best at iter 11400
  Iter 14000/50000 | Val Loss: 0.0961 | Val Acc: 97.94% | Best at iter 11400
  Iter 15000/50000 | Val Loss: 0.1138 | Val Acc: 97.78% | Best at iter 11400
  Iter 16000/50000 | Val Loss: 0.1582 | Val Acc: 97.54% | Best at iter 11400
  Iter 17000/50000 | Val Loss: 0.1345 | Val Acc: 97.88% | Best at iter 11400
  Iter 18000/50000 | Val Loss: 0.1209 | Val Acc: 98.02% | Best at iter 11400
  Iter 19000/50000 | Val Loss: 0.1481 | Val Acc: 97.58% | Best at iter 11400
  Iter 20000/50000 | Val Loss: 0.1253 | Val Acc: 97.88% | Best at iter 11400
  Iter 21000/50000 | Val Loss: 0.1472 | Val Acc: 97.74% | Best at iter 11400
  Iter 22000/50000 | Val Loss: 0.1466 | Val Acc: 97.82% | Best at iter 11400
  Iter 23000/50000 | Val Loss: 0.1431 | Val Acc: 98.02% | Best at iter 11400
  Iter 24000/50000 | Val Loss: 0.1238 | Val Acc: 98.10% | Best at iter 11400
  Iter 25000/50000 | Val Loss: 0.1576 | Val Acc: 97.74% | Best at iter 11400
  Iter 26000/50000 | Val Loss: 0.1417 | Val Acc: 97.86% | Best at iter 11400
  Iter 27000/50000 | Val Loss: 0.1388 | Val Acc: 97.88% | Best at iter 11400
  Iter 28000/50000 | Val Loss: 0.1708 | Val Acc: 97.82% | Best at iter 11400
  Iter 29000/50000 | Val Loss: 0.1532 | Val Acc: 97.86% | Best at iter 11400
  Iter 30000/50000 | Val Loss: 0.1674 | Val Acc: 97.92% | Best at iter 11400
  Iter 31000/50000 | Val Loss: 0.1199 | Val Acc: 98.26% | Best at iter 11400
  Iter 32000/50000 | Val Loss: 0.1508 | Val Acc: 98.04% | Best at iter 11400
  Iter 33000/50000 | Val Loss: 0.1800 | Val Acc: 97.76% | Best at iter 11400
  Iter 34000/50000 | Val Loss: 0.2332 | Val Acc: 97.12% | Best at iter 11400
  Iter 35000/50000 | Val Loss: 0.1618 | Val Acc: 98.22% | Best at iter 11400
  Iter 36000/50000 | Val Loss: 0.1739 | Val Acc: 98.06% | Best at iter 11400
  Iter 37000/50000 | Val Loss: 0.1787 | Val Acc: 97.88% | Best at iter 11400
  Iter 38000/50000 | Val Loss: 0.2012 | Val Acc: 97.90% | Best at iter 11400
  Iter 39000/50000 | Val Loss: 0.1996 | Val Acc: 98.02% | Best at iter 11400
  Iter 40000/50000 | Val Loss: 0.2508 | Val Acc: 97.54% | Best at iter 11400
  Iter 41000/50000 | Val Loss: 0.2000 | Val Acc: 97.82% | Best at iter 11400
  Iter 42000/50000 | Val Loss: 0.2010 | Val Acc: 97.88% | Best at iter 11400
  Iter 43000/50000 | Val Loss: 0.2215 | Val Acc: 97.50% | Best at iter 11400
  Iter 44000/50000 | Val Loss: 0.1951 | Val Acc: 97.88% | Best at iter 11400
  Iter 45000/50000 | Val Loss: 0.2036 | Val Acc: 97.90% | Best at iter 11400
  Iter 46000/50000 | Val Loss: 0.2212 | Val Acc: 97.66% | Best at iter 11400
  Iter 47000/50000 | Val Loss: 0.2354 | Val Acc: 98.08% | Best at iter 11400
  Iter 48000/50000 | Val Loss: 0.2313 | Val Acc: 97.94% | Best at iter 11400
  Iter 49000/50000 | Val Loss: 0.2204 | Val Acc: 98.06% | Best at iter 11400
  Iter 50000/50000 | Val Loss: 0.2884 | Val Acc: 97.62% | Best at iter 11400
[PRUNE] Pruning to 64.00%...
[RESET] Resetting to initial weights...

--- Round 3 (current: 64.00%) ---
[TRAIN] Training...
  Iter 1000/50000 | Val Loss: 0.1063 | Val Acc: 96.70% | Best at iter 1000
  Iter 2000/50000 | Val Loss: 0.0924 | Val Acc: 97.26% | Best at iter 1800
  Iter 3000/50000 | Val Loss: 0.0855 | Val Acc: 97.56% | Best at iter 2400
  Iter 4000/50000 | Val Loss: 0.0883 | Val Acc: 97.46% | Best at iter 3800
  Iter 5000/50000 | Val Loss: 0.0800 | Val Acc: 97.98% | Best at iter 3800
  Iter 6000/50000 | Val Loss: 0.0882 | Val Acc: 97.96% | Best at iter 3800
  Iter 7000/50000 | Val Loss: 0.0912 | Val Acc: 97.84% | Best at iter 3800
  Iter 8000/50000 | Val Loss: 0.1155 | Val Acc: 97.28% | Best at iter 3800
  Iter 9000/50000 | Val Loss: 0.0975 | Val Acc: 97.90% | Best at iter 3800
  Iter 10000/50000 | Val Loss: 0.0934 | Val Acc: 97.76% | Best at iter 3800
  Iter 11000/50000 | Val Loss: 0.0952 | Val Acc: 97.94% | Best at iter 3800
  Iter 12000/50000 | Val Loss: 0.1198 | Val Acc: 97.64% | Best at iter 3800
  Iter 13000/50000 | Val Loss: 0.0955 | Val Acc: 98.24% | Best at iter 3800
  Iter 14000/50000 | Val Loss: 0.1297 | Val Acc: 97.78% | Best at iter 3800
  Iter 15000/50000 | Val Loss: 0.1215 | Val Acc: 97.84% | Best at iter 3800
  Iter 16000/50000 | Val Loss: 0.1077 | Val Acc: 97.92% | Best at iter 3800
  Iter 17000/50000 | Val Loss: 0.1102 | Val Acc: 97.84% | Best at iter 3800
  Iter 18000/50000 | Val Loss: 0.1424 | Val Acc: 97.74% | Best at iter 3800
  Iter 19000/50000 | Val Loss: 0.1582 | Val Acc: 97.74% | Best at iter 3800
  Iter 20000/50000 | Val Loss: 0.1277 | Val Acc: 97.74% | Best at iter 3800
  Iter 21000/50000 | Val Loss: 0.1352 | Val Acc: 97.76% | Best at iter 3800
  Iter 22000/50000 | Val Loss: 0.1281 | Val Acc: 97.86% | Best at iter 3800
  Iter 23000/50000 | Val Loss: 0.1253 | Val Acc: 97.90% | Best at iter 3800
  Iter 24000/50000 | Val Loss: 0.1553 | Val Acc: 97.76% | Best at iter 3800
  Iter 25000/50000 | Val Loss: 0.1339 | Val Acc: 98.02% | Best at iter 3800
  Iter 26000/50000 | Val Loss: 0.1266 | Val Acc: 98.20% | Best at iter 3800
  Iter 27000/50000 | Val Loss: 0.1358 | Val Acc: 97.82% | Best at iter 3800
  Iter 28000/50000 | Val Loss: 0.1435 | Val Acc: 98.16% | Best at iter 3800
  Iter 29000/50000 | Val Loss: 0.1286 | Val Acc: 98.30% | Best at iter 3800
  Iter 30000/50000 | Val Loss: 0.1506 | Val Acc: 97.94% | Best at iter 3800
  Iter 31000/50000 | Val Loss: 0.1993 | Val Acc: 97.54% | Best at iter 3800
  Iter 32000/50000 | Val Loss: 0.1890 | Val Acc: 97.62% | Best at iter 3800
  Iter 33000/50000 | Val Loss: 0.1678 | Val Acc: 97.78% | Best at iter 3800
  Iter 34000/50000 | Val Loss: 0.1647 | Val Acc: 98.18% | Best at iter 3800
  Iter 35000/50000 | Val Loss: 0.1529 | Val Acc: 98.18% | Best at iter 3800
  Iter 36000/50000 | Val Loss: 0.1612 | Val Acc: 97.98% | Best at iter 3800
  Iter 37000/50000 | Val Loss: 0.1949 | Val Acc: 97.90% | Best at iter 3800
  Iter 38000/50000 | Val Loss: 0.1733 | Val Acc: 98.02% | Best at iter 3800
  Iter 39000/50000 | Val Loss: 0.1813 | Val Acc: 98.00% | Best at iter 3800
  Iter 40000/50000 | Val Loss: 0.1929 | Val Acc: 97.98% | Best at iter 3800
  Iter 41000/50000 | Val Loss: 0.1538 | Val Acc: 98.38% | Best at iter 3800
  Iter 42000/50000 | Val Loss: 0.2016 | Val Acc: 98.18% | Best at iter 3800
  Iter 43000/50000 | Val Loss: 0.1829 | Val Acc: 97.96% | Best at iter 3800
  Iter 44000/50000 | Val Loss: 0.1808 | Val Acc: 98.20% | Best at iter 3800
  Iter 45000/50000 | Val Loss: 0.1914 | Val Acc: 98.20% | Best at iter 3800
  Iter 46000/50000 | Val Loss: 0.2014 | Val Acc: 97.98% | Best at iter 3800
  Iter 47000/50000 | Val Loss: 0.1948 | Val Acc: 98.20% | Best at iter 3800
  Iter 48000/50000 | Val Loss: 0.1958 | Val Acc: 98.06% | Best at iter 3800
  Iter 49000/50000 | Val Loss: 0.2389 | Val Acc: 97.86% | Best at iter 3800
  Iter 50000/50000 | Val Loss: 0.2412 | Val Acc: 97.80% | Best at iter 3800
[PRUNE] Pruning to 51.20%...
[RESET] Resetting to initial weights...

--- Round 4 (current: 51.20%) ---
[TRAIN] Training...
  Iter 1000/50000 | Val Loss: 0.0997 | Val Acc: 97.00% | Best at iter 1000
  Iter 2000/50000 | Val Loss: 0.0873 | Val Acc: 97.16% | Best at iter 1900
  Iter 3000/50000 | Val Loss: 0.0773 | Val Acc: 97.68% | Best at iter 1900
  Iter 4000/50000 | Val Loss: 0.0876 | Val Acc: 97.42% | Best at iter 1900
  Iter 5000/50000 | Val Loss: 0.1119 | Val Acc: 97.16% | Best at iter 1900
  Iter 6000/50000 | Val Loss: 0.0952 | Val Acc: 97.68% | Best at iter 1900
  Iter 7000/50000 | Val Loss: 0.0867 | Val Acc: 97.84% | Best at iter 1900
  Iter 8000/50000 | Val Loss: 0.0857 | Val Acc: 97.98% | Best at iter 1900
  Iter 9000/50000 | Val Loss: 0.0937 | Val Acc: 97.78% | Best at iter 1900
  Iter 10000/50000 | Val Loss: 0.0986 | Val Acc: 97.68% | Best at iter 1900
  Iter 11000/50000 | Val Loss: 0.1324 | Val Acc: 97.30% | Best at iter 1900
  Iter 12000/50000 | Val Loss: 0.1017 | Val Acc: 97.64% | Best at iter 1900
  Iter 13000/50000 | Val Loss: 0.0949 | Val Acc: 98.00% | Best at iter 1900
  Iter 14000/50000 | Val Loss: 0.0893 | Val Acc: 98.20% | Best at iter 1900
  Iter 15000/50000 | Val Loss: 0.1177 | Val Acc: 97.86% | Best at iter 1900
  Iter 16000/50000 | Val Loss: 0.0976 | Val Acc: 98.12% | Best at iter 1900
  Iter 17000/50000 | Val Loss: 0.1263 | Val Acc: 97.92% | Best at iter 1900
  Iter 18000/50000 | Val Loss: 0.1094 | Val Acc: 97.78% | Best at iter 1900
  Iter 19000/50000 | Val Loss: 0.1304 | Val Acc: 97.86% | Best at iter 1900
  Iter 20000/50000 | Val Loss: 0.1319 | Val Acc: 97.78% | Best at iter 1900
  Iter 21000/50000 | Val Loss: 0.1392 | Val Acc: 97.70% | Best at iter 1900
  Iter 22000/50000 | Val Loss: 0.1285 | Val Acc: 98.06% | Best at iter 1900
  Iter 23000/50000 | Val Loss: 0.1205 | Val Acc: 98.06% | Best at iter 1900
  Iter 24000/50000 | Val Loss: 0.1593 | Val Acc: 97.82% | Best at iter 1900
  Iter 25000/50000 | Val Loss: 0.1433 | Val Acc: 98.24% | Best at iter 1900
  Iter 26000/50000 | Val Loss: 0.1384 | Val Acc: 97.98% | Best at iter 1900
  Iter 27000/50000 | Val Loss: 0.1466 | Val Acc: 98.14% | Best at iter 1900
  Iter 28000/50000 | Val Loss: 0.1768 | Val Acc: 97.76% | Best at iter 1900
  Iter 29000/50000 | Val Loss: 0.1429 | Val Acc: 97.88% | Best at iter 1900
  Iter 30000/50000 | Val Loss: 0.1654 | Val Acc: 97.74% | Best at iter 1900
  Iter 31000/50000 | Val Loss: 0.1496 | Val Acc: 98.08% | Best at iter 1900
  Iter 32000/50000 | Val Loss: 0.1778 | Val Acc: 97.84% | Best at iter 1900
  Iter 33000/50000 | Val Loss: 0.1722 | Val Acc: 97.92% | Best at iter 1900
  Iter 34000/50000 | Val Loss: 0.1488 | Val Acc: 98.08% | Best at iter 1900
  Iter 35000/50000 | Val Loss: 0.1743 | Val Acc: 97.98% | Best at iter 1900
  Iter 36000/50000 | Val Loss: 0.1633 | Val Acc: 98.26% | Best at iter 1900
  Iter 37000/50000 | Val Loss: 0.1704 | Val Acc: 98.08% | Best at iter 1900
  Iter 38000/50000 | Val Loss: 0.1867 | Val Acc: 97.92% | Best at iter 1900
  Iter 39000/50000 | Val Loss: 0.1836 | Val Acc: 97.98% | Best at iter 1900
  Iter 40000/50000 | Val Loss: 0.2056 | Val Acc: 97.92% | Best at iter 1900
  Iter 41000/50000 | Val Loss: 0.1891 | Val Acc: 98.02% | Best at iter 1900
  Iter 42000/50000 | Val Loss: 0.2112 | Val Acc: 97.96% | Best at iter 1900
  Iter 43000/50000 | Val Loss: 0.2010 | Val Acc: 97.96% | Best at iter 1900
  Iter 44000/50000 | Val Loss: 0.2359 | Val Acc: 97.78% | Best at iter 1900
  Iter 45000/50000 | Val Loss: 0.1730 | Val Acc: 98.14% | Best at iter 1900
  Iter 46000/50000 | Val Loss: 0.1895 | Val Acc: 98.12% | Best at iter 1900
  Iter 47000/50000 | Val Loss: 0.1735 | Val Acc: 98.04% | Best at iter 1900
  Iter 48000/50000 | Val Loss: 0.2045 | Val Acc: 97.94% | Best at iter 1900
  Iter 49000/50000 | Val Loss: 0.1899 | Val Acc: 98.04% | Best at iter 1900
  Iter 50000/50000 | Val Loss: 0.2055 | Val Acc: 98.00% | Best at iter 1900
[PRUNE] Pruning to 40.96%...
[RESET] Resetting to initial weights...

--- Round 5 (current: 40.96%) ---
[TRAIN] Training...
  Iter 1000/50000 | Val Loss: 0.1013 | Val Acc: 96.88% | Best at iter 1000
  Iter 2000/50000 | Val Loss: 0.0763 | Val Acc: 97.66% | Best at iter 2000
  Iter 3000/50000 | Val Loss: 0.0767 | Val Acc: 97.74% | Best at iter 2800
  Iter 4000/50000 | Val Loss: 0.0837 | Val Acc: 97.76% | Best at iter 2800
  Iter 5000/50000 | Val Loss: 0.0805 | Val Acc: 97.70% | Best at iter 2800
  Iter 6000/50000 | Val Loss: 0.1098 | Val Acc: 97.38% | Best at iter 2800
  Iter 7000/50000 | Val Loss: 0.0848 | Val Acc: 97.94% | Best at iter 2800
  Iter 8000/50000 | Val Loss: 0.0969 | Val Acc: 98.02% | Best at iter 2800
  Iter 9000/50000 | Val Loss: 0.1043 | Val Acc: 97.64% | Best at iter 2800
  Iter 10000/50000 | Val Loss: 0.1174 | Val Acc: 97.48% | Best at iter 2800
  Iter 11000/50000 | Val Loss: 0.1360 | Val Acc: 97.26% | Best at iter 2800
  Iter 12000/50000 | Val Loss: 0.0991 | Val Acc: 98.04% | Best at iter 2800
  Iter 13000/50000 | Val Loss: 0.1213 | Val Acc: 97.98% | Best at iter 2800
  Iter 14000/50000 | Val Loss: 0.1113 | Val Acc: 98.06% | Best at iter 2800
  Iter 15000/50000 | Val Loss: 0.1244 | Val Acc: 97.96% | Best at iter 2800
  Iter 16000/50000 | Val Loss: 0.1271 | Val Acc: 98.16% | Best at iter 2800
  Iter 17000/50000 | Val Loss: 0.1615 | Val Acc: 97.42% | Best at iter 2800
  Iter 18000/50000 | Val Loss: 0.1207 | Val Acc: 98.22% | Best at iter 2800
  Iter 19000/50000 | Val Loss: 0.1225 | Val Acc: 98.10% | Best at iter 2800
  Iter 20000/50000 | Val Loss: 0.1105 | Val Acc: 98.08% | Best at iter 2800
  Iter 21000/50000 | Val Loss: 0.1280 | Val Acc: 98.04% | Best at iter 2800
  Iter 22000/50000 | Val Loss: 0.1373 | Val Acc: 97.98% | Best at iter 2800
  Iter 23000/50000 | Val Loss: 0.1342 | Val Acc: 98.20% | Best at iter 2800
  Iter 24000/50000 | Val Loss: 0.1550 | Val Acc: 98.04% | Best at iter 2800
  Iter 25000/50000 | Val Loss: 0.1677 | Val Acc: 97.94% | Best at iter 2800
  Iter 26000/50000 | Val Loss: 0.1722 | Val Acc: 97.74% | Best at iter 2800
  Iter 27000/50000 | Val Loss: 0.1387 | Val Acc: 98.06% | Best at iter 2800
  Iter 28000/50000 | Val Loss: 0.1814 | Val Acc: 97.90% | Best at iter 2800
  Iter 29000/50000 | Val Loss: 0.1697 | Val Acc: 98.18% | Best at iter 2800
  Iter 30000/50000 | Val Loss: 0.1825 | Val Acc: 97.68% | Best at iter 2800
  Iter 31000/50000 | Val Loss: 0.1727 | Val Acc: 97.84% | Best at iter 2800
  Iter 32000/50000 | Val Loss: 0.1884 | Val Acc: 97.74% | Best at iter 2800
  Iter 33000/50000 | Val Loss: 0.2049 | Val Acc: 97.90% | Best at iter 2800
  Iter 34000/50000 | Val Loss: 0.2235 | Val Acc: 97.92% | Best at iter 2800
  Iter 35000/50000 | Val Loss: 0.1484 | Val Acc: 98.22% | Best at iter 2800
  Iter 36000/50000 | Val Loss: 0.1793 | Val Acc: 97.86% | Best at iter 2800
  Iter 37000/50000 | Val Loss: 0.1640 | Val Acc: 97.96% | Best at iter 2800
  Iter 38000/50000 | Val Loss: 0.1841 | Val Acc: 97.88% | Best at iter 2800
  Iter 39000/50000 | Val Loss: 0.1940 | Val Acc: 98.10% | Best at iter 2800
  Iter 40000/50000 | Val Loss: 0.2017 | Val Acc: 98.16% | Best at iter 2800
  Iter 41000/50000 | Val Loss: 0.2028 | Val Acc: 98.14% | Best at iter 2800
  Iter 42000/50000 | Val Loss: 0.2014 | Val Acc: 97.90% | Best at iter 2800
  Iter 43000/50000 | Val Loss: 0.1707 | Val Acc: 98.32% | Best at iter 2800
  Iter 44000/50000 | Val Loss: 0.1734 | Val Acc: 98.24% | Best at iter 2800
  Iter 45000/50000 | Val Loss: 0.1907 | Val Acc: 98.18% | Best at iter 2800
  Iter 46000/50000 | Val Loss: 0.2066 | Val Acc: 98.06% | Best at iter 2800
  Iter 47000/50000 | Val Loss: 0.2109 | Val Acc: 98.02% | Best at iter 2800
  Iter 48000/50000 | Val Loss: 0.1907 | Val Acc: 98.24% | Best at iter 2800
  Iter 49000/50000 | Val Loss: 0.2163 | Val Acc: 98.18% | Best at iter 2800
  Iter 50000/50000 | Val Loss: 0.2325 | Val Acc: 97.90% | Best at iter 2800
[PRUNE] Pruning to 32.77%...
[RESET] Resetting to initial weights...

--- Round 6 (current: 32.77%) ---
[TRAIN] Training...
  Iter 1000/50000 | Val Loss: 0.0983 | Val Acc: 97.02% | Best at iter 1000
  Iter 2000/50000 | Val Loss: 0.0778 | Val Acc: 97.60% | Best at iter 2000
  Iter 3000/50000 | Val Loss: 0.0891 | Val Acc: 97.42% | Best at iter 2800
  Iter 4000/50000 | Val Loss: 0.0781 | Val Acc: 97.72% | Best at iter 3700
  Iter 5000/50000 | Val Loss: 0.0744 | Val Acc: 97.96% | Best at iter 3700
  Iter 6000/50000 | Val Loss: 0.0930 | Val Acc: 97.84% | Best at iter 3700
  Iter 7000/50000 | Val Loss: 0.0959 | Val Acc: 97.96% | Best at iter 3700
  Iter 8000/50000 | Val Loss: 0.1057 | Val Acc: 97.76% | Best at iter 3700
  Iter 9000/50000 | Val Loss: 0.0985 | Val Acc: 97.96% | Best at iter 3700
  Iter 10000/50000 | Val Loss: 0.0988 | Val Acc: 98.02% | Best at iter 3700
  Iter 11000/50000 | Val Loss: 0.1231 | Val Acc: 97.74% | Best at iter 3700
  Iter 12000/50000 | Val Loss: 0.1323 | Val Acc: 97.66% | Best at iter 3700
  Iter 13000/50000 | Val Loss: 0.1199 | Val Acc: 97.90% | Best at iter 3700
  Iter 14000/50000 | Val Loss: 0.1213 | Val Acc: 97.94% | Best at iter 3700
  Iter 15000/50000 | Val Loss: 0.1327 | Val Acc: 97.80% | Best at iter 3700
  Iter 16000/50000 | Val Loss: 0.1249 | Val Acc: 97.70% | Best at iter 3700
  Iter 17000/50000 | Val Loss: 0.1368 | Val Acc: 97.62% | Best at iter 3700
  Iter 18000/50000 | Val Loss: 0.1500 | Val Acc: 97.70% | Best at iter 3700
  Iter 19000/50000 | Val Loss: 0.1448 | Val Acc: 97.92% | Best at iter 3700
  Iter 20000/50000 | Val Loss: 0.1433 | Val Acc: 97.86% | Best at iter 3700
  Iter 21000/50000 | Val Loss: 0.1375 | Val Acc: 98.00% | Best at iter 3700
  Iter 22000/50000 | Val Loss: 0.1447 | Val Acc: 97.96% | Best at iter 3700
  Iter 23000/50000 | Val Loss: 0.1431 | Val Acc: 98.10% | Best at iter 3700
  Iter 24000/50000 | Val Loss: 0.1556 | Val Acc: 97.80% | Best at iter 3700
  Iter 25000/50000 | Val Loss: 0.1472 | Val Acc: 98.14% | Best at iter 3700
  Iter 26000/50000 | Val Loss: 0.1654 | Val Acc: 97.86% | Best at iter 3700
  Iter 27000/50000 | Val Loss: 0.1688 | Val Acc: 97.68% | Best at iter 3700
  Iter 28000/50000 | Val Loss: 0.1725 | Val Acc: 97.82% | Best at iter 3700
  Iter 29000/50000 | Val Loss: 0.1589 | Val Acc: 98.04% | Best at iter 3700
  Iter 30000/50000 | Val Loss: 0.1767 | Val Acc: 97.82% | Best at iter 3700
  Iter 31000/50000 | Val Loss: 0.1676 | Val Acc: 98.06% | Best at iter 3700
  Iter 32000/50000 | Val Loss: 0.2117 | Val Acc: 97.74% | Best at iter 3700
  Iter 33000/50000 | Val Loss: 0.1698 | Val Acc: 98.10% | Best at iter 3700
  Iter 34000/50000 | Val Loss: 0.1651 | Val Acc: 97.80% | Best at iter 3700
  Iter 35000/50000 | Val Loss: 0.1753 | Val Acc: 98.16% | Best at iter 3700
  Iter 36000/50000 | Val Loss: 0.1727 | Val Acc: 98.14% | Best at iter 3700
  Iter 37000/50000 | Val Loss: 0.1943 | Val Acc: 97.78% | Best at iter 3700
  Iter 38000/50000 | Val Loss: 0.1973 | Val Acc: 97.88% | Best at iter 3700
  Iter 39000/50000 | Val Loss: 0.2074 | Val Acc: 97.86% | Best at iter 3700
  Iter 40000/50000 | Val Loss: 0.2381 | Val Acc: 97.84% | Best at iter 3700
  Iter 41000/50000 | Val Loss: 0.2069 | Val Acc: 98.04% | Best at iter 3700
  Iter 42000/50000 | Val Loss: 0.1800 | Val Acc: 98.28% | Best at iter 3700
  Iter 43000/50000 | Val Loss: 0.1920 | Val Acc: 98.04% | Best at iter 3700
  Iter 44000/50000 | Val Loss: 0.2243 | Val Acc: 97.96% | Best at iter 3700
  Iter 45000/50000 | Val Loss: 0.2332 | Val Acc: 98.04% | Best at iter 3700
  Iter 46000/50000 | Val Loss: 0.2028 | Val Acc: 98.00% | Best at iter 3700
  Iter 47000/50000 | Val Loss: 0.1982 | Val Acc: 98.18% | Best at iter 3700
  Iter 48000/50000 | Val Loss: 0.2188 | Val Acc: 98.06% | Best at iter 3700
  Iter 49000/50000 | Val Loss: 0.2020 | Val Acc: 98.06% | Best at iter 3700
  Iter 50000/50000 | Val Loss: 0.2288 | Val Acc: 97.82% | Best at iter 3700
[PRUNE] Pruning to 26.21%...
[RESET] Resetting to initial weights...

--- Round 7 (current: 26.21%) ---
[TRAIN] Training...
  Iter 1000/50000 | Val Loss: 0.0846 | Val Acc: 97.30% | Best at iter 1000
  Iter 2000/50000 | Val Loss: 0.0697 | Val Acc: 98.06% | Best at iter 1700
  Iter 3000/50000 | Val Loss: 0.0690 | Val Acc: 97.94% | Best at iter 1700
  Iter 4000/50000 | Val Loss: 0.0739 | Val Acc: 97.92% | Best at iter 1700
  Iter 5000/50000 | Val Loss: 0.0778 | Val Acc: 97.96% | Best at iter 1700
  Iter 6000/50000 | Val Loss: 0.1029 | Val Acc: 97.90% | Best at iter 1700
  Iter 7000/50000 | Val Loss: 0.1003 | Val Acc: 97.94% | Best at iter 1700
  Iter 8000/50000 | Val Loss: 0.0924 | Val Acc: 97.96% | Best at iter 1700
  Iter 9000/50000 | Val Loss: 0.1090 | Val Acc: 97.90% | Best at iter 1700
  Iter 10000/50000 | Val Loss: 0.1180 | Val Acc: 97.90% | Best at iter 1700
  Iter 11000/50000 | Val Loss: 0.1035 | Val Acc: 97.94% | Best at iter 1700
  Iter 12000/50000 | Val Loss: 0.1222 | Val Acc: 97.64% | Best at iter 1700
  Iter 13000/50000 | Val Loss: 0.1270 | Val Acc: 97.84% | Best at iter 1700
  Iter 14000/50000 | Val Loss: 0.1218 | Val Acc: 97.94% | Best at iter 1700
  Iter 15000/50000 | Val Loss: 0.1581 | Val Acc: 97.74% | Best at iter 1700
  Iter 16000/50000 | Val Loss: 0.1365 | Val Acc: 97.72% | Best at iter 1700
  Iter 17000/50000 | Val Loss: 0.1488 | Val Acc: 97.66% | Best at iter 1700
  Iter 18000/50000 | Val Loss: 0.1412 | Val Acc: 97.90% | Best at iter 1700
  Iter 19000/50000 | Val Loss: 0.1100 | Val Acc: 98.22% | Best at iter 1700
  Iter 20000/50000 | Val Loss: 0.1299 | Val Acc: 98.08% | Best at iter 1700
  Iter 21000/50000 | Val Loss: 0.1385 | Val Acc: 97.96% | Best at iter 1700
  Iter 22000/50000 | Val Loss: 0.1244 | Val Acc: 98.18% | Best at iter 1700
  Iter 23000/50000 | Val Loss: 0.1372 | Val Acc: 98.04% | Best at iter 1700
  Iter 24000/50000 | Val Loss: 0.1428 | Val Acc: 98.00% | Best at iter 1700
  Iter 25000/50000 | Val Loss: 0.1261 | Val Acc: 98.18% | Best at iter 1700
  Iter 26000/50000 | Val Loss: 0.1234 | Val Acc: 98.18% | Best at iter 1700
  Iter 27000/50000 | Val Loss: 0.1307 | Val Acc: 98.16% | Best at iter 1700
  Iter 28000/50000 | Val Loss: 0.1646 | Val Acc: 97.92% | Best at iter 1700
  Iter 29000/50000 | Val Loss: 0.1564 | Val Acc: 97.86% | Best at iter 1700
  Iter 30000/50000 | Val Loss: 0.1939 | Val Acc: 97.84% | Best at iter 1700
  Iter 31000/50000 | Val Loss: 0.1525 | Val Acc: 98.06% | Best at iter 1700
  Iter 32000/50000 | Val Loss: 0.1677 | Val Acc: 97.98% | Best at iter 1700
  Iter 33000/50000 | Val Loss: 0.1576 | Val Acc: 98.08% | Best at iter 1700
  Iter 34000/50000 | Val Loss: 0.1767 | Val Acc: 98.14% | Best at iter 1700
  Iter 35000/50000 | Val Loss: 0.1863 | Val Acc: 98.02% | Best at iter 1700
  Iter 36000/50000 | Val Loss: 0.1601 | Val Acc: 98.28% | Best at iter 1700
  Iter 37000/50000 | Val Loss: 0.1866 | Val Acc: 97.98% | Best at iter 1700
  Iter 38000/50000 | Val Loss: 0.1806 | Val Acc: 98.02% | Best at iter 1700
  Iter 39000/50000 | Val Loss: 0.1877 | Val Acc: 98.00% | Best at iter 1700
  Iter 40000/50000 | Val Loss: 0.1903 | Val Acc: 98.28% | Best at iter 1700
  Iter 41000/50000 | Val Loss: 0.2020 | Val Acc: 98.20% | Best at iter 1700
  Iter 42000/50000 | Val Loss: 0.1920 | Val Acc: 98.18% | Best at iter 1700
  Iter 43000/50000 | Val Loss: 0.2138 | Val Acc: 97.74% | Best at iter 1700
  Iter 44000/50000 | Val Loss: 0.2045 | Val Acc: 98.20% | Best at iter 1700
  Iter 45000/50000 | Val Loss: 0.2023 | Val Acc: 98.26% | Best at iter 1700
  Iter 46000/50000 | Val Loss: 0.2297 | Val Acc: 97.98% | Best at iter 1700
  Iter 47000/50000 | Val Loss: 0.2160 | Val Acc: 98.10% | Best at iter 1700
  Iter 48000/50000 | Val Loss: 0.1900 | Val Acc: 98.36% | Best at iter 1700
  Iter 49000/50000 | Val Loss: 0.1979 | Val Acc: 98.30% | Best at iter 1700
  Iter 50000/50000 | Val Loss: 0.2368 | Val Acc: 98.00% | Best at iter 1700
[PRUNE] Pruning to 20.97%...
[RESET] Resetting to initial weights...

--- Round 8 (current: 20.97%) ---
[TRAIN] Training...
  Iter 1000/50000 | Val Loss: 0.0873 | Val Acc: 97.40% | Best at iter 1000
  Iter 2000/50000 | Val Loss: 0.0714 | Val Acc: 97.92% | Best at iter 1900
  Iter 3000/50000 | Val Loss: 0.0707 | Val Acc: 97.96% | Best at iter 2300
  Iter 4000/50000 | Val Loss: 0.0758 | Val Acc: 97.82% | Best at iter 2300
  Iter 5000/50000 | Val Loss: 0.0747 | Val Acc: 98.12% | Best at iter 2300
  Iter 6000/50000 | Val Loss: 0.0835 | Val Acc: 97.88% | Best at iter 2300
  Iter 7000/50000 | Val Loss: 0.0906 | Val Acc: 97.98% | Best at iter 2300
  Iter 8000/50000 | Val Loss: 0.0929 | Val Acc: 97.82% | Best at iter 2300
  Iter 9000/50000 | Val Loss: 0.1076 | Val Acc: 97.74% | Best at iter 2300
  Iter 10000/50000 | Val Loss: 0.1073 | Val Acc: 97.84% | Best at iter 2300
  Iter 11000/50000 | Val Loss: 0.1190 | Val Acc: 97.98% | Best at iter 2300
  Iter 12000/50000 | Val Loss: 0.1179 | Val Acc: 97.74% | Best at iter 2300
  Iter 13000/50000 | Val Loss: 0.1190 | Val Acc: 97.88% | Best at iter 2300
  Iter 14000/50000 | Val Loss: 0.1104 | Val Acc: 98.02% | Best at iter 2300
  Iter 15000/50000 | Val Loss: 0.1164 | Val Acc: 98.02% | Best at iter 2300
  Iter 16000/50000 | Val Loss: 0.1170 | Val Acc: 98.04% | Best at iter 2300
  Iter 17000/50000 | Val Loss: 0.1381 | Val Acc: 97.92% | Best at iter 2300
  Iter 18000/50000 | Val Loss: 0.1285 | Val Acc: 97.84% | Best at iter 2300
  Iter 19000/50000 | Val Loss: 0.1285 | Val Acc: 97.90% | Best at iter 2300
  Iter 20000/50000 | Val Loss: 0.1511 | Val Acc: 97.80% | Best at iter 2300
  Iter 21000/50000 | Val Loss: 0.1213 | Val Acc: 98.32% | Best at iter 2300
  Iter 22000/50000 | Val Loss: 0.1337 | Val Acc: 97.90% | Best at iter 2300
  Iter 23000/50000 | Val Loss: 0.1307 | Val Acc: 98.06% | Best at iter 2300
  Iter 24000/50000 | Val Loss: 0.1675 | Val Acc: 97.68% | Best at iter 2300
  Iter 25000/50000 | Val Loss: 0.1460 | Val Acc: 98.08% | Best at iter 2300
  Iter 26000/50000 | Val Loss: 0.1827 | Val Acc: 97.86% | Best at iter 2300
  Iter 27000/50000 | Val Loss: 0.1543 | Val Acc: 98.04% | Best at iter 2300
  Iter 28000/50000 | Val Loss: 0.1573 | Val Acc: 97.94% | Best at iter 2300
  Iter 29000/50000 | Val Loss: 0.1668 | Val Acc: 98.02% | Best at iter 2300
  Iter 30000/50000 | Val Loss: 0.1651 | Val Acc: 98.08% | Best at iter 2300
  Iter 31000/50000 | Val Loss: 0.1659 | Val Acc: 98.08% | Best at iter 2300
  Iter 32000/50000 | Val Loss: 0.1779 | Val Acc: 97.94% | Best at iter 2300
  Iter 33000/50000 | Val Loss: 0.1789 | Val Acc: 97.88% | Best at iter 2300
  Iter 34000/50000 | Val Loss: 0.1740 | Val Acc: 97.94% | Best at iter 2300
  Iter 35000/50000 | Val Loss: 0.1738 | Val Acc: 97.96% | Best at iter 2300
  Iter 36000/50000 | Val Loss: 0.2081 | Val Acc: 98.06% | Best at iter 2300
  Iter 37000/50000 | Val Loss: 0.1686 | Val Acc: 98.18% | Best at iter 2300
  Iter 38000/50000 | Val Loss: 0.1827 | Val Acc: 97.88% | Best at iter 2300
  Iter 39000/50000 | Val Loss: 0.2076 | Val Acc: 97.72% | Best at iter 2300
  Iter 40000/50000 | Val Loss: 0.1870 | Val Acc: 97.88% | Best at iter 2300
  Iter 41000/50000 | Val Loss: 0.1617 | Val Acc: 98.22% | Best at iter 2300
  Iter 42000/50000 | Val Loss: 0.1718 | Val Acc: 98.32% | Best at iter 2300
  Iter 43000/50000 | Val Loss: 0.1766 | Val Acc: 98.30% | Best at iter 2300
  Iter 44000/50000 | Val Loss: 0.1974 | Val Acc: 98.00% | Best at iter 2300
  Iter 45000/50000 | Val Loss: 0.2090 | Val Acc: 98.02% | Best at iter 2300
  Iter 46000/50000 | Val Loss: 0.1933 | Val Acc: 98.04% | Best at iter 2300
  Iter 47000/50000 | Val Loss: 0.2030 | Val Acc: 98.12% | Best at iter 2300
  Iter 48000/50000 | Val Loss: 0.2164 | Val Acc: 98.04% | Best at iter 2300
  Iter 49000/50000 | Val Loss: 0.2359 | Val Acc: 97.80% | Best at iter 2300
  Iter 50000/50000 | Val Loss: 0.2119 | Val Acc: 97.96% | Best at iter 2300
[PRUNE] Pruning to 16.78%...
[RESET] Resetting to initial weights...

--- Round 9 (current: 16.78%) ---
[TRAIN] Training...
  Iter 1000/50000 | Val Loss: 0.0816 | Val Acc: 97.64% | Best at iter 1000
  Iter 2000/50000 | Val Loss: 0.0681 | Val Acc: 97.82% | Best at iter 1900
  Iter 3000/50000 | Val Loss: 0.0658 | Val Acc: 97.96% | Best at iter 3000
  Iter 4000/50000 | Val Loss: 0.0741 | Val Acc: 97.98% | Best at iter 3600
  Iter 5000/50000 | Val Loss: 0.0822 | Val Acc: 98.02% | Best at iter 3600
  Iter 6000/50000 | Val Loss: 0.0796 | Val Acc: 97.96% | Best at iter 3600
  Iter 7000/50000 | Val Loss: 0.0960 | Val Acc: 98.02% | Best at iter 3600
  Iter 8000/50000 | Val Loss: 0.1015 | Val Acc: 98.00% | Best at iter 3600
  Iter 9000/50000 | Val Loss: 0.1063 | Val Acc: 97.80% | Best at iter 3600
  Iter 10000/50000 | Val Loss: 0.1011 | Val Acc: 97.82% | Best at iter 3600
  Iter 11000/50000 | Val Loss: 0.1137 | Val Acc: 97.68% | Best at iter 3600
  Iter 12000/50000 | Val Loss: 0.1269 | Val Acc: 97.98% | Best at iter 3600
  Iter 13000/50000 | Val Loss: 0.1175 | Val Acc: 98.06% | Best at iter 3600
  Iter 14000/50000 | Val Loss: 0.1395 | Val Acc: 97.76% | Best at iter 3600
  Iter 15000/50000 | Val Loss: 0.1113 | Val Acc: 98.12% | Best at iter 3600
  Iter 16000/50000 | Val Loss: 0.1210 | Val Acc: 98.06% | Best at iter 3600
  Iter 17000/50000 | Val Loss: 0.1373 | Val Acc: 97.88% | Best at iter 3600
  Iter 18000/50000 | Val Loss: 0.1335 | Val Acc: 97.96% | Best at iter 3600
  Iter 19000/50000 | Val Loss: 0.1370 | Val Acc: 97.98% | Best at iter 3600
  Iter 20000/50000 | Val Loss: 0.1617 | Val Acc: 97.60% | Best at iter 3600
  Iter 21000/50000 | Val Loss: 0.1395 | Val Acc: 98.10% | Best at iter 3600
  Iter 22000/50000 | Val Loss: 0.1372 | Val Acc: 98.06% | Best at iter 3600
  Iter 23000/50000 | Val Loss: 0.1561 | Val Acc: 97.92% | Best at iter 3600
  Iter 24000/50000 | Val Loss: 0.1544 | Val Acc: 97.82% | Best at iter 3600
  Iter 25000/50000 | Val Loss: 0.1611 | Val Acc: 97.86% | Best at iter 3600
  Iter 26000/50000 | Val Loss: 0.1608 | Val Acc: 97.86% | Best at iter 3600
  Iter 27000/50000 | Val Loss: 0.1525 | Val Acc: 97.94% | Best at iter 3600
  Iter 28000/50000 | Val Loss: 0.1431 | Val Acc: 97.94% | Best at iter 3600
  Iter 29000/50000 | Val Loss: 0.1447 | Val Acc: 98.04% | Best at iter 3600
  Iter 30000/50000 | Val Loss: 0.1808 | Val Acc: 97.84% | Best at iter 3600
  Iter 31000/50000 | Val Loss: 0.1795 | Val Acc: 98.06% | Best at iter 3600
  Iter 32000/50000 | Val Loss: 0.1543 | Val Acc: 98.12% | Best at iter 3600
  Iter 33000/50000 | Val Loss: 0.1504 | Val Acc: 98.06% | Best at iter 3600
  Iter 34000/50000 | Val Loss: 0.1964 | Val Acc: 97.88% | Best at iter 3600
  Iter 35000/50000 | Val Loss: 0.1807 | Val Acc: 98.02% | Best at iter 3600
  Iter 36000/50000 | Val Loss: 0.1790 | Val Acc: 98.00% | Best at iter 3600
  Iter 37000/50000 | Val Loss: 0.2039 | Val Acc: 98.04% | Best at iter 3600
  Iter 38000/50000 | Val Loss: 0.1871 | Val Acc: 97.96% | Best at iter 3600
  Iter 39000/50000 | Val Loss: 0.1926 | Val Acc: 97.96% | Best at iter 3600
  Iter 40000/50000 | Val Loss: 0.1975 | Val Acc: 97.72% | Best at iter 3600
  Iter 41000/50000 | Val Loss: 0.2099 | Val Acc: 97.74% | Best at iter 3600
  Iter 42000/50000 | Val Loss: 0.2061 | Val Acc: 98.00% | Best at iter 3600
  Iter 43000/50000 | Val Loss: 0.2042 | Val Acc: 98.04% | Best at iter 3600
  Iter 44000/50000 | Val Loss: 0.2110 | Val Acc: 97.72% | Best at iter 3600
  Iter 45000/50000 | Val Loss: 0.2048 | Val Acc: 97.78% | Best at iter 3600
  Iter 46000/50000 | Val Loss: 0.1913 | Val Acc: 97.92% | Best at iter 3600
  Iter 47000/50000 | Val Loss: 0.1994 | Val Acc: 98.02% | Best at iter 3600
  Iter 48000/50000 | Val Loss: 0.2365 | Val Acc: 97.90% | Best at iter 3600
  Iter 49000/50000 | Val Loss: 0.2234 | Val Acc: 98.22% | Best at iter 3600
  Iter 50000/50000 | Val Loss: 0.2220 | Val Acc: 98.02% | Best at iter 3600
[PRUNE] Pruning to 13.42%...
[RESET] Resetting to initial weights...

--- Round 10 (current: 13.42%) ---
[TRAIN] Training...
  Iter 1000/50000 | Val Loss: 0.0834 | Val Acc: 97.42% | Best at iter 800
  Iter 2000/50000 | Val Loss: 0.0631 | Val Acc: 98.08% | Best at iter 2000
  Iter 3000/50000 | Val Loss: 0.0641 | Val Acc: 98.18% | Best at iter 2100
  Iter 4000/50000 | Val Loss: 0.0750 | Val Acc: 97.88% | Best at iter 2100
  Iter 5000/50000 | Val Loss: 0.0914 | Val Acc: 97.58% | Best at iter 2100
  Iter 6000/50000 | Val Loss: 0.0797 | Val Acc: 98.06% | Best at iter 2100
  Iter 7000/50000 | Val Loss: 0.1118 | Val Acc: 97.50% | Best at iter 2100
  Iter 8000/50000 | Val Loss: 0.0933 | Val Acc: 97.88% | Best at iter 2100
  Iter 9000/50000 | Val Loss: 0.1020 | Val Acc: 98.06% | Best at iter 2100
  Iter 10000/50000 | Val Loss: 0.1059 | Val Acc: 97.90% | Best at iter 2100
  Iter 11000/50000 | Val Loss: 0.1057 | Val Acc: 98.22% | Best at iter 2100
  Iter 12000/50000 | Val Loss: 0.1056 | Val Acc: 98.04% | Best at iter 2100
  Iter 13000/50000 | Val Loss: 0.1244 | Val Acc: 97.84% | Best at iter 2100
  Iter 14000/50000 | Val Loss: 0.1272 | Val Acc: 98.12% | Best at iter 2100
  Iter 15000/50000 | Val Loss: 0.1257 | Val Acc: 97.94% | Best at iter 2100
  Iter 16000/50000 | Val Loss: 0.1389 | Val Acc: 97.92% | Best at iter 2100
  Iter 17000/50000 | Val Loss: 0.1365 | Val Acc: 97.88% | Best at iter 2100
  Iter 18000/50000 | Val Loss: 0.1264 | Val Acc: 97.92% | Best at iter 2100
  Iter 19000/50000 | Val Loss: 0.1238 | Val Acc: 98.00% | Best at iter 2100
  Iter 20000/50000 | Val Loss: 0.1366 | Val Acc: 97.92% | Best at iter 2100
  Iter 21000/50000 | Val Loss: 0.1415 | Val Acc: 97.90% | Best at iter 2100
  Iter 22000/50000 | Val Loss: 0.1853 | Val Acc: 97.64% | Best at iter 2100
  Iter 23000/50000 | Val Loss: 0.1306 | Val Acc: 98.08% | Best at iter 2100
  Iter 24000/50000 | Val Loss: 0.1429 | Val Acc: 98.30% | Best at iter 2100
  Iter 25000/50000 | Val Loss: 0.1747 | Val Acc: 97.90% | Best at iter 2100
  Iter 26000/50000 | Val Loss: 0.1521 | Val Acc: 97.94% | Best at iter 2100
  Iter 27000/50000 | Val Loss: 0.1528 | Val Acc: 98.04% | Best at iter 2100
  Iter 28000/50000 | Val Loss: 0.1726 | Val Acc: 97.80% | Best at iter 2100
  Iter 29000/50000 | Val Loss: 0.1657 | Val Acc: 98.12% | Best at iter 2100
  Iter 30000/50000 | Val Loss: 0.1668 | Val Acc: 98.04% | Best at iter 2100
  Iter 31000/50000 | Val Loss: 0.1814 | Val Acc: 98.04% | Best at iter 2100
  Iter 32000/50000 | Val Loss: 0.1670 | Val Acc: 98.20% | Best at iter 2100
  Iter 33000/50000 | Val Loss: 0.1723 | Val Acc: 98.12% | Best at iter 2100
  Iter 34000/50000 | Val Loss: 0.1887 | Val Acc: 97.76% | Best at iter 2100
  Iter 35000/50000 | Val Loss: 0.1823 | Val Acc: 97.84% | Best at iter 2100
  Iter 36000/50000 | Val Loss: 0.2138 | Val Acc: 97.98% | Best at iter 2100
  Iter 37000/50000 | Val Loss: 0.1863 | Val Acc: 97.92% | Best at iter 2100
  Iter 38000/50000 | Val Loss: 0.1886 | Val Acc: 98.08% | Best at iter 2100
  Iter 39000/50000 | Val Loss: 0.2022 | Val Acc: 98.02% | Best at iter 2100
  Iter 40000/50000 | Val Loss: 0.1911 | Val Acc: 97.98% | Best at iter 2100
  Iter 41000/50000 | Val Loss: 0.2016 | Val Acc: 97.92% | Best at iter 2100
  Iter 42000/50000 | Val Loss: 0.2486 | Val Acc: 97.52% | Best at iter 2100
  Iter 43000/50000 | Val Loss: 0.2135 | Val Acc: 97.88% | Best at iter 2100
  Iter 44000/50000 | Val Loss: 0.2344 | Val Acc: 97.62% | Best at iter 2100
  Iter 45000/50000 | Val Loss: 0.2144 | Val Acc: 97.82% | Best at iter 2100
  Iter 46000/50000 | Val Loss: 0.2284 | Val Acc: 98.02% | Best at iter 2100
  Iter 47000/50000 | Val Loss: 0.2505 | Val Acc: 97.76% | Best at iter 2100
  Iter 48000/50000 | Val Loss: 0.2184 | Val Acc: 98.04% | Best at iter 2100
  Iter 49000/50000 | Val Loss: 0.2385 | Val Acc: 97.88% | Best at iter 2100
  Iter 50000/50000 | Val Loss: 0.2179 | Val Acc: 97.98% | Best at iter 2100
[PRUNE] Pruning to 10.74%...
[RESET] Resetting to initial weights...

--- Round 11 (current: 10.74%) ---
[TRAIN] Training...
  Iter 1000/50000 | Val Loss: 0.0771 | Val Acc: 97.74% | Best at iter 1000
  Iter 2000/50000 | Val Loss: 0.0645 | Val Acc: 97.96% | Best at iter 2000
  Iter 3000/50000 | Val Loss: 0.0640 | Val Acc: 97.94% | Best at iter 2200
  Iter 4000/50000 | Val Loss: 0.0759 | Val Acc: 97.88% | Best at iter 2200
  Iter 5000/50000 | Val Loss: 0.0699 | Val Acc: 98.04% | Best at iter 2200
  Iter 6000/50000 | Val Loss: 0.0810 | Val Acc: 97.96% | Best at iter 2200
  Iter 7000/50000 | Val Loss: 0.0784 | Val Acc: 98.20% | Best at iter 2200
  Iter 8000/50000 | Val Loss: 0.0849 | Val Acc: 98.14% | Best at iter 2200
  Iter 9000/50000 | Val Loss: 0.0962 | Val Acc: 97.94% | Best at iter 2200
  Iter 10000/50000 | Val Loss: 0.1060 | Val Acc: 97.88% | Best at iter 2200
  Iter 11000/50000 | Val Loss: 0.0967 | Val Acc: 97.96% | Best at iter 2200
  Iter 12000/50000 | Val Loss: 0.0962 | Val Acc: 98.16% | Best at iter 2200
  Iter 13000/50000 | Val Loss: 0.0978 | Val Acc: 98.10% | Best at iter 2200
  Iter 14000/50000 | Val Loss: 0.0969 | Val Acc: 98.14% | Best at iter 2200
  Iter 15000/50000 | Val Loss: 0.0990 | Val Acc: 98.08% | Best at iter 2200
  Iter 16000/50000 | Val Loss: 0.0999 | Val Acc: 98.10% | Best at iter 2200
  Iter 17000/50000 | Val Loss: 0.1110 | Val Acc: 98.04% | Best at iter 2200
  Iter 18000/50000 | Val Loss: 0.1090 | Val Acc: 98.08% | Best at iter 2200
  Iter 19000/50000 | Val Loss: 0.1071 | Val Acc: 98.00% | Best at iter 2200
  Iter 20000/50000 | Val Loss: 0.1081 | Val Acc: 98.04% | Best at iter 2200
  Iter 21000/50000 | Val Loss: 0.1098 | Val Acc: 98.08% | Best at iter 2200
  Iter 22000/50000 | Val Loss: 0.1111 | Val Acc: 98.04% | Best at iter 2200
  Iter 23000/50000 | Val Loss: 0.1145 | Val Acc: 98.00% | Best at iter 2200
  Iter 24000/50000 | Val Loss: 0.1154 | Val Acc: 98.08% | Best at iter 2200
  Iter 25000/50000 | Val Loss: 0.1206 | Val Acc: 98.08% | Best at iter 2200
  Iter 26000/50000 | Val Loss: 0.1535 | Val Acc: 97.90% | Best at iter 2200
  Iter 27000/50000 | Val Loss: 0.1349 | Val Acc: 98.18% | Best at iter 2200
  Iter 28000/50000 | Val Loss: 0.1358 | Val Acc: 98.20% | Best at iter 2200
  Iter 29000/50000 | Val Loss: 0.1457 | Val Acc: 98.14% | Best at iter 2200
  Iter 30000/50000 | Val Loss: 0.1401 | Val Acc: 98.04% | Best at iter 2200
  Iter 31000/50000 | Val Loss: 0.1461 | Val Acc: 97.98% | Best at iter 2200
  Iter 32000/50000 | Val Loss: 0.1450 | Val Acc: 98.26% | Best at iter 2200
  Iter 33000/50000 | Val Loss: 0.1474 | Val Acc: 98.00% | Best at iter 2200
  Iter 34000/50000 | Val Loss: 0.1594 | Val Acc: 97.90% | Best at iter 2200
  Iter 35000/50000 | Val Loss: 0.1596 | Val Acc: 98.00% | Best at iter 2200
  Iter 36000/50000 | Val Loss: 0.1631 | Val Acc: 97.92% | Best at iter 2200
  Iter 37000/50000 | Val Loss: 0.1523 | Val Acc: 98.06% | Best at iter 2200
  Iter 38000/50000 | Val Loss: 0.1630 | Val Acc: 97.92% | Best at iter 2200
  Iter 39000/50000 | Val Loss: 0.1574 | Val Acc: 98.04% | Best at iter 2200
  Iter 40000/50000 | Val Loss: 0.1635 | Val Acc: 98.00% | Best at iter 2200
  Iter 41000/50000 | Val Loss: 0.1605 | Val Acc: 98.04% | Best at iter 2200
  Iter 42000/50000 | Val Loss: 0.1596 | Val Acc: 98.02% | Best at iter 2200
  Iter 43000/50000 | Val Loss: 0.1590 | Val Acc: 98.02% | Best at iter 2200
  Iter 44000/50000 | Val Loss: 0.1588 | Val Acc: 98.02% | Best at iter 2200
  Iter 45000/50000 | Val Loss: 0.1590 | Val Acc: 98.02% | Best at iter 2200
  Iter 46000/50000 | Val Loss: 0.1593 | Val Acc: 98.00% | Best at iter 2200
  Iter 47000/50000 | Val Loss: 0.1599 | Val Acc: 98.00% | Best at iter 2200
  Iter 48000/50000 | Val Loss: 0.1620 | Val Acc: 98.04% | Best at iter 2200
  Iter 49000/50000 | Val Loss: 0.1621 | Val Acc: 98.00% | Best at iter 2200
  Iter 50000/50000 | Val Loss: 0.1641 | Val Acc: 98.04% | Best at iter 2200
[PRUNE] Pruning to 8.59%...
[RESET] Resetting to initial weights...

--- Round 12 (current: 8.59%) ---
[TRAIN] Training...
  Iter 1000/50000 | Val Loss: 0.0837 | Val Acc: 97.38% | Best at iter 1000
  Iter 2000/50000 | Val Loss: 0.0669 | Val Acc: 98.00% | Best at iter 1800
  Iter 3000/50000 | Val Loss: 0.0635 | Val Acc: 98.08% | Best at iter 2500
  Iter 4000/50000 | Val Loss: 0.0660 | Val Acc: 98.12% | Best at iter 2500
  Iter 5000/50000 | Val Loss: 0.0726 | Val Acc: 98.12% | Best at iter 2500
  Iter 6000/50000 | Val Loss: 0.0832 | Val Acc: 97.96% | Best at iter 2500
  Iter 7000/50000 | Val Loss: 0.0782 | Val Acc: 98.04% | Best at iter 2500
  Iter 8000/50000 | Val Loss: 0.0837 | Val Acc: 98.04% | Best at iter 2500
  Iter 9000/50000 | Val Loss: 0.1023 | Val Acc: 97.96% | Best at iter 2500
  Iter 10000/50000 | Val Loss: 0.1016 | Val Acc: 98.20% | Best at iter 2500
  Iter 11000/50000 | Val Loss: 0.0928 | Val Acc: 98.30% | Best at iter 2500
  Iter 12000/50000 | Val Loss: 0.0940 | Val Acc: 98.34% | Best at iter 2500
  Iter 13000/50000 | Val Loss: 0.0945 | Val Acc: 98.38% | Best at iter 2500
  Iter 14000/50000 | Val Loss: 0.0957 | Val Acc: 98.42% | Best at iter 2500
  Iter 15000/50000 | Val Loss: 0.1109 | Val Acc: 98.28% | Best at iter 2500
  Iter 16000/50000 | Val Loss: 0.1271 | Val Acc: 98.08% | Best at iter 2500
  Iter 17000/50000 | Val Loss: 0.1206 | Val Acc: 98.06% | Best at iter 2500
  Iter 18000/50000 | Val Loss: 0.1179 | Val Acc: 98.20% | Best at iter 2500
  Iter 19000/50000 | Val Loss: 0.1186 | Val Acc: 98.22% | Best at iter 2500
  Iter 20000/50000 | Val Loss: 0.1195 | Val Acc: 98.24% | Best at iter 2500
  Iter 21000/50000 | Val Loss: 0.1194 | Val Acc: 98.26% | Best at iter 2500
  Iter 22000/50000 | Val Loss: 0.1211 | Val Acc: 98.28% | Best at iter 2500
  Iter 23000/50000 | Val Loss: 0.1244 | Val Acc: 98.28% | Best at iter 2500
  Iter 24000/50000 | Val Loss: 0.1260 | Val Acc: 98.28% | Best at iter 2500
  Iter 25000/50000 | Val Loss: 0.2025 | Val Acc: 97.00% | Best at iter 2500
  Iter 26000/50000 | Val Loss: 0.1403 | Val Acc: 98.10% | Best at iter 2500
  Iter 27000/50000 | Val Loss: 0.1551 | Val Acc: 98.02% | Best at iter 2500
  Iter 28000/50000 | Val Loss: 0.1444 | Val Acc: 98.20% | Best at iter 2500
  Iter 29000/50000 | Val Loss: 0.1581 | Val Acc: 97.92% | Best at iter 2500
  Iter 30000/50000 | Val Loss: 0.1618 | Val Acc: 97.90% | Best at iter 2500
  Iter 31000/50000 | Val Loss: 0.1524 | Val Acc: 98.20% | Best at iter 2500
  Iter 32000/50000 | Val Loss: 0.1497 | Val Acc: 98.16% | Best at iter 2500
  Iter 33000/50000 | Val Loss: 0.1494 | Val Acc: 98.16% | Best at iter 2500
  Iter 34000/50000 | Val Loss: 0.1495 | Val Acc: 98.16% | Best at iter 2500
  Iter 35000/50000 | Val Loss: 0.1497 | Val Acc: 98.26% | Best at iter 2500
  Iter 36000/50000 | Val Loss: 0.1511 | Val Acc: 98.22% | Best at iter 2500
  Iter 37000/50000 | Val Loss: 0.1514 | Val Acc: 98.20% | Best at iter 2500
  Iter 38000/50000 | Val Loss: 0.1528 | Val Acc: 98.22% | Best at iter 2500
  Iter 39000/50000 | Val Loss: 0.1535 | Val Acc: 98.20% | Best at iter 2500
  Iter 40000/50000 | Val Loss: 0.1560 | Val Acc: 98.16% | Best at iter 2500
  Iter 41000/50000 | Val Loss: 0.1579 | Val Acc: 98.14% | Best at iter 2500
  Iter 42000/50000 | Val Loss: 0.1601 | Val Acc: 98.22% | Best at iter 2500
  Iter 43000/50000 | Val Loss: 0.1639 | Val Acc: 98.16% | Best at iter 2500
  Iter 44000/50000 | Val Loss: 0.1956 | Val Acc: 97.84% | Best at iter 2500
  Iter 45000/50000 | Val Loss: 0.1885 | Val Acc: 98.00% | Best at iter 2500
  Iter 46000/50000 | Val Loss: 0.1761 | Val Acc: 98.08% | Best at iter 2500
  Iter 47000/50000 | Val Loss: 0.1760 | Val Acc: 97.98% | Best at iter 2500
  Iter 48000/50000 | Val Loss: 0.1749 | Val Acc: 98.02% | Best at iter 2500
  Iter 49000/50000 | Val Loss: 0.1748 | Val Acc: 98.06% | Best at iter 2500
  Iter 50000/50000 | Val Loss: 0.1741 | Val Acc: 98.06% | Best at iter 2500
[PRUNE] Pruning to 6.90%...
[RESET] Resetting to initial weights...

==================================================
FINAL TRAINING at 6.90%
==================================================
  Iter 1000/50000 | Val Loss: 0.0818 | Val Acc: 97.44% | Best at iter 1000
  Iter 2000/50000 | Val Loss: 0.0674 | Val Acc: 97.90% | Best at iter 2000
  Iter 3000/50000 | Val Loss: 0.0644 | Val Acc: 98.08% | Best at iter 2700
  Iter 4000/50000 | Val Loss: 0.0684 | Val Acc: 98.14% | Best at iter 2700
  Iter 5000/50000 | Val Loss: 0.0729 | Val Acc: 98.04% | Best at iter 2700
  Iter 6000/50000 | Val Loss: 0.0763 | Val Acc: 98.06% | Best at iter 2700
  Iter 7000/50000 | Val Loss: 0.0840 | Val Acc: 98.10% | Best at iter 2700
  Iter 8000/50000 | Val Loss: 0.0873 | Val Acc: 98.18% | Best at iter 2700
  Iter 9000/50000 | Val Loss: 0.0909 | Val Acc: 98.10% | Best at iter 2700
  Iter 10000/50000 | Val Loss: 0.0951 | Val Acc: 98.04% | Best at iter 2700
  Iter 11000/50000 | Val Loss: 0.1147 | Val Acc: 97.78% | Best at iter 2700
  Iter 12000/50000 | Val Loss: 0.0957 | Val Acc: 97.98% | Best at iter 2700
  Iter 13000/50000 | Val Loss: 0.0977 | Val Acc: 98.08% | Best at iter 2700
  Iter 14000/50000 | Val Loss: 0.0992 | Val Acc: 98.02% | Best at iter 2700
  Iter 15000/50000 | Val Loss: 0.1018 | Val Acc: 98.02% | Best at iter 2700
  Iter 16000/50000 | Val Loss: 0.1040 | Val Acc: 98.02% | Best at iter 2700
  Iter 17000/50000 | Val Loss: 0.1050 | Val Acc: 98.00% | Best at iter 2700
  Iter 18000/50000 | Val Loss: 0.1089 | Val Acc: 98.08% | Best at iter 2700
  Iter 19000/50000 | Val Loss: 0.1257 | Val Acc: 97.96% | Best at iter 2700
  Iter 20000/50000 | Val Loss: 0.1175 | Val Acc: 98.06% | Best at iter 2700
  Iter 21000/50000 | Val Loss: 0.1228 | Val Acc: 98.08% | Best at iter 2700
  Iter 22000/50000 | Val Loss: 0.1137 | Val Acc: 98.26% | Best at iter 2700
  Iter 23000/50000 | Val Loss: 0.1148 | Val Acc: 98.22% | Best at iter 2700
  Iter 24000/50000 | Val Loss: 0.1150 | Val Acc: 98.26% | Best at iter 2700
  Iter 25000/50000 | Val Loss: 0.1158 | Val Acc: 98.24% | Best at iter 2700
  Iter 26000/50000 | Val Loss: 0.1169 | Val Acc: 98.20% | Best at iter 2700
  Iter 27000/50000 | Val Loss: 0.1186 | Val Acc: 98.20% | Best at iter 2700
  Iter 28000/50000 | Val Loss: 0.1200 | Val Acc: 98.16% | Best at iter 2700
  Iter 29000/50000 | Val Loss: 0.1467 | Val Acc: 97.76% | Best at iter 2700
  Iter 30000/50000 | Val Loss: 0.1386 | Val Acc: 98.02% | Best at iter 2700
  Iter 31000/50000 | Val Loss: 0.1398 | Val Acc: 98.06% | Best at iter 2700
  Iter 32000/50000 | Val Loss: 0.1354 | Val Acc: 98.04% | Best at iter 2700
  Iter 33000/50000 | Val Loss: 0.1358 | Val Acc: 98.04% | Best at iter 2700
  Iter 34000/50000 | Val Loss: 0.1360 | Val Acc: 98.04% | Best at iter 2700
  Iter 35000/50000 | Val Loss: 0.1365 | Val Acc: 98.02% | Best at iter 2700
  Iter 36000/50000 | Val Loss: 0.1384 | Val Acc: 98.02% | Best at iter 2700
  Iter 37000/50000 | Val Loss: 0.1388 | Val Acc: 98.00% | Best at iter 2700
  Iter 38000/50000 | Val Loss: 0.1416 | Val Acc: 97.98% | Best at iter 2700
  Iter 39000/50000 | Val Loss: 0.1435 | Val Acc: 98.02% | Best at iter 2700
  Iter 40000/50000 | Val Loss: 0.1459 | Val Acc: 98.02% | Best at iter 2700
  Iter 41000/50000 | Val Loss: 0.1487 | Val Acc: 98.10% | Best at iter 2700
  Iter 42000/50000 | Val Loss: 0.1542 | Val Acc: 98.08% | Best at iter 2700
  Iter 43000/50000 | Val Loss: 0.1526 | Val Acc: 98.08% | Best at iter 2700
  Iter 44000/50000 | Val Loss: 0.1824 | Val Acc: 97.98% | Best at iter 2700
  Iter 45000/50000 | Val Loss: 0.1855 | Val Acc: 98.00% | Best at iter 2700
  Iter 46000/50000 | Val Loss: 0.1827 | Val Acc: 97.90% | Best at iter 2700
  Iter 47000/50000 | Val Loss: 0.1856 | Val Acc: 97.88% | Best at iter 2700
  Iter 48000/50000 | Val Loss: 0.1828 | Val Acc: 97.76% | Best at iter 2700
  Iter 49000/50000 | Val Loss: 0.2040 | Val Acc: 97.54% | Best at iter 2700
  Iter 50000/50000 | Val Loss: 0.1980 | Val Acc: 97.86% | Best at iter 2700

──────────────────────────────────────────────────────────────────────
Early stop: iteration 2700
Val loss at early stop: 0.0636
Test accuracy at early stop: 98.00%
──────────────────────────────────────────────────────────────────────

======================================================================
Iterative Winning Ticket
Sparsity: 6.9% | Trial: 2/3
======================================================================
[1] Saving initial weights...

--- Round 1 (current: 100.00%) ---
[TRAIN] Training...
  Iter 1000/50000 | Val Loss: 0.1302 | Val Acc: 96.02% | Best at iter 700
  Iter 2000/50000 | Val Loss: 0.0985 | Val Acc: 96.90% | Best at iter 1800
  Iter 3000/50000 | Val Loss: 0.0970 | Val Acc: 97.30% | Best at iter 2700
  Iter 4000/50000 | Val Loss: 0.1045 | Val Acc: 97.12% | Best at iter 2700
  Iter 5000/50000 | Val Loss: 0.0914 | Val Acc: 97.50% | Best at iter 4700
  Iter 6000/50000 | Val Loss: 0.1137 | Val Acc: 97.36% | Best at iter 4700
  Iter 7000/50000 | Val Loss: 0.1225 | Val Acc: 97.22% | Best at iter 4700
  Iter 8000/50000 | Val Loss: 0.1091 | Val Acc: 97.78% | Best at iter 4700
  Iter 9000/50000 | Val Loss: 0.1295 | Val Acc: 96.98% | Best at iter 4700
  Iter 10000/50000 | Val Loss: 0.1256 | Val Acc: 97.32% | Best at iter 4700
  Iter 11000/50000 | Val Loss: 0.1221 | Val Acc: 97.56% | Best at iter 4700
  Iter 12000/50000 | Val Loss: 0.1261 | Val Acc: 97.42% | Best at iter 4700
  Iter 13000/50000 | Val Loss: 0.1303 | Val Acc: 97.62% | Best at iter 4700
  Iter 14000/50000 | Val Loss: 0.1115 | Val Acc: 97.98% | Best at iter 4700
  Iter 15000/50000 | Val Loss: 0.1253 | Val Acc: 97.62% | Best at iter 4700
  Iter 16000/50000 | Val Loss: 0.1253 | Val Acc: 97.78% | Best at iter 4700
  Iter 17000/50000 | Val Loss: 0.1309 | Val Acc: 97.70% | Best at iter 4700
  Iter 18000/50000 | Val Loss: 0.1328 | Val Acc: 97.96% | Best at iter 4700
  Iter 19000/50000 | Val Loss: 0.1724 | Val Acc: 97.44% | Best at iter 4700
  Iter 20000/50000 | Val Loss: 0.1529 | Val Acc: 97.62% | Best at iter 4700
  Iter 21000/50000 | Val Loss: 0.1385 | Val Acc: 98.16% | Best at iter 4700
  Iter 22000/50000 | Val Loss: 0.1631 | Val Acc: 97.86% | Best at iter 4700
  Iter 23000/50000 | Val Loss: 0.1583 | Val Acc: 97.64% | Best at iter 4700
  Iter 24000/50000 | Val Loss: 0.1811 | Val Acc: 97.84% | Best at iter 4700
  Iter 25000/50000 | Val Loss: 0.1861 | Val Acc: 97.54% | Best at iter 4700
  Iter 26000/50000 | Val Loss: 0.1655 | Val Acc: 98.00% | Best at iter 4700
  Iter 27000/50000 | Val Loss: 0.1364 | Val Acc: 97.90% | Best at iter 4700
  Iter 28000/50000 | Val Loss: 0.1481 | Val Acc: 98.04% | Best at iter 4700
  Iter 29000/50000 | Val Loss: 0.1810 | Val Acc: 97.64% | Best at iter 4700
  Iter 30000/50000 | Val Loss: 0.1935 | Val Acc: 97.54% | Best at iter 4700
  Iter 31000/50000 | Val Loss: 0.1749 | Val Acc: 97.66% | Best at iter 4700
  Iter 32000/50000 | Val Loss: 0.1842 | Val Acc: 97.90% | Best at iter 4700
  Iter 33000/50000 | Val Loss: 0.1965 | Val Acc: 97.76% | Best at iter 4700
  Iter 34000/50000 | Val Loss: 0.1913 | Val Acc: 98.08% | Best at iter 4700
  Iter 35000/50000 | Val Loss: 0.1826 | Val Acc: 97.76% | Best at iter 4700
  Iter 36000/50000 | Val Loss: 0.1792 | Val Acc: 98.04% | Best at iter 4700
  Iter 37000/50000 | Val Loss: 0.2649 | Val Acc: 97.46% | Best at iter 4700
  Iter 38000/50000 | Val Loss: 0.2097 | Val Acc: 98.00% | Best at iter 4700
  Iter 39000/50000 | Val Loss: 0.1690 | Val Acc: 97.68% | Best at iter 4700
  Iter 40000/50000 | Val Loss: 0.2150 | Val Acc: 97.98% | Best at iter 4700
  Iter 41000/50000 | Val Loss: 0.2145 | Val Acc: 98.02% | Best at iter 4700
  Iter 42000/50000 | Val Loss: 0.2451 | Val Acc: 97.62% | Best at iter 4700
  Iter 43000/50000 | Val Loss: 0.2568 | Val Acc: 97.68% | Best at iter 4700
  Iter 44000/50000 | Val Loss: 0.2593 | Val Acc: 97.70% | Best at iter 4700
  Iter 45000/50000 | Val Loss: 0.2301 | Val Acc: 97.74% | Best at iter 4700
  Iter 46000/50000 | Val Loss: 0.2704 | Val Acc: 97.86% | Best at iter 4700
  Iter 47000/50000 | Val Loss: 0.2476 | Val Acc: 97.70% | Best at iter 4700
  Iter 48000/50000 | Val Loss: 0.2152 | Val Acc: 97.84% | Best at iter 4700
  Iter 49000/50000 | Val Loss: 0.2263 | Val Acc: 97.88% | Best at iter 4700
  Iter 50000/50000 | Val Loss: 0.2224 | Val Acc: 97.82% | Best at iter 4700
[PRUNE] Pruning to 80.00%...
[RESET] Resetting to initial weights...

--- Round 2 (current: 80.00%) ---
[TRAIN] Training...
  Iter 1000/50000 | Val Loss: 0.1187 | Val Acc: 96.38% | Best at iter 900
  Iter 2000/50000 | Val Loss: 0.0826 | Val Acc: 97.32% | Best at iter 2000
  Iter 3000/50000 | Val Loss: 0.0884 | Val Acc: 97.62% | Best at iter 2000
  Iter 4000/50000 | Val Loss: 0.0826 | Val Acc: 97.82% | Best at iter 3900
  Iter 5000/50000 | Val Loss: 0.0889 | Val Acc: 97.56% | Best at iter 4300
  Iter 6000/50000 | Val Loss: 0.1105 | Val Acc: 97.26% | Best at iter 4300
  Iter 7000/50000 | Val Loss: 0.1135 | Val Acc: 97.40% | Best at iter 4300
  Iter 8000/50000 | Val Loss: 0.1071 | Val Acc: 97.46% | Best at iter 4300
  Iter 9000/50000 | Val Loss: 0.1038 | Val Acc: 97.76% | Best at iter 4300
  Iter 10000/50000 | Val Loss: 0.1074 | Val Acc: 97.70% | Best at iter 4300
  Iter 11000/50000 | Val Loss: 0.1083 | Val Acc: 97.80% | Best at iter 4300
  Iter 12000/50000 | Val Loss: 0.1226 | Val Acc: 97.70% | Best at iter 4300
  Iter 13000/50000 | Val Loss: 0.1158 | Val Acc: 97.82% | Best at iter 4300
  Iter 14000/50000 | Val Loss: 0.1257 | Val Acc: 97.74% | Best at iter 4300
  Iter 15000/50000 | Val Loss: 0.1199 | Val Acc: 97.78% | Best at iter 4300
  Iter 16000/50000 | Val Loss: 0.1492 | Val Acc: 97.34% | Best at iter 4300
  Iter 17000/50000 | Val Loss: 0.1425 | Val Acc: 97.60% | Best at iter 4300
  Iter 18000/50000 | Val Loss: 0.1369 | Val Acc: 97.72% | Best at iter 4300
  Iter 19000/50000 | Val Loss: 0.1326 | Val Acc: 97.88% | Best at iter 4300
  Iter 20000/50000 | Val Loss: 0.1317 | Val Acc: 98.04% | Best at iter 4300
  Iter 21000/50000 | Val Loss: 0.1437 | Val Acc: 97.84% | Best at iter 4300
  Iter 22000/50000 | Val Loss: 0.1436 | Val Acc: 97.78% | Best at iter 4300
  Iter 23000/50000 | Val Loss: 0.1553 | Val Acc: 97.68% | Best at iter 4300
  Iter 24000/50000 | Val Loss: 0.1215 | Val Acc: 97.98% | Best at iter 4300
  Iter 25000/50000 | Val Loss: 0.1581 | Val Acc: 97.90% | Best at iter 4300
  Iter 26000/50000 | Val Loss: 0.1639 | Val Acc: 97.70% | Best at iter 4300
  Iter 27000/50000 | Val Loss: 0.1466 | Val Acc: 97.90% | Best at iter 4300
  Iter 28000/50000 | Val Loss: 0.1838 | Val Acc: 97.54% | Best at iter 4300
  Iter 29000/50000 | Val Loss: 0.1386 | Val Acc: 98.26% | Best at iter 4300
  Iter 30000/50000 | Val Loss: 0.1858 | Val Acc: 97.70% | Best at iter 4300
  Iter 31000/50000 | Val Loss: 0.1982 | Val Acc: 97.62% | Best at iter 4300
  Iter 32000/50000 | Val Loss: 0.1733 | Val Acc: 98.16% | Best at iter 4300
  Iter 33000/50000 | Val Loss: 0.1872 | Val Acc: 97.74% | Best at iter 4300
  Iter 34000/50000 | Val Loss: 0.1777 | Val Acc: 98.08% | Best at iter 4300
  Iter 35000/50000 | Val Loss: 0.1837 | Val Acc: 97.74% | Best at iter 4300
  Iter 36000/50000 | Val Loss: 0.1734 | Val Acc: 97.94% | Best at iter 4300
  Iter 37000/50000 | Val Loss: 0.2015 | Val Acc: 97.78% | Best at iter 4300
  Iter 38000/50000 | Val Loss: 0.2584 | Val Acc: 97.68% | Best at iter 4300
  Iter 39000/50000 | Val Loss: 0.2286 | Val Acc: 97.72% | Best at iter 4300
  Iter 40000/50000 | Val Loss: 0.2229 | Val Acc: 97.90% | Best at iter 4300
  Iter 41000/50000 | Val Loss: 0.2150 | Val Acc: 97.82% | Best at iter 4300
  Iter 42000/50000 | Val Loss: 0.1823 | Val Acc: 97.90% | Best at iter 4300
  Iter 43000/50000 | Val Loss: 0.2661 | Val Acc: 97.20% | Best at iter 4300
  Iter 44000/50000 | Val Loss: 0.2159 | Val Acc: 98.10% | Best at iter 4300
  Iter 45000/50000 | Val Loss: 0.2215 | Val Acc: 98.04% | Best at iter 4300
  Iter 46000/50000 | Val Loss: 0.2022 | Val Acc: 98.12% | Best at iter 4300
  Iter 47000/50000 | Val Loss: 0.2464 | Val Acc: 98.04% | Best at iter 4300
  Iter 48000/50000 | Val Loss: 0.2433 | Val Acc: 97.78% | Best at iter 4300
  Iter 49000/50000 | Val Loss: 0.2875 | Val Acc: 97.64% | Best at iter 4300
  Iter 50000/50000 | Val Loss: 0.2535 | Val Acc: 98.12% | Best at iter 4300
[PRUNE] Pruning to 64.00%...
[RESET] Resetting to initial weights...

--- Round 3 (current: 64.00%) ---
[TRAIN] Training...
  Iter 1000/50000 | Val Loss: 0.1071 | Val Acc: 96.60% | Best at iter 1000
  Iter 2000/50000 | Val Loss: 0.1001 | Val Acc: 96.96% | Best at iter 1600
  Iter 3000/50000 | Val Loss: 0.0807 | Val Acc: 97.42% | Best at iter 3000
  Iter 4000/50000 | Val Loss: 0.1014 | Val Acc: 97.30% | Best at iter 3000
  Iter 5000/50000 | Val Loss: 0.0794 | Val Acc: 97.84% | Best at iter 5000
  Iter 6000/50000 | Val Loss: 0.0998 | Val Acc: 97.58% | Best at iter 5000
  Iter 7000/50000 | Val Loss: 0.0965 | Val Acc: 97.66% | Best at iter 5000
  Iter 8000/50000 | Val Loss: 0.1082 | Val Acc: 97.46% | Best at iter 5000
  Iter 9000/50000 | Val Loss: 0.1460 | Val Acc: 97.08% | Best at iter 5000
  Iter 10000/50000 | Val Loss: 0.1124 | Val Acc: 97.56% | Best at iter 5000
  Iter 11000/50000 | Val Loss: 0.1088 | Val Acc: 97.44% | Best at iter 5000
  Iter 12000/50000 | Val Loss: 0.1102 | Val Acc: 97.74% | Best at iter 5000
  Iter 13000/50000 | Val Loss: 0.1410 | Val Acc: 97.44% | Best at iter 5000
  Iter 14000/50000 | Val Loss: 0.1154 | Val Acc: 97.94% | Best at iter 5000
  Iter 15000/50000 | Val Loss: 0.1252 | Val Acc: 97.60% | Best at iter 5000
  Iter 16000/50000 | Val Loss: 0.1270 | Val Acc: 97.76% | Best at iter 5000
  Iter 17000/50000 | Val Loss: 0.1826 | Val Acc: 96.98% | Best at iter 5000
  Iter 18000/50000 | Val Loss: 0.1464 | Val Acc: 97.64% | Best at iter 5000
  Iter 19000/50000 | Val Loss: 0.1402 | Val Acc: 97.82% | Best at iter 5000
  Iter 20000/50000 | Val Loss: 0.1455 | Val Acc: 97.86% | Best at iter 5000
  Iter 21000/50000 | Val Loss: 0.1497 | Val Acc: 97.70% | Best at iter 5000
  Iter 22000/50000 | Val Loss: 0.1369 | Val Acc: 97.78% | Best at iter 5000
  Iter 23000/50000 | Val Loss: 0.1582 | Val Acc: 97.62% | Best at iter 5000
  Iter 24000/50000 | Val Loss: 0.1423 | Val Acc: 97.94% | Best at iter 5000
  Iter 25000/50000 | Val Loss: 0.1502 | Val Acc: 97.78% | Best at iter 5000
  Iter 26000/50000 | Val Loss: 0.1528 | Val Acc: 97.78% | Best at iter 5000
  Iter 27000/50000 | Val Loss: 0.1756 | Val Acc: 97.80% | Best at iter 5000
  Iter 28000/50000 | Val Loss: 0.2371 | Val Acc: 97.18% | Best at iter 5000
  Iter 29000/50000 | Val Loss: 0.2170 | Val Acc: 97.52% | Best at iter 5000
  Iter 30000/50000 | Val Loss: 0.1770 | Val Acc: 97.70% | Best at iter 5000
  Iter 31000/50000 | Val Loss: 0.1907 | Val Acc: 97.82% | Best at iter 5000
  Iter 32000/50000 | Val Loss: 0.1696 | Val Acc: 97.98% | Best at iter 5000
  Iter 33000/50000 | Val Loss: 0.2142 | Val Acc: 97.50% | Best at iter 5000
  Iter 34000/50000 | Val Loss: 0.1795 | Val Acc: 97.86% | Best at iter 5000
  Iter 35000/50000 | Val Loss: 0.1735 | Val Acc: 98.06% | Best at iter 5000
  Iter 36000/50000 | Val Loss: 0.2108 | Val Acc: 97.78% | Best at iter 5000
  Iter 37000/50000 | Val Loss: 0.1864 | Val Acc: 97.86% | Best at iter 5000
  Iter 38000/50000 | Val Loss: 0.1962 | Val Acc: 97.86% | Best at iter 5000
  Iter 39000/50000 | Val Loss: 0.2018 | Val Acc: 97.98% | Best at iter 5000
  Iter 40000/50000 | Val Loss: 0.1998 | Val Acc: 97.92% | Best at iter 5000
  Iter 41000/50000 | Val Loss: 0.2191 | Val Acc: 97.84% | Best at iter 5000
  Iter 42000/50000 | Val Loss: 0.1827 | Val Acc: 97.94% | Best at iter 5000
  Iter 43000/50000 | Val Loss: 0.2481 | Val Acc: 97.66% | Best at iter 5000
  Iter 44000/50000 | Val Loss: 0.2300 | Val Acc: 97.74% | Best at iter 5000
  Iter 45000/50000 | Val Loss: 0.2201 | Val Acc: 97.88% | Best at iter 5000
  Iter 46000/50000 | Val Loss: 0.2092 | Val Acc: 97.48% | Best at iter 5000
  Iter 47000/50000 | Val Loss: 0.2034 | Val Acc: 97.74% | Best at iter 5000
  Iter 48000/50000 | Val Loss: 0.2083 | Val Acc: 97.86% | Best at iter 5000
  Iter 49000/50000 | Val Loss: 0.2297 | Val Acc: 97.70% | Best at iter 5000
  Iter 50000/50000 | Val Loss: 0.2554 | Val Acc: 97.80% | Best at iter 5000
[PRUNE] Pruning to 51.20%...
[RESET] Resetting to initial weights...

--- Round 4 (current: 51.20%) ---
[TRAIN] Training...
  Iter 1000/50000 | Val Loss: 0.1028 | Val Acc: 96.84% | Best at iter 1000
  Iter 2000/50000 | Val Loss: 0.0821 | Val Acc: 97.50% | Best at iter 2000
  Iter 3000/50000 | Val Loss: 0.0778 | Val Acc: 97.58% | Best at iter 3000
  Iter 4000/50000 | Val Loss: 0.0828 | Val Acc: 97.74% | Best at iter 3100
  Iter 5000/50000 | Val Loss: 0.0873 | Val Acc: 97.84% | Best at iter 3100
  Iter 6000/50000 | Val Loss: 0.0870 | Val Acc: 97.66% | Best at iter 3100
  Iter 7000/50000 | Val Loss: 0.0823 | Val Acc: 98.16% | Best at iter 3100
  Iter 8000/50000 | Val Loss: 0.0977 | Val Acc: 97.80% | Best at iter 3100
  Iter 9000/50000 | Val Loss: 0.1147 | Val Acc: 97.46% | Best at iter 3100
  Iter 10000/50000 | Val Loss: 0.1063 | Val Acc: 97.82% | Best at iter 3100
  Iter 11000/50000 | Val Loss: 0.1135 | Val Acc: 97.56% | Best at iter 3100
  Iter 12000/50000 | Val Loss: 0.1040 | Val Acc: 97.84% | Best at iter 3100
  Iter 13000/50000 | Val Loss: 0.1489 | Val Acc: 97.72% | Best at iter 3100
  Iter 14000/50000 | Val Loss: 0.0988 | Val Acc: 97.98% | Best at iter 3100
  Iter 15000/50000 | Val Loss: 0.1365 | Val Acc: 97.80% | Best at iter 3100
  Iter 16000/50000 | Val Loss: 0.1241 | Val Acc: 97.84% | Best at iter 3100
  Iter 17000/50000 | Val Loss: 0.0971 | Val Acc: 98.16% | Best at iter 3100
  Iter 18000/50000 | Val Loss: 0.1410 | Val Acc: 97.72% | Best at iter 3100
  Iter 19000/50000 | Val Loss: 0.1596 | Val Acc: 97.56% | Best at iter 3100
  Iter 20000/50000 | Val Loss: 0.1383 | Val Acc: 97.88% | Best at iter 3100
  Iter 21000/50000 | Val Loss: 0.1525 | Val Acc: 97.64% | Best at iter 3100
  Iter 22000/50000 | Val Loss: 0.1606 | Val Acc: 97.66% | Best at iter 3100
  Iter 23000/50000 | Val Loss: 0.1528 | Val Acc: 97.80% | Best at iter 3100
  Iter 24000/50000 | Val Loss: 0.1343 | Val Acc: 98.10% | Best at iter 3100
  Iter 25000/50000 | Val Loss: 0.1774 | Val Acc: 97.60% | Best at iter 3100
  Iter 26000/50000 | Val Loss: 0.1423 | Val Acc: 98.14% | Best at iter 3100
  Iter 27000/50000 | Val Loss: 0.1535 | Val Acc: 97.84% | Best at iter 3100
  Iter 28000/50000 | Val Loss: 0.1858 | Val Acc: 97.64% | Best at iter 3100
  Iter 29000/50000 | Val Loss: 0.1687 | Val Acc: 97.86% | Best at iter 3100
  Iter 30000/50000 | Val Loss: 0.1553 | Val Acc: 98.12% | Best at iter 3100
  Iter 31000/50000 | Val Loss: 0.1541 | Val Acc: 97.72% | Best at iter 3100
  Iter 32000/50000 | Val Loss: 0.1596 | Val Acc: 97.84% | Best at iter 3100
  Iter 33000/50000 | Val Loss: 0.1645 | Val Acc: 98.02% | Best at iter 3100
  Iter 34000/50000 | Val Loss: 0.1580 | Val Acc: 97.84% | Best at iter 3100
  Iter 35000/50000 | Val Loss: 0.1782 | Val Acc: 98.08% | Best at iter 3100
  Iter 36000/50000 | Val Loss: 0.1696 | Val Acc: 97.92% | Best at iter 3100
  Iter 37000/50000 | Val Loss: 0.1561 | Val Acc: 98.10% | Best at iter 3100
  Iter 38000/50000 | Val Loss: 0.1561 | Val Acc: 98.12% | Best at iter 3100
  Iter 39000/50000 | Val Loss: 0.1952 | Val Acc: 97.82% | Best at iter 3100
  Iter 40000/50000 | Val Loss: 0.1852 | Val Acc: 97.82% | Best at iter 3100
  Iter 41000/50000 | Val Loss: 0.1867 | Val Acc: 97.96% | Best at iter 3100
  Iter 42000/50000 | Val Loss: 0.2013 | Val Acc: 97.88% | Best at iter 3100
  Iter 43000/50000 | Val Loss: 0.1810 | Val Acc: 98.16% | Best at iter 3100
  Iter 44000/50000 | Val Loss: 0.1788 | Val Acc: 98.20% | Best at iter 3100
  Iter 45000/50000 | Val Loss: 0.1903 | Val Acc: 97.94% | Best at iter 3100
  Iter 46000/50000 | Val Loss: 0.1883 | Val Acc: 98.08% | Best at iter 3100
  Iter 47000/50000 | Val Loss: 0.2190 | Val Acc: 98.00% | Best at iter 3100
  Iter 48000/50000 | Val Loss: 0.2289 | Val Acc: 97.84% | Best at iter 3100
  Iter 49000/50000 | Val Loss: 0.1928 | Val Acc: 97.80% | Best at iter 3100
  Iter 50000/50000 | Val Loss: 0.2271 | Val Acc: 97.88% | Best at iter 3100
[PRUNE] Pruning to 40.96%...
[RESET] Resetting to initial weights...

--- Round 5 (current: 40.96%) ---
[TRAIN] Training...
  Iter 1000/50000 | Val Loss: 0.1124 | Val Acc: 96.62% | Best at iter 900
  Iter 2000/50000 | Val Loss: 0.0779 | Val Acc: 97.42% | Best at iter 1900
  Iter 3000/50000 | Val Loss: 0.1002 | Val Acc: 97.02% | Best at iter 1900
  Iter 4000/50000 | Val Loss: 0.0854 | Val Acc: 97.86% | Best at iter 3500
  Iter 5000/50000 | Val Loss: 0.0946 | Val Acc: 97.60% | Best at iter 4700
  Iter 6000/50000 | Val Loss: 0.0869 | Val Acc: 97.92% | Best at iter 5600
  Iter 7000/50000 | Val Loss: 0.1039 | Val Acc: 97.68% | Best at iter 5600
  Iter 8000/50000 | Val Loss: 0.1015 | Val Acc: 97.92% | Best at iter 5600
  Iter 9000/50000 | Val Loss: 0.0842 | Val Acc: 98.12% | Best at iter 5600
  Iter 10000/50000 | Val Loss: 0.1075 | Val Acc: 97.72% | Best at iter 5600
  Iter 11000/50000 | Val Loss: 0.1178 | Val Acc: 97.66% | Best at iter 5600
  Iter 12000/50000 | Val Loss: 0.1358 | Val Acc: 97.60% | Best at iter 5600
  Iter 13000/50000 | Val Loss: 0.1075 | Val Acc: 97.86% | Best at iter 5600
  Iter 14000/50000 | Val Loss: 0.1063 | Val Acc: 98.22% | Best at iter 5600
  Iter 15000/50000 | Val Loss: 0.1141 | Val Acc: 97.96% | Best at iter 5600
  Iter 16000/50000 | Val Loss: 0.1546 | Val Acc: 97.46% | Best at iter 5600
  Iter 17000/50000 | Val Loss: 0.1219 | Val Acc: 97.84% | Best at iter 5600
  Iter 18000/50000 | Val Loss: 0.1474 | Val Acc: 97.66% | Best at iter 5600
  Iter 19000/50000 | Val Loss: 0.1702 | Val Acc: 97.44% | Best at iter 5600
  Iter 20000/50000 | Val Loss: 0.1529 | Val Acc: 97.62% | Best at iter 5600
  Iter 21000/50000 | Val Loss: 0.1642 | Val Acc: 97.78% | Best at iter 5600
  Iter 22000/50000 | Val Loss: 0.1559 | Val Acc: 97.86% | Best at iter 5600
  Iter 23000/50000 | Val Loss: 0.1543 | Val Acc: 97.86% | Best at iter 5600
  Iter 24000/50000 | Val Loss: 0.1485 | Val Acc: 97.70% | Best at iter 5600
  Iter 25000/50000 | Val Loss: 0.1842 | Val Acc: 97.80% | Best at iter 5600
  Iter 26000/50000 | Val Loss: 0.1501 | Val Acc: 97.74% | Best at iter 5600
  Iter 27000/50000 | Val Loss: 0.1695 | Val Acc: 97.92% | Best at iter 5600
  Iter 28000/50000 | Val Loss: 0.1951 | Val Acc: 97.72% | Best at iter 5600
  Iter 29000/50000 | Val Loss: 0.1536 | Val Acc: 98.00% | Best at iter 5600
  Iter 30000/50000 | Val Loss: 0.1691 | Val Acc: 97.78% | Best at iter 5600
  Iter 31000/50000 | Val Loss: 0.1754 | Val Acc: 97.84% | Best at iter 5600
  Iter 32000/50000 | Val Loss: 0.1590 | Val Acc: 98.10% | Best at iter 5600
  Iter 33000/50000 | Val Loss: 0.2325 | Val Acc: 97.58% | Best at iter 5600
  Iter 34000/50000 | Val Loss: 0.1740 | Val Acc: 98.00% | Best at iter 5600
  Iter 35000/50000 | Val Loss: 0.1555 | Val Acc: 97.98% | Best at iter 5600
  Iter 36000/50000 | Val Loss: 0.1494 | Val Acc: 98.20% | Best at iter 5600
  Iter 37000/50000 | Val Loss: 0.1606 | Val Acc: 98.12% | Best at iter 5600
  Iter 38000/50000 | Val Loss: 0.1918 | Val Acc: 97.86% | Best at iter 5600
  Iter 39000/50000 | Val Loss: 0.1869 | Val Acc: 97.98% | Best at iter 5600
  Iter 40000/50000 | Val Loss: 0.2263 | Val Acc: 97.62% | Best at iter 5600
  Iter 41000/50000 | Val Loss: 0.1946 | Val Acc: 97.98% | Best at iter 5600
  Iter 42000/50000 | Val Loss: 0.1837 | Val Acc: 97.82% | Best at iter 5600
  Iter 43000/50000 | Val Loss: 0.2025 | Val Acc: 97.80% | Best at iter 5600
  Iter 44000/50000 | Val Loss: 0.2047 | Val Acc: 97.96% | Best at iter 5600
  Iter 45000/50000 | Val Loss: 0.2293 | Val Acc: 97.62% | Best at iter 5600
  Iter 46000/50000 | Val Loss: 0.1993 | Val Acc: 97.98% | Best at iter 5600
  Iter 47000/50000 | Val Loss: 0.2374 | Val Acc: 97.92% | Best at iter 5600
  Iter 48000/50000 | Val Loss: 0.1957 | Val Acc: 97.92% | Best at iter 5600
  Iter 49000/50000 | Val Loss: 0.2016 | Val Acc: 98.22% | Best at iter 5600
  Iter 50000/50000 | Val Loss: 0.2178 | Val Acc: 97.94% | Best at iter 5600
[PRUNE] Pruning to 32.77%...
[RESET] Resetting to initial weights...

--- Round 6 (current: 32.77%) ---
[TRAIN] Training...
  Iter 1000/50000 | Val Loss: 0.0909 | Val Acc: 97.18% | Best at iter 1000
  Iter 2000/50000 | Val Loss: 0.0800 | Val Acc: 97.62% | Best at iter 2000
  Iter 3000/50000 | Val Loss: 0.0788 | Val Acc: 97.60% | Best at iter 2900
  Iter 4000/50000 | Val Loss: 0.0861 | Val Acc: 97.68% | Best at iter 3100
  Iter 5000/50000 | Val Loss: 0.0812 | Val Acc: 97.94% | Best at iter 3100
  Iter 6000/50000 | Val Loss: 0.0893 | Val Acc: 97.84% | Best at iter 3100
  Iter 7000/50000 | Val Loss: 0.0988 | Val Acc: 97.74% | Best at iter 3100
  Iter 8000/50000 | Val Loss: 0.1086 | Val Acc: 97.70% | Best at iter 3100
  Iter 9000/50000 | Val Loss: 0.0923 | Val Acc: 98.06% | Best at iter 3100
  Iter 10000/50000 | Val Loss: 0.0993 | Val Acc: 97.84% | Best at iter 3100
  Iter 11000/50000 | Val Loss: 0.1062 | Val Acc: 97.98% | Best at iter 3100
  Iter 12000/50000 | Val Loss: 0.1090 | Val Acc: 97.82% | Best at iter 3100
  Iter 13000/50000 | Val Loss: 0.1179 | Val Acc: 97.68% | Best at iter 3100
  Iter 14000/50000 | Val Loss: 0.1136 | Val Acc: 98.00% | Best at iter 3100
  Iter 15000/50000 | Val Loss: 0.1162 | Val Acc: 98.04% | Best at iter 3100
  Iter 16000/50000 | Val Loss: 0.1174 | Val Acc: 97.94% | Best at iter 3100
  Iter 17000/50000 | Val Loss: 0.1607 | Val Acc: 97.60% | Best at iter 3100
  Iter 18000/50000 | Val Loss: 0.1140 | Val Acc: 98.20% | Best at iter 3100
  Iter 19000/50000 | Val Loss: 0.1275 | Val Acc: 97.96% | Best at iter 3100
  Iter 20000/50000 | Val Loss: 0.1356 | Val Acc: 97.74% | Best at iter 3100
  Iter 21000/50000 | Val Loss: 0.1269 | Val Acc: 97.72% | Best at iter 3100
  Iter 22000/50000 | Val Loss: 0.1353 | Val Acc: 98.02% | Best at iter 3100
  Iter 23000/50000 | Val Loss: 0.1762 | Val Acc: 97.74% | Best at iter 3100
  Iter 24000/50000 | Val Loss: 0.1441 | Val Acc: 97.98% | Best at iter 3100
  Iter 25000/50000 | Val Loss: 0.1368 | Val Acc: 98.08% | Best at iter 3100
  Iter 26000/50000 | Val Loss: 0.1561 | Val Acc: 97.74% | Best at iter 3100
  Iter 27000/50000 | Val Loss: 0.1417 | Val Acc: 98.00% | Best at iter 3100
  Iter 28000/50000 | Val Loss: 0.1569 | Val Acc: 98.10% | Best at iter 3100
  Iter 29000/50000 | Val Loss: 0.1542 | Val Acc: 97.94% | Best at iter 3100
  Iter 30000/50000 | Val Loss: 0.1375 | Val Acc: 98.06% | Best at iter 3100
  Iter 31000/50000 | Val Loss: 0.1558 | Val Acc: 97.90% | Best at iter 3100
  Iter 32000/50000 | Val Loss: 0.1665 | Val Acc: 97.88% | Best at iter 3100
  Iter 33000/50000 | Val Loss: 0.1599 | Val Acc: 97.88% | Best at iter 3100
  Iter 34000/50000 | Val Loss: 0.1636 | Val Acc: 97.88% | Best at iter 3100
  Iter 35000/50000 | Val Loss: 0.1545 | Val Acc: 97.94% | Best at iter 3100
  Iter 36000/50000 | Val Loss: 0.1617 | Val Acc: 98.10% | Best at iter 3100
  Iter 37000/50000 | Val Loss: 0.1872 | Val Acc: 98.08% | Best at iter 3100
  Iter 38000/50000 | Val Loss: 0.1816 | Val Acc: 98.06% | Best at iter 3100
  Iter 39000/50000 | Val Loss: 0.1802 | Val Acc: 98.04% | Best at iter 3100
  Iter 40000/50000 | Val Loss: 0.2510 | Val Acc: 97.46% | Best at iter 3100
  Iter 41000/50000 | Val Loss: 0.1723 | Val Acc: 98.02% | Best at iter 3100
  Iter 42000/50000 | Val Loss: 0.1821 | Val Acc: 97.96% | Best at iter 3100
  Iter 43000/50000 | Val Loss: 0.1803 | Val Acc: 98.14% | Best at iter 3100
  Iter 44000/50000 | Val Loss: 0.1927 | Val Acc: 97.98% | Best at iter 3100
  Iter 45000/50000 | Val Loss: 0.1907 | Val Acc: 98.06% | Best at iter 3100
  Iter 46000/50000 | Val Loss: 0.2152 | Val Acc: 97.94% | Best at iter 3100
  Iter 47000/50000 | Val Loss: 0.1971 | Val Acc: 98.00% | Best at iter 3100
  Iter 48000/50000 | Val Loss: 0.2267 | Val Acc: 97.74% | Best at iter 3100
  Iter 49000/50000 | Val Loss: 0.2204 | Val Acc: 97.94% | Best at iter 3100
  Iter 50000/50000 | Val Loss: 0.1981 | Val Acc: 98.02% | Best at iter 3100
[PRUNE] Pruning to 26.21%...
[RESET] Resetting to initial weights...

--- Round 7 (current: 26.21%) ---
[TRAIN] Training...
  Iter 1000/50000 | Val Loss: 0.0892 | Val Acc: 97.22% | Best at iter 900
  Iter 2000/50000 | Val Loss: 0.0840 | Val Acc: 97.58% | Best at iter 1900
  Iter 3000/50000 | Val Loss: 0.0698 | Val Acc: 97.94% | Best at iter 2800
  Iter 4000/50000 | Val Loss: 0.0819 | Val Acc: 97.74% | Best at iter 2800
  Iter 5000/50000 | Val Loss: 0.0946 | Val Acc: 97.50% | Best at iter 2800
  Iter 6000/50000 | Val Loss: 0.0931 | Val Acc: 97.84% | Best at iter 2800
  Iter 7000/50000 | Val Loss: 0.0888 | Val Acc: 97.94% | Best at iter 2800
  Iter 8000/50000 | Val Loss: 0.0991 | Val Acc: 98.10% | Best at iter 2800
  Iter 9000/50000 | Val Loss: 0.1080 | Val Acc: 97.56% | Best at iter 2800
  Iter 10000/50000 | Val Loss: 0.0954 | Val Acc: 97.80% | Best at iter 2800
  Iter 11000/50000 | Val Loss: 0.1341 | Val Acc: 97.80% | Best at iter 2800
  Iter 12000/50000 | Val Loss: 0.1216 | Val Acc: 97.54% | Best at iter 2800
  Iter 13000/50000 | Val Loss: 0.1161 | Val Acc: 97.78% | Best at iter 2800
  Iter 14000/50000 | Val Loss: 0.1067 | Val Acc: 98.10% | Best at iter 2800
  Iter 15000/50000 | Val Loss: 0.1238 | Val Acc: 98.00% | Best at iter 2800
  Iter 16000/50000 | Val Loss: 0.1399 | Val Acc: 97.62% | Best at iter 2800
  Iter 17000/50000 | Val Loss: 0.1417 | Val Acc: 97.86% | Best at iter 2800
  Iter 18000/50000 | Val Loss: 0.1313 | Val Acc: 97.90% | Best at iter 2800
  Iter 19000/50000 | Val Loss: 0.1382 | Val Acc: 97.76% | Best at iter 2800
  Iter 20000/50000 | Val Loss: 0.1444 | Val Acc: 97.88% | Best at iter 2800
  Iter 21000/50000 | Val Loss: 0.1442 | Val Acc: 98.04% | Best at iter 2800
  Iter 22000/50000 | Val Loss: 0.1384 | Val Acc: 98.06% | Best at iter 2800
  Iter 23000/50000 | Val Loss: 0.1491 | Val Acc: 97.82% | Best at iter 2800
  Iter 24000/50000 | Val Loss: 0.1347 | Val Acc: 98.14% | Best at iter 2800
  Iter 25000/50000 | Val Loss: 0.1514 | Val Acc: 97.88% | Best at iter 2800
  Iter 26000/50000 | Val Loss: 0.1608 | Val Acc: 97.96% | Best at iter 2800
  Iter 27000/50000 | Val Loss: 0.1540 | Val Acc: 98.16% | Best at iter 2800
  Iter 28000/50000 | Val Loss: 0.1886 | Val Acc: 97.84% | Best at iter 2800
  Iter 29000/50000 | Val Loss: 0.1723 | Val Acc: 97.90% | Best at iter 2800
  Iter 30000/50000 | Val Loss: 0.1672 | Val Acc: 98.14% | Best at iter 2800
  Iter 31000/50000 | Val Loss: 0.1772 | Val Acc: 98.04% | Best at iter 2800
  Iter 32000/50000 | Val Loss: 0.1707 | Val Acc: 97.96% | Best at iter 2800
  Iter 33000/50000 | Val Loss: 0.1707 | Val Acc: 97.74% | Best at iter 2800
  Iter 34000/50000 | Val Loss: 0.1719 | Val Acc: 97.92% | Best at iter 2800
  Iter 35000/50000 | Val Loss: 0.1742 | Val Acc: 98.02% | Best at iter 2800
  Iter 36000/50000 | Val Loss: 0.1869 | Val Acc: 98.04% | Best at iter 2800
  Iter 37000/50000 | Val Loss: 0.1814 | Val Acc: 98.14% | Best at iter 2800
  Iter 38000/50000 | Val Loss: 0.2255 | Val Acc: 97.62% | Best at iter 2800
  Iter 39000/50000 | Val Loss: 0.2018 | Val Acc: 98.02% | Best at iter 2800
  Iter 40000/50000 | Val Loss: 0.2414 | Val Acc: 97.64% | Best at iter 2800
  Iter 41000/50000 | Val Loss: 0.1946 | Val Acc: 97.90% | Best at iter 2800
  Iter 42000/50000 | Val Loss: 0.2064 | Val Acc: 98.04% | Best at iter 2800
  Iter 43000/50000 | Val Loss: 0.2138 | Val Acc: 98.04% | Best at iter 2800
  Iter 44000/50000 | Val Loss: 0.2169 | Val Acc: 97.86% | Best at iter 2800
  Iter 45000/50000 | Val Loss: 0.2214 | Val Acc: 97.72% | Best at iter 2800
  Iter 46000/50000 | Val Loss: 0.1917 | Val Acc: 98.16% | Best at iter 2800
  Iter 47000/50000 | Val Loss: 0.2052 | Val Acc: 97.80% | Best at iter 2800
  Iter 48000/50000 | Val Loss: 0.2424 | Val Acc: 98.02% | Best at iter 2800
  Iter 49000/50000 | Val Loss: 0.2250 | Val Acc: 98.00% | Best at iter 2800
  Iter 50000/50000 | Val Loss: 0.2365 | Val Acc: 97.84% | Best at iter 2800
[PRUNE] Pruning to 20.97%...
[RESET] Resetting to initial weights...

--- Round 8 (current: 20.97%) ---
[TRAIN] Training...
  Iter 1000/50000 | Val Loss: 0.0831 | Val Acc: 97.38% | Best at iter 1000
  Iter 2000/50000 | Val Loss: 0.0719 | Val Acc: 97.76% | Best at iter 1900
  Iter 3000/50000 | Val Loss: 0.0642 | Val Acc: 97.78% | Best at iter 2800
  Iter 4000/50000 | Val Loss: 0.0665 | Val Acc: 98.08% | Best at iter 2800
  Iter 5000/50000 | Val Loss: 0.0985 | Val Acc: 97.54% | Best at iter 4300
  Iter 6000/50000 | Val Loss: 0.0856 | Val Acc: 98.06% | Best at iter 4300
  Iter 7000/50000 | Val Loss: 0.0814 | Val Acc: 98.00% | Best at iter 4300
  Iter 8000/50000 | Val Loss: 0.0884 | Val Acc: 97.88% | Best at iter 4300
  Iter 9000/50000 | Val Loss: 0.1034 | Val Acc: 97.48% | Best at iter 4300
  Iter 10000/50000 | Val Loss: 0.0950 | Val Acc: 98.00% | Best at iter 4300
  Iter 11000/50000 | Val Loss: 0.1142 | Val Acc: 97.94% | Best at iter 4300
  Iter 12000/50000 | Val Loss: 0.0998 | Val Acc: 97.88% | Best at iter 4300
  Iter 13000/50000 | Val Loss: 0.1006 | Val Acc: 98.14% | Best at iter 4300
  Iter 14000/50000 | Val Loss: 0.1303 | Val Acc: 97.66% | Best at iter 4300
  Iter 15000/50000 | Val Loss: 0.1009 | Val Acc: 98.06% | Best at iter 4300
  Iter 16000/50000 | Val Loss: 0.1005 | Val Acc: 98.12% | Best at iter 4300
  Iter 17000/50000 | Val Loss: 0.1158 | Val Acc: 97.82% | Best at iter 4300
  Iter 18000/50000 | Val Loss: 0.1388 | Val Acc: 97.84% | Best at iter 4300
  Iter 19000/50000 | Val Loss: 0.1218 | Val Acc: 97.94% | Best at iter 4300
  Iter 20000/50000 | Val Loss: 0.1378 | Val Acc: 98.02% | Best at iter 4300
  Iter 21000/50000 | Val Loss: 0.1575 | Val Acc: 97.98% | Best at iter 4300
  Iter 22000/50000 | Val Loss: 0.1336 | Val Acc: 97.94% | Best at iter 4300
  Iter 23000/50000 | Val Loss: 0.1257 | Val Acc: 98.04% | Best at iter 4300
  Iter 24000/50000 | Val Loss: 0.1630 | Val Acc: 97.64% | Best at iter 4300
  Iter 25000/50000 | Val Loss: 0.1468 | Val Acc: 97.98% | Best at iter 4300
  Iter 26000/50000 | Val Loss: 0.1471 | Val Acc: 98.06% | Best at iter 4300
  Iter 27000/50000 | Val Loss: 0.1421 | Val Acc: 98.04% | Best at iter 4300
  Iter 28000/50000 | Val Loss: 0.1322 | Val Acc: 98.18% | Best at iter 4300
  Iter 29000/50000 | Val Loss: 0.1329 | Val Acc: 98.10% | Best at iter 4300
  Iter 30000/50000 | Val Loss: 0.1535 | Val Acc: 98.12% | Best at iter 4300
  Iter 31000/50000 | Val Loss: 0.1650 | Val Acc: 97.98% | Best at iter 4300
  Iter 32000/50000 | Val Loss: 0.1610 | Val Acc: 97.78% | Best at iter 4300
  Iter 33000/50000 | Val Loss: 0.1624 | Val Acc: 97.96% | Best at iter 4300
  Iter 34000/50000 | Val Loss: 0.1635 | Val Acc: 98.12% | Best at iter 4300
  Iter 35000/50000 | Val Loss: 0.1669 | Val Acc: 97.84% | Best at iter 4300
  Iter 36000/50000 | Val Loss: 0.1801 | Val Acc: 98.10% | Best at iter 4300
  Iter 37000/50000 | Val Loss: 0.1778 | Val Acc: 98.06% | Best at iter 4300
  Iter 38000/50000 | Val Loss: 0.1753 | Val Acc: 98.12% | Best at iter 4300
  Iter 39000/50000 | Val Loss: 0.2089 | Val Acc: 97.88% | Best at iter 4300
  Iter 40000/50000 | Val Loss: 0.1752 | Val Acc: 98.06% | Best at iter 4300
  Iter 41000/50000 | Val Loss: 0.1770 | Val Acc: 98.14% | Best at iter 4300
  Iter 42000/50000 | Val Loss: 0.1945 | Val Acc: 97.94% | Best at iter 4300
  Iter 43000/50000 | Val Loss: 0.1887 | Val Acc: 97.90% | Best at iter 4300
  Iter 44000/50000 | Val Loss: 0.1855 | Val Acc: 98.08% | Best at iter 4300
  Iter 45000/50000 | Val Loss: 0.1832 | Val Acc: 98.20% | Best at iter 4300
  Iter 46000/50000 | Val Loss: 0.1769 | Val Acc: 98.06% | Best at iter 4300
  Iter 47000/50000 | Val Loss: 0.2037 | Val Acc: 97.96% | Best at iter 4300
  Iter 48000/50000 | Val Loss: 0.2060 | Val Acc: 97.88% | Best at iter 4300
  Iter 49000/50000 | Val Loss: 0.2222 | Val Acc: 98.04% | Best at iter 4300
  Iter 50000/50000 | Val Loss: 0.2043 | Val Acc: 97.88% | Best at iter 4300
[PRUNE] Pruning to 16.78%...
[RESET] Resetting to initial weights...

--- Round 9 (current: 16.78%) ---
[TRAIN] Training...
  Iter 1000/50000 | Val Loss: 0.0743 | Val Acc: 97.90% | Best at iter 1000
  Iter 2000/50000 | Val Loss: 0.0688 | Val Acc: 97.80% | Best at iter 1800
  Iter 3000/50000 | Val Loss: 0.0630 | Val Acc: 98.02% | Best at iter 3000
  Iter 4000/50000 | Val Loss: 0.0871 | Val Acc: 97.60% | Best at iter 3000
  Iter 5000/50000 | Val Loss: 0.0752 | Val Acc: 98.08% | Best at iter 3000
  Iter 6000/50000 | Val Loss: 0.0764 | Val Acc: 98.08% | Best at iter 3000
  Iter 7000/50000 | Val Loss: 0.0827 | Val Acc: 98.12% | Best at iter 3000
  Iter 8000/50000 | Val Loss: 0.0854 | Val Acc: 98.06% | Best at iter 3000
  Iter 9000/50000 | Val Loss: 0.0955 | Val Acc: 97.90% | Best at iter 3000
  Iter 10000/50000 | Val Loss: 0.1001 | Val Acc: 97.98% | Best at iter 3000
  Iter 11000/50000 | Val Loss: 0.1252 | Val Acc: 97.76% | Best at iter 3000
  Iter 12000/50000 | Val Loss: 0.0990 | Val Acc: 98.08% | Best at iter 3000
  Iter 13000/50000 | Val Loss: 0.0916 | Val Acc: 98.16% | Best at iter 3000
  Iter 14000/50000 | Val Loss: 0.0993 | Val Acc: 98.18% | Best at iter 3000
  Iter 15000/50000 | Val Loss: 0.0998 | Val Acc: 98.14% | Best at iter 3000
  Iter 16000/50000 | Val Loss: 0.1004 | Val Acc: 98.14% | Best at iter 3000
  Iter 17000/50000 | Val Loss: 0.1027 | Val Acc: 98.12% | Best at iter 3000
  Iter 18000/50000 | Val Loss: 0.1064 | Val Acc: 98.10% | Best at iter 3000
  Iter 19000/50000 | Val Loss: 0.1065 | Val Acc: 98.08% | Best at iter 3000
  Iter 20000/50000 | Val Loss: 0.1135 | Val Acc: 98.20% | Best at iter 3000
  Iter 21000/50000 | Val Loss: 0.1011 | Val Acc: 98.08% | Best at iter 3000
  Iter 22000/50000 | Val Loss: 0.1026 | Val Acc: 98.26% | Best at iter 3000
  Iter 23000/50000 | Val Loss: 0.1369 | Val Acc: 97.90% | Best at iter 3000
  Iter 24000/50000 | Val Loss: 0.1276 | Val Acc: 97.78% | Best at iter 3000
  Iter 25000/50000 | Val Loss: 0.1186 | Val Acc: 97.94% | Best at iter 3000
  Iter 26000/50000 | Val Loss: 0.1192 | Val Acc: 98.24% | Best at iter 3000
  Iter 27000/50000 | Val Loss: 0.1273 | Val Acc: 97.98% | Best at iter 3000
  Iter 28000/50000 | Val Loss: 0.1292 | Val Acc: 97.84% | Best at iter 3000
  Iter 29000/50000 | Val Loss: 0.1274 | Val Acc: 98.12% | Best at iter 3000
  Iter 30000/50000 | Val Loss: 0.1394 | Val Acc: 98.04% | Best at iter 3000
  Iter 31000/50000 | Val Loss: 0.1593 | Val Acc: 97.82% | Best at iter 3000
  Iter 32000/50000 | Val Loss: 0.1514 | Val Acc: 97.90% | Best at iter 3000
  Iter 33000/50000 | Val Loss: 0.1411 | Val Acc: 98.04% | Best at iter 3000
  Iter 34000/50000 | Val Loss: 0.1456 | Val Acc: 97.88% | Best at iter 3000
  Iter 35000/50000 | Val Loss: 0.1537 | Val Acc: 97.72% | Best at iter 3000
  Iter 36000/50000 | Val Loss: 0.1590 | Val Acc: 98.06% | Best at iter 3000
  Iter 37000/50000 | Val Loss: 0.1824 | Val Acc: 97.80% | Best at iter 3000
  Iter 38000/50000 | Val Loss: 0.1533 | Val Acc: 98.08% | Best at iter 3000
  Iter 39000/50000 | Val Loss: 0.1720 | Val Acc: 97.44% | Best at iter 3000
  Iter 40000/50000 | Val Loss: 0.1349 | Val Acc: 98.12% | Best at iter 3000
  Iter 41000/50000 | Val Loss: 0.1567 | Val Acc: 98.02% | Best at iter 3000
  Iter 42000/50000 | Val Loss: 0.1641 | Val Acc: 98.06% | Best at iter 3000
  Iter 43000/50000 | Val Loss: 0.1676 | Val Acc: 97.98% | Best at iter 3000
  Iter 44000/50000 | Val Loss: 0.1703 | Val Acc: 98.00% | Best at iter 3000
  Iter 45000/50000 | Val Loss: 0.1523 | Val Acc: 98.40% | Best at iter 3000
  Iter 46000/50000 | Val Loss: 0.1645 | Val Acc: 98.20% | Best at iter 3000
  Iter 47000/50000 | Val Loss: 0.1809 | Val Acc: 98.02% | Best at iter 3000
  Iter 48000/50000 | Val Loss: 0.1747 | Val Acc: 98.06% | Best at iter 3000
  Iter 49000/50000 | Val Loss: 0.1873 | Val Acc: 98.02% | Best at iter 3000
  Iter 50000/50000 | Val Loss: 0.1515 | Val Acc: 98.18% | Best at iter 3000
[PRUNE] Pruning to 13.42%...
[RESET] Resetting to initial weights...

--- Round 10 (current: 13.42%) ---
[TRAIN] Training...
  Iter 1000/50000 | Val Loss: 0.0742 | Val Acc: 97.60% | Best at iter 1000
  Iter 2000/50000 | Val Loss: 0.0616 | Val Acc: 97.66% | Best at iter 2000
  Iter 3000/50000 | Val Loss: 0.0607 | Val Acc: 98.04% | Best at iter 2200
  Iter 4000/50000 | Val Loss: 0.0577 | Val Acc: 98.22% | Best at iter 2200
  Iter 5000/50000 | Val Loss: 0.0688 | Val Acc: 98.08% | Best at iter 2200
  Iter 6000/50000 | Val Loss: 0.0704 | Val Acc: 98.18% | Best at iter 2200
  Iter 7000/50000 | Val Loss: 0.0805 | Val Acc: 98.18% | Best at iter 2200
  Iter 8000/50000 | Val Loss: 0.0798 | Val Acc: 98.08% | Best at iter 2200
  Iter 9000/50000 | Val Loss: 0.0822 | Val Acc: 98.12% | Best at iter 2200
  Iter 10000/50000 | Val Loss: 0.0870 | Val Acc: 97.98% | Best at iter 2200
  Iter 11000/50000 | Val Loss: 0.0935 | Val Acc: 97.96% | Best at iter 2200
  Iter 12000/50000 | Val Loss: 0.0940 | Val Acc: 98.14% | Best at iter 2200
  Iter 13000/50000 | Val Loss: 0.0988 | Val Acc: 98.12% | Best at iter 2200
  Iter 14000/50000 | Val Loss: 0.1009 | Val Acc: 98.26% | Best at iter 2200
  Iter 15000/50000 | Val Loss: 0.1050 | Val Acc: 98.12% | Best at iter 2200
  Iter 16000/50000 | Val Loss: 0.1254 | Val Acc: 98.06% | Best at iter 2200
  Iter 17000/50000 | Val Loss: 0.1037 | Val Acc: 98.18% | Best at iter 2200
  Iter 18000/50000 | Val Loss: 0.1131 | Val Acc: 98.06% | Best at iter 2200
  Iter 19000/50000 | Val Loss: 0.1123 | Val Acc: 98.06% | Best at iter 2200
  Iter 20000/50000 | Val Loss: 0.1163 | Val Acc: 98.30% | Best at iter 2200
  Iter 21000/50000 | Val Loss: 0.1312 | Val Acc: 98.12% | Best at iter 2200
  Iter 22000/50000 | Val Loss: 0.1240 | Val Acc: 98.24% | Best at iter 2200
  Iter 23000/50000 | Val Loss: 0.1407 | Val Acc: 98.04% | Best at iter 2200
  Iter 24000/50000 | Val Loss: 0.1355 | Val Acc: 98.08% | Best at iter 2200
  Iter 25000/50000 | Val Loss: 0.1424 | Val Acc: 97.96% | Best at iter 2200
  Iter 26000/50000 | Val Loss: 0.1313 | Val Acc: 98.10% | Best at iter 2200
  Iter 27000/50000 | Val Loss: 0.1518 | Val Acc: 98.00% | Best at iter 2200
  Iter 28000/50000 | Val Loss: 0.1492 | Val Acc: 98.10% | Best at iter 2200
  Iter 29000/50000 | Val Loss: 0.1461 | Val Acc: 98.26% | Best at iter 2200
  Iter 30000/50000 | Val Loss: 0.1457 | Val Acc: 98.20% | Best at iter 2200
  Iter 31000/50000 | Val Loss: 0.1409 | Val Acc: 98.30% | Best at iter 2200
  Iter 32000/50000 | Val Loss: 0.1408 | Val Acc: 98.32% | Best at iter 2200
  Iter 33000/50000 | Val Loss: 0.1402 | Val Acc: 98.28% | Best at iter 2200
  Iter 34000/50000 | Val Loss: 0.1404 | Val Acc: 98.28% | Best at iter 2200
  Iter 35000/50000 | Val Loss: 0.1405 | Val Acc: 98.22% | Best at iter 2200
  Iter 36000/50000 | Val Loss: 0.1404 | Val Acc: 98.22% | Best at iter 2200
  Iter 37000/50000 | Val Loss: 0.1416 | Val Acc: 98.22% | Best at iter 2200
  Iter 38000/50000 | Val Loss: 0.1418 | Val Acc: 98.28% | Best at iter 2200
  Iter 39000/50000 | Val Loss: 0.1445 | Val Acc: 98.30% | Best at iter 2200
  Iter 40000/50000 | Val Loss: 0.1460 | Val Acc: 98.28% | Best at iter 2200
  Iter 41000/50000 | Val Loss: 0.1482 | Val Acc: 98.32% | Best at iter 2200
  Iter 42000/50000 | Val Loss: 0.1497 | Val Acc: 98.34% | Best at iter 2200
  Iter 43000/50000 | Val Loss: 0.1530 | Val Acc: 98.32% | Best at iter 2200
  Iter 44000/50000 | Val Loss: 0.1550 | Val Acc: 98.36% | Best at iter 2200
  Iter 45000/50000 | Val Loss: 0.1572 | Val Acc: 98.36% | Best at iter 2200
  Iter 46000/50000 | Val Loss: 0.1726 | Val Acc: 98.28% | Best at iter 2200
  Iter 47000/50000 | Val Loss: 0.2157 | Val Acc: 97.94% | Best at iter 2200
  Iter 48000/50000 | Val Loss: 0.1973 | Val Acc: 98.04% | Best at iter 2200
  Iter 49000/50000 | Val Loss: 0.1809 | Val Acc: 98.02% | Best at iter 2200
  Iter 50000/50000 | Val Loss: 0.1811 | Val Acc: 98.04% | Best at iter 2200
[PRUNE] Pruning to 10.74%...
[RESET] Resetting to initial weights...

--- Round 11 (current: 10.74%) ---
[TRAIN] Training...
  Iter 1000/50000 | Val Loss: 0.0731 | Val Acc: 97.74% | Best at iter 1000
  Iter 2000/50000 | Val Loss: 0.0651 | Val Acc: 97.90% | Best at iter 1800
  Iter 3000/50000 | Val Loss: 0.0626 | Val Acc: 97.78% | Best at iter 2800
  Iter 4000/50000 | Val Loss: 0.0634 | Val Acc: 98.10% | Best at iter 2800
  Iter 5000/50000 | Val Loss: 0.0686 | Val Acc: 98.14% | Best at iter 2800
  Iter 6000/50000 | Val Loss: 0.0804 | Val Acc: 97.98% | Best at iter 2800
  Iter 7000/50000 | Val Loss: 0.0823 | Val Acc: 97.92% | Best at iter 2800
  Iter 8000/50000 | Val Loss: 0.0822 | Val Acc: 97.90% | Best at iter 2800
  Iter 9000/50000 | Val Loss: 0.0784 | Val Acc: 98.12% | Best at iter 2800
  Iter 10000/50000 | Val Loss: 0.1171 | Val Acc: 97.56% | Best at iter 2800
  Iter 11000/50000 | Val Loss: 0.1056 | Val Acc: 97.88% | Best at iter 2800
  Iter 12000/50000 | Val Loss: 0.1016 | Val Acc: 97.92% | Best at iter 2800
  Iter 13000/50000 | Val Loss: 0.0964 | Val Acc: 98.06% | Best at iter 2800
  Iter 14000/50000 | Val Loss: 0.1116 | Val Acc: 98.02% | Best at iter 2800
  Iter 15000/50000 | Val Loss: 0.1202 | Val Acc: 97.92% | Best at iter 2800
  Iter 16000/50000 | Val Loss: 0.1181 | Val Acc: 97.84% | Best at iter 2800
  Iter 17000/50000 | Val Loss: 0.1258 | Val Acc: 97.76% | Best at iter 2800
  Iter 18000/50000 | Val Loss: 0.1431 | Val Acc: 97.82% | Best at iter 2800
  Iter 19000/50000 | Val Loss: 0.1358 | Val Acc: 97.84% | Best at iter 2800
  Iter 20000/50000 | Val Loss: 0.1308 | Val Acc: 97.96% | Best at iter 2800
  Iter 21000/50000 | Val Loss: 0.1609 | Val Acc: 97.58% | Best at iter 2800
  Iter 22000/50000 | Val Loss: 0.1345 | Val Acc: 97.82% | Best at iter 2800
  Iter 23000/50000 | Val Loss: 0.1257 | Val Acc: 98.18% | Best at iter 2800
  Iter 24000/50000 | Val Loss: 0.1378 | Val Acc: 97.98% | Best at iter 2800
  Iter 25000/50000 | Val Loss: 0.1487 | Val Acc: 97.84% | Best at iter 2800
  Iter 26000/50000 | Val Loss: 0.1381 | Val Acc: 98.04% | Best at iter 2800
  Iter 27000/50000 | Val Loss: 0.1421 | Val Acc: 97.94% | Best at iter 2800
  Iter 28000/50000 | Val Loss: 0.1378 | Val Acc: 97.96% | Best at iter 2800
  Iter 29000/50000 | Val Loss: 0.1358 | Val Acc: 98.12% | Best at iter 2800
  Iter 30000/50000 | Val Loss: 0.1347 | Val Acc: 98.14% | Best at iter 2800
  Iter 31000/50000 | Val Loss: 0.1344 | Val Acc: 98.16% | Best at iter 2800
  Iter 32000/50000 | Val Loss: 0.1338 | Val Acc: 98.18% | Best at iter 2800
  Iter 33000/50000 | Val Loss: 0.1344 | Val Acc: 98.20% | Best at iter 2800
  Iter 34000/50000 | Val Loss: 0.1347 | Val Acc: 98.24% | Best at iter 2800
  Iter 35000/50000 | Val Loss: 0.1357 | Val Acc: 98.24% | Best at iter 2800
  Iter 36000/50000 | Val Loss: 0.1357 | Val Acc: 98.28% | Best at iter 2800
  Iter 37000/50000 | Val Loss: 0.1384 | Val Acc: 98.28% | Best at iter 2800
  Iter 38000/50000 | Val Loss: 0.1397 | Val Acc: 98.28% | Best at iter 2800
  Iter 39000/50000 | Val Loss: 0.1417 | Val Acc: 98.22% | Best at iter 2800
  Iter 40000/50000 | Val Loss: 0.1449 | Val Acc: 98.30% | Best at iter 2800
  Iter 41000/50000 | Val Loss: 0.1475 | Val Acc: 98.26% | Best at iter 2800
  Iter 42000/50000 | Val Loss: 0.1966 | Val Acc: 98.06% | Best at iter 2800
  Iter 43000/50000 | Val Loss: 0.1827 | Val Acc: 98.06% | Best at iter 2800
  Iter 44000/50000 | Val Loss: 0.1732 | Val Acc: 98.08% | Best at iter 2800
  Iter 45000/50000 | Val Loss: 0.1686 | Val Acc: 98.08% | Best at iter 2800
  Iter 46000/50000 | Val Loss: 0.1644 | Val Acc: 98.12% | Best at iter 2800
  Iter 47000/50000 | Val Loss: 0.1633 | Val Acc: 98.14% | Best at iter 2800
  Iter 48000/50000 | Val Loss: 0.1621 | Val Acc: 98.16% | Best at iter 2800
  Iter 49000/50000 | Val Loss: 0.1617 | Val Acc: 98.16% | Best at iter 2800
  Iter 50000/50000 | Val Loss: 0.1609 | Val Acc: 98.18% | Best at iter 2800
[PRUNE] Pruning to 8.59%...
[RESET] Resetting to initial weights...

--- Round 12 (current: 8.59%) ---
[TRAIN] Training...
  Iter 1000/50000 | Val Loss: 0.0804 | Val Acc: 97.56% | Best at iter 1000
  Iter 2000/50000 | Val Loss: 0.0635 | Val Acc: 97.88% | Best at iter 2000
  Iter 3000/50000 | Val Loss: 0.0647 | Val Acc: 97.84% | Best at iter 2700
  Iter 4000/50000 | Val Loss: 0.0657 | Val Acc: 98.00% | Best at iter 2700
  Iter 5000/50000 | Val Loss: 0.0768 | Val Acc: 97.96% | Best at iter 2700
  Iter 6000/50000 | Val Loss: 0.0760 | Val Acc: 97.90% | Best at iter 2700
  Iter 7000/50000 | Val Loss: 0.0827 | Val Acc: 97.96% | Best at iter 2700
  Iter 8000/50000 | Val Loss: 0.0982 | Val Acc: 97.56% | Best at iter 2700
  Iter 9000/50000 | Val Loss: 0.0829 | Val Acc: 97.92% | Best at iter 2700
  Iter 10000/50000 | Val Loss: 0.0873 | Val Acc: 98.06% | Best at iter 2700
  Iter 11000/50000 | Val Loss: 0.0890 | Val Acc: 98.02% | Best at iter 2700
  Iter 12000/50000 | Val Loss: 0.0953 | Val Acc: 98.04% | Best at iter 2700
  Iter 13000/50000 | Val Loss: 0.1166 | Val Acc: 97.90% | Best at iter 2700
  Iter 14000/50000 | Val Loss: 0.1031 | Val Acc: 98.24% | Best at iter 2700
  Iter 15000/50000 | Val Loss: 0.1002 | Val Acc: 98.14% | Best at iter 2700
  Iter 16000/50000 | Val Loss: 0.1020 | Val Acc: 98.06% | Best at iter 2700
  Iter 17000/50000 | Val Loss: 0.1371 | Val Acc: 97.68% | Best at iter 2700
  Iter 18000/50000 | Val Loss: 0.1442 | Val Acc: 97.62% | Best at iter 2700
  Iter 19000/50000 | Val Loss: 0.1192 | Val Acc: 97.90% | Best at iter 2700
  Iter 20000/50000 | Val Loss: 0.1160 | Val Acc: 97.98% | Best at iter 2700
  Iter 21000/50000 | Val Loss: 0.1166 | Val Acc: 98.06% | Best at iter 2700
  Iter 22000/50000 | Val Loss: 0.1177 | Val Acc: 97.96% | Best at iter 2700
  Iter 23000/50000 | Val Loss: 0.1201 | Val Acc: 98.02% | Best at iter 2700
  Iter 24000/50000 | Val Loss: 0.1228 | Val Acc: 98.02% | Best at iter 2700
  Iter 25000/50000 | Val Loss: 0.1260 | Val Acc: 98.08% | Best at iter 2700
  Iter 26000/50000 | Val Loss: 0.1290 | Val Acc: 97.98% | Best at iter 2700
  Iter 27000/50000 | Val Loss: 0.1327 | Val Acc: 98.06% | Best at iter 2700
  Iter 28000/50000 | Val Loss: 0.1628 | Val Acc: 97.68% | Best at iter 2700
  Iter 29000/50000 | Val Loss: 0.1553 | Val Acc: 97.96% | Best at iter 2700
  Iter 30000/50000 | Val Loss: 0.1457 | Val Acc: 98.12% | Best at iter 2700
  Iter 31000/50000 | Val Loss: 0.1410 | Val Acc: 98.14% | Best at iter 2700
  Iter 32000/50000 | Val Loss: 0.1423 | Val Acc: 98.14% | Best at iter 2700
  Iter 33000/50000 | Val Loss: 0.1415 | Val Acc: 98.10% | Best at iter 2700
  Iter 34000/50000 | Val Loss: 0.1420 | Val Acc: 98.12% | Best at iter 2700
  Iter 35000/50000 | Val Loss: 0.1442 | Val Acc: 98.10% | Best at iter 2700
  Iter 36000/50000 | Val Loss: 0.1442 | Val Acc: 98.12% | Best at iter 2700
  Iter 37000/50000 | Val Loss: 0.1448 | Val Acc: 98.12% | Best at iter 2700
  Iter 38000/50000 | Val Loss: 0.1483 | Val Acc: 98.14% | Best at iter 2700
  Iter 39000/50000 | Val Loss: 0.1492 | Val Acc: 98.16% | Best at iter 2700
  Iter 40000/50000 | Val Loss: 0.1518 | Val Acc: 98.14% | Best at iter 2700
  Iter 41000/50000 | Val Loss: 0.1567 | Val Acc: 98.10% | Best at iter 2700
  Iter 42000/50000 | Val Loss: 0.2551 | Val Acc: 97.42% | Best at iter 2700
  Iter 43000/50000 | Val Loss: 0.1742 | Val Acc: 97.90% | Best at iter 2700
  Iter 44000/50000 | Val Loss: 0.1796 | Val Acc: 97.96% | Best at iter 2700
  Iter 45000/50000 | Val Loss: 0.1645 | Val Acc: 97.98% | Best at iter 2700
  Iter 46000/50000 | Val Loss: 0.1662 | Val Acc: 98.04% | Best at iter 2700
  Iter 47000/50000 | Val Loss: 0.1653 | Val Acc: 98.06% | Best at iter 2700
  Iter 48000/50000 | Val Loss: 0.1658 | Val Acc: 98.10% | Best at iter 2700
  Iter 49000/50000 | Val Loss: 0.1647 | Val Acc: 98.12% | Best at iter 2700
  Iter 50000/50000 | Val Loss: 0.1641 | Val Acc: 98.14% | Best at iter 2700
[PRUNE] Pruning to 6.90%...
[RESET] Resetting to initial weights...

==================================================
FINAL TRAINING at 6.90%
==================================================
  Iter 1000/50000 | Val Loss: 0.0831 | Val Acc: 97.36% | Best at iter 1000
  Iter 2000/50000 | Val Loss: 0.0649 | Val Acc: 97.84% | Best at iter 2000
  Iter 3000/50000 | Val Loss: 0.0665 | Val Acc: 97.76% | Best at iter 2400
  Iter 4000/50000 | Val Loss: 0.0668 | Val Acc: 97.98% | Best at iter 3800
  Iter 5000/50000 | Val Loss: 0.0721 | Val Acc: 98.08% | Best at iter 3800
  Iter 6000/50000 | Val Loss: 0.0755 | Val Acc: 98.00% | Best at iter 3800
  Iter 7000/50000 | Val Loss: 0.0839 | Val Acc: 97.90% | Best at iter 3800
  Iter 8000/50000 | Val Loss: 0.0790 | Val Acc: 97.96% | Best at iter 3800
  Iter 9000/50000 | Val Loss: 0.0902 | Val Acc: 98.04% | Best at iter 3800
  Iter 10000/50000 | Val Loss: 0.0938 | Val Acc: 98.06% | Best at iter 3800
  Iter 11000/50000 | Val Loss: 0.0943 | Val Acc: 98.02% | Best at iter 3800
  Iter 12000/50000 | Val Loss: 0.1311 | Val Acc: 97.54% | Best at iter 3800
  Iter 13000/50000 | Val Loss: 0.1136 | Val Acc: 97.84% | Best at iter 3800
  Iter 14000/50000 | Val Loss: 0.1023 | Val Acc: 97.98% | Best at iter 3800
  Iter 15000/50000 | Val Loss: 0.1047 | Val Acc: 98.00% | Best at iter 3800
  Iter 16000/50000 | Val Loss: 0.1066 | Val Acc: 98.02% | Best at iter 3800
  Iter 17000/50000 | Val Loss: 0.1099 | Val Acc: 97.96% | Best at iter 3800
  Iter 18000/50000 | Val Loss: 0.1134 | Val Acc: 97.96% | Best at iter 3800
  Iter 19000/50000 | Val Loss: 0.1161 | Val Acc: 97.92% | Best at iter 3800
  Iter 20000/50000 | Val Loss: 0.1211 | Val Acc: 97.92% | Best at iter 3800
  Iter 21000/50000 | Val Loss: 0.1551 | Val Acc: 97.56% | Best at iter 3800
  Iter 22000/50000 | Val Loss: 0.1559 | Val Acc: 97.84% | Best at iter 3800
  Iter 23000/50000 | Val Loss: 0.1365 | Val Acc: 97.96% | Best at iter 3800
  Iter 24000/50000 | Val Loss: 0.1330 | Val Acc: 98.00% | Best at iter 3800
  Iter 25000/50000 | Val Loss: 0.1346 | Val Acc: 98.00% | Best at iter 3800
  Iter 26000/50000 | Val Loss: 0.1352 | Val Acc: 97.98% | Best at iter 3800
  Iter 27000/50000 | Val Loss: 0.1363 | Val Acc: 98.06% | Best at iter 3800
  Iter 28000/50000 | Val Loss: 0.1366 | Val Acc: 98.06% | Best at iter 3800
  Iter 29000/50000 | Val Loss: 0.1402 | Val Acc: 98.12% | Best at iter 3800
  Iter 30000/50000 | Val Loss: 0.1402 | Val Acc: 98.02% | Best at iter 3800
  Iter 31000/50000 | Val Loss: 0.1428 | Val Acc: 98.00% | Best at iter 3800
  Iter 32000/50000 | Val Loss: 0.2707 | Val Acc: 96.62% | Best at iter 3800
  Iter 33000/50000 | Val Loss: 0.1615 | Val Acc: 97.88% | Best at iter 3800
  Iter 34000/50000 | Val Loss: 0.1608 | Val Acc: 97.90% | Best at iter 3800
  Iter 35000/50000 | Val Loss: 0.1554 | Val Acc: 98.06% | Best at iter 3800
  Iter 36000/50000 | Val Loss: 0.1511 | Val Acc: 98.14% | Best at iter 3800
  Iter 37000/50000 | Val Loss: 0.1505 | Val Acc: 98.10% | Best at iter 3800
  Iter 38000/50000 | Val Loss: 0.1499 | Val Acc: 98.10% | Best at iter 3800
  Iter 39000/50000 | Val Loss: 0.1510 | Val Acc: 98.10% | Best at iter 3800
  Iter 40000/50000 | Val Loss: 0.1496 | Val Acc: 98.08% | Best at iter 3800
  Iter 41000/50000 | Val Loss: 0.1527 | Val Acc: 98.18% | Best at iter 3800
  Iter 42000/50000 | Val Loss: 0.1515 | Val Acc: 98.16% | Best at iter 3800
  Iter 43000/50000 | Val Loss: 0.1537 | Val Acc: 98.14% | Best at iter 3800
  Iter 44000/50000 | Val Loss: 0.1567 | Val Acc: 98.12% | Best at iter 3800
  Iter 45000/50000 | Val Loss: 0.1593 | Val Acc: 98.14% | Best at iter 3800
  Iter 46000/50000 | Val Loss: 0.1592 | Val Acc: 98.20% | Best at iter 3800
  Iter 47000/50000 | Val Loss: 0.1653 | Val Acc: 98.12% | Best at iter 3800
  Iter 48000/50000 | Val Loss: 0.1843 | Val Acc: 97.84% | Best at iter 3800
  Iter 49000/50000 | Val Loss: 0.1781 | Val Acc: 97.90% | Best at iter 3800
  Iter 50000/50000 | Val Loss: 0.1745 | Val Acc: 98.00% | Best at iter 3800

──────────────────────────────────────────────────────────────────────
Early stop: iteration 3800
Val loss at early stop: 0.0637
Test accuracy at early stop: 97.86%
──────────────────────────────────────────────────────────────────────

======================================================================
Iterative Winning Ticket
Sparsity: 6.9% | Trial: 3/3
======================================================================
[1] Saving initial weights...

--- Round 1 (current: 100.00%) ---
[TRAIN] Training...
  Iter 1000/50000 | Val Loss: 0.1379 | Val Acc: 95.86% | Best at iter 700
  Iter 2000/50000 | Val Loss: 0.0979 | Val Acc: 96.98% | Best at iter 1400
  Iter 3000/50000 | Val Loss: 0.0946 | Val Acc: 97.22% | Best at iter 2900
  Iter 4000/50000 | Val Loss: 0.0904 | Val Acc: 97.30% | Best at iter 3300
  Iter 5000/50000 | Val Loss: 0.0981 | Val Acc: 97.40% | Best at iter 4300
  Iter 6000/50000 | Val Loss: 0.0911 | Val Acc: 97.68% | Best at iter 4300
  Iter 7000/50000 | Val Loss: 0.1221 | Val Acc: 97.12% | Best at iter 4300
  Iter 8000/50000 | Val Loss: 0.1134 | Val Acc: 97.38% | Best at iter 4300
  Iter 9000/50000 | Val Loss: 0.1112 | Val Acc: 97.46% | Best at iter 4300
  Iter 10000/50000 | Val Loss: 0.1248 | Val Acc: 96.84% | Best at iter 4300
  Iter 11000/50000 | Val Loss: 0.1233 | Val Acc: 97.34% | Best at iter 4300
  Iter 12000/50000 | Val Loss: 0.1099 | Val Acc: 97.64% | Best at iter 4300
  Iter 13000/50000 | Val Loss: 0.1147 | Val Acc: 97.54% | Best at iter 4300
  Iter 14000/50000 | Val Loss: 0.1281 | Val Acc: 97.76% | Best at iter 4300
  Iter 15000/50000 | Val Loss: 0.1378 | Val Acc: 97.56% | Best at iter 4300
  Iter 16000/50000 | Val Loss: 0.1251 | Val Acc: 97.82% | Best at iter 4300
  Iter 17000/50000 | Val Loss: 0.1316 | Val Acc: 97.74% | Best at iter 4300
  Iter 18000/50000 | Val Loss: 0.1460 | Val Acc: 97.62% | Best at iter 4300
  Iter 19000/50000 | Val Loss: 0.1468 | Val Acc: 97.74% | Best at iter 4300
  Iter 20000/50000 | Val Loss: 0.1182 | Val Acc: 97.90% | Best at iter 4300
  Iter 21000/50000 | Val Loss: 0.1622 | Val Acc: 97.44% | Best at iter 4300
  Iter 22000/50000 | Val Loss: 0.1683 | Val Acc: 97.40% | Best at iter 4300
  Iter 23000/50000 | Val Loss: 0.1966 | Val Acc: 97.34% | Best at iter 4300
  Iter 24000/50000 | Val Loss: 0.1716 | Val Acc: 97.84% | Best at iter 4300
  Iter 25000/50000 | Val Loss: 0.1498 | Val Acc: 97.68% | Best at iter 4300
  Iter 26000/50000 | Val Loss: 0.1826 | Val Acc: 97.44% | Best at iter 4300
  Iter 27000/50000 | Val Loss: 0.1760 | Val Acc: 97.60% | Best at iter 4300
  Iter 28000/50000 | Val Loss: 0.1887 | Val Acc: 97.66% | Best at iter 4300
  Iter 29000/50000 | Val Loss: 0.1692 | Val Acc: 97.82% | Best at iter 4300
  Iter 30000/50000 | Val Loss: 0.2032 | Val Acc: 97.44% | Best at iter 4300
  Iter 31000/50000 | Val Loss: 0.1778 | Val Acc: 97.74% | Best at iter 4300
  Iter 32000/50000 | Val Loss: 0.1666 | Val Acc: 97.74% | Best at iter 4300
  Iter 33000/50000 | Val Loss: 0.1731 | Val Acc: 97.86% | Best at iter 4300
  Iter 34000/50000 | Val Loss: 0.1875 | Val Acc: 97.66% | Best at iter 4300
  Iter 35000/50000 | Val Loss: 0.2090 | Val Acc: 97.58% | Best at iter 4300
  Iter 36000/50000 | Val Loss: 0.2295 | Val Acc: 97.70% | Best at iter 4300
  Iter 37000/50000 | Val Loss: 0.2334 | Val Acc: 97.42% | Best at iter 4300
  Iter 38000/50000 | Val Loss: 0.2156 | Val Acc: 97.86% | Best at iter 4300
  Iter 39000/50000 | Val Loss: 0.2178 | Val Acc: 97.72% | Best at iter 4300
  Iter 40000/50000 | Val Loss: 0.2302 | Val Acc: 97.70% | Best at iter 4300
  Iter 41000/50000 | Val Loss: 0.2169 | Val Acc: 97.64% | Best at iter 4300
  Iter 42000/50000 | Val Loss: 0.2590 | Val Acc: 97.54% | Best at iter 4300
  Iter 43000/50000 | Val Loss: 0.2546 | Val Acc: 97.74% | Best at iter 4300
  Iter 44000/50000 | Val Loss: 0.2112 | Val Acc: 97.86% | Best at iter 4300
  Iter 45000/50000 | Val Loss: 0.2221 | Val Acc: 98.00% | Best at iter 4300
  Iter 46000/50000 | Val Loss: 0.2289 | Val Acc: 98.12% | Best at iter 4300
  Iter 47000/50000 | Val Loss: 0.2453 | Val Acc: 97.86% | Best at iter 4300
  Iter 48000/50000 | Val Loss: 0.2377 | Val Acc: 97.72% | Best at iter 4300
  Iter 49000/50000 | Val Loss: 0.2330 | Val Acc: 97.94% | Best at iter 4300
  Iter 50000/50000 | Val Loss: 0.2502 | Val Acc: 98.04% | Best at iter 4300
[PRUNE] Pruning to 80.00%...
[RESET] Resetting to initial weights...

--- Round 2 (current: 80.00%) ---
[TRAIN] Training...
  Iter 1000/50000 | Val Loss: 0.1265 | Val Acc: 96.04% | Best at iter 1000
  Iter 2000/50000 | Val Loss: 0.0999 | Val Acc: 97.04% | Best at iter 1900
  Iter 3000/50000 | Val Loss: 0.0865 | Val Acc: 97.50% | Best at iter 2800
  Iter 4000/50000 | Val Loss: 0.1098 | Val Acc: 97.08% | Best at iter 3600
  Iter 5000/50000 | Val Loss: 0.0919 | Val Acc: 97.60% | Best at iter 4700
  Iter 6000/50000 | Val Loss: 0.0823 | Val Acc: 97.68% | Best at iter 4700
  Iter 7000/50000 | Val Loss: 0.1067 | Val Acc: 97.34% | Best at iter 4700
  Iter 8000/50000 | Val Loss: 0.1035 | Val Acc: 97.52% | Best at iter 4700
  Iter 9000/50000 | Val Loss: 0.1084 | Val Acc: 97.64% | Best at iter 4700
  Iter 10000/50000 | Val Loss: 0.1102 | Val Acc: 97.56% | Best at iter 4700
  Iter 11000/50000 | Val Loss: 0.1206 | Val Acc: 97.52% | Best at iter 4700
  Iter 12000/50000 | Val Loss: 0.1262 | Val Acc: 97.12% | Best at iter 4700
  Iter 13000/50000 | Val Loss: 0.1351 | Val Acc: 97.50% | Best at iter 4700
  Iter 14000/50000 | Val Loss: 0.1363 | Val Acc: 97.26% | Best at iter 4700
  Iter 15000/50000 | Val Loss: 0.1185 | Val Acc: 97.80% | Best at iter 4700
  Iter 16000/50000 | Val Loss: 0.1241 | Val Acc: 97.60% | Best at iter 4700
  Iter 17000/50000 | Val Loss: 0.1356 | Val Acc: 97.76% | Best at iter 4700
  Iter 18000/50000 | Val Loss: 0.1389 | Val Acc: 97.84% | Best at iter 4700
  Iter 19000/50000 | Val Loss: 0.1216 | Val Acc: 97.96% | Best at iter 4700
  Iter 20000/50000 | Val Loss: 0.1518 | Val Acc: 97.72% | Best at iter 4700
  Iter 21000/50000 | Val Loss: 0.1146 | Val Acc: 98.08% | Best at iter 4700
  Iter 22000/50000 | Val Loss: 0.1499 | Val Acc: 97.92% | Best at iter 4700
  Iter 23000/50000 | Val Loss: 0.1477 | Val Acc: 97.60% | Best at iter 4700
  Iter 24000/50000 | Val Loss: 0.1524 | Val Acc: 97.64% | Best at iter 4700
  Iter 25000/50000 | Val Loss: 0.1531 | Val Acc: 97.88% | Best at iter 4700
  Iter 26000/50000 | Val Loss: 0.1639 | Val Acc: 97.60% | Best at iter 4700
  Iter 27000/50000 | Val Loss: 0.1420 | Val Acc: 97.94% | Best at iter 4700
  Iter 28000/50000 | Val Loss: 0.1602 | Val Acc: 97.88% | Best at iter 4700
  Iter 29000/50000 | Val Loss: 0.1609 | Val Acc: 98.00% | Best at iter 4700
  Iter 30000/50000 | Val Loss: 0.1592 | Val Acc: 98.12% | Best at iter 4700
  Iter 31000/50000 | Val Loss: 0.1660 | Val Acc: 98.06% | Best at iter 4700
  Iter 32000/50000 | Val Loss: 0.2112 | Val Acc: 97.76% | Best at iter 4700
  Iter 33000/50000 | Val Loss: 0.2018 | Val Acc: 97.58% | Best at iter 4700
  Iter 34000/50000 | Val Loss: 0.1654 | Val Acc: 98.02% | Best at iter 4700
  Iter 35000/50000 | Val Loss: 0.1398 | Val Acc: 98.22% | Best at iter 4700
  Iter 36000/50000 | Val Loss: 0.1698 | Val Acc: 98.22% | Best at iter 4700
  Iter 37000/50000 | Val Loss: 0.1674 | Val Acc: 97.94% | Best at iter 4700
  Iter 38000/50000 | Val Loss: 0.1471 | Val Acc: 98.14% | Best at iter 4700
  Iter 39000/50000 | Val Loss: 0.2157 | Val Acc: 97.56% | Best at iter 4700
  Iter 40000/50000 | Val Loss: 0.2204 | Val Acc: 97.70% | Best at iter 4700
  Iter 41000/50000 | Val Loss: 0.1637 | Val Acc: 98.12% | Best at iter 4700
  Iter 42000/50000 | Val Loss: 0.1729 | Val Acc: 98.08% | Best at iter 4700
  Iter 43000/50000 | Val Loss: 0.1743 | Val Acc: 98.06% | Best at iter 4700
  Iter 44000/50000 | Val Loss: 0.1860 | Val Acc: 98.22% | Best at iter 4700
  Iter 45000/50000 | Val Loss: 0.2068 | Val Acc: 97.92% | Best at iter 4700
  Iter 46000/50000 | Val Loss: 0.1937 | Val Acc: 98.02% | Best at iter 4700
  Iter 47000/50000 | Val Loss: 0.1958 | Val Acc: 98.28% | Best at iter 4700
  Iter 48000/50000 | Val Loss: 0.1917 | Val Acc: 97.74% | Best at iter 4700
  Iter 49000/50000 | Val Loss: 0.1838 | Val Acc: 98.12% | Best at iter 4700
  Iter 50000/50000 | Val Loss: 0.2177 | Val Acc: 97.88% | Best at iter 4700
[PRUNE] Pruning to 64.00%...
[RESET] Resetting to initial weights...

--- Round 3 (current: 64.00%) ---
[TRAIN] Training...
  Iter 1000/50000 | Val Loss: 0.0973 | Val Acc: 96.98% | Best at iter 1000
  Iter 2000/50000 | Val Loss: 0.0786 | Val Acc: 97.80% | Best at iter 2000
  Iter 3000/50000 | Val Loss: 0.0706 | Val Acc: 97.60% | Best at iter 2900
  Iter 4000/50000 | Val Loss: 0.0769 | Val Acc: 97.88% | Best at iter 2900
  Iter 5000/50000 | Val Loss: 0.1025 | Val Acc: 97.54% | Best at iter 2900
  Iter 6000/50000 | Val Loss: 0.0879 | Val Acc: 97.84% | Best at iter 2900
  Iter 7000/50000 | Val Loss: 0.0841 | Val Acc: 97.72% | Best at iter 2900
  Iter 8000/50000 | Val Loss: 0.1122 | Val Acc: 97.64% | Best at iter 2900
  Iter 9000/50000 | Val Loss: 0.0920 | Val Acc: 98.00% | Best at iter 2900
  Iter 10000/50000 | Val Loss: 0.1240 | Val Acc: 97.94% | Best at iter 2900
  Iter 11000/50000 | Val Loss: 0.1071 | Val Acc: 97.80% | Best at iter 2900
  Iter 12000/50000 | Val Loss: 0.1129 | Val Acc: 97.90% | Best at iter 2900
  Iter 13000/50000 | Val Loss: 0.1157 | Val Acc: 97.84% | Best at iter 2900
  Iter 14000/50000 | Val Loss: 0.1420 | Val Acc: 97.40% | Best at iter 2900
  Iter 15000/50000 | Val Loss: 0.1290 | Val Acc: 97.88% | Best at iter 2900
  Iter 16000/50000 | Val Loss: 0.1236 | Val Acc: 98.08% | Best at iter 2900
  Iter 17000/50000 | Val Loss: 0.1380 | Val Acc: 97.78% | Best at iter 2900
  Iter 18000/50000 | Val Loss: 0.1161 | Val Acc: 97.82% | Best at iter 2900
  Iter 19000/50000 | Val Loss: 0.1485 | Val Acc: 97.90% | Best at iter 2900
  Iter 20000/50000 | Val Loss: 0.1616 | Val Acc: 97.50% | Best at iter 2900
  Iter 21000/50000 | Val Loss: 0.1242 | Val Acc: 97.98% | Best at iter 2900
  Iter 22000/50000 | Val Loss: 0.1273 | Val Acc: 98.08% | Best at iter 2900
  Iter 23000/50000 | Val Loss: 0.1802 | Val Acc: 97.78% | Best at iter 2900
  Iter 24000/50000 | Val Loss: 0.1513 | Val Acc: 97.64% | Best at iter 2900
  Iter 25000/50000 | Val Loss: 0.1499 | Val Acc: 98.00% | Best at iter 2900
  Iter 26000/50000 | Val Loss: 0.1607 | Val Acc: 97.92% | Best at iter 2900
  Iter 27000/50000 | Val Loss: 0.1551 | Val Acc: 98.02% | Best at iter 2900
  Iter 28000/50000 | Val Loss: 0.1873 | Val Acc: 97.66% | Best at iter 2900
  Iter 29000/50000 | Val Loss: 0.1784 | Val Acc: 97.68% | Best at iter 2900
  Iter 30000/50000 | Val Loss: 0.1582 | Val Acc: 98.12% | Best at iter 2900
  Iter 31000/50000 | Val Loss: 0.2166 | Val Acc: 97.48% | Best at iter 2900
  Iter 32000/50000 | Val Loss: 0.1698 | Val Acc: 98.10% | Best at iter 2900
  Iter 33000/50000 | Val Loss: 0.1989 | Val Acc: 97.66% | Best at iter 2900
  Iter 34000/50000 | Val Loss: 0.2018 | Val Acc: 97.82% | Best at iter 2900
  Iter 35000/50000 | Val Loss: 0.1655 | Val Acc: 98.12% | Best at iter 2900
  Iter 36000/50000 | Val Loss: 0.1859 | Val Acc: 97.82% | Best at iter 2900
  Iter 37000/50000 | Val Loss: 0.1818 | Val Acc: 98.04% | Best at iter 2900
  Iter 38000/50000 | Val Loss: 0.2052 | Val Acc: 97.68% | Best at iter 2900
  Iter 39000/50000 | Val Loss: 0.2085 | Val Acc: 97.98% | Best at iter 2900
  Iter 40000/50000 | Val Loss: 0.2074 | Val Acc: 97.96% | Best at iter 2900
  Iter 41000/50000 | Val Loss: 0.1764 | Val Acc: 98.04% | Best at iter 2900
  Iter 42000/50000 | Val Loss: 0.1894 | Val Acc: 97.98% | Best at iter 2900
  Iter 43000/50000 | Val Loss: 0.2191 | Val Acc: 97.94% | Best at iter 2900
  Iter 44000/50000 | Val Loss: 0.2387 | Val Acc: 97.86% | Best at iter 2900
  Iter 45000/50000 | Val Loss: 0.2287 | Val Acc: 97.94% | Best at iter 2900
  Iter 46000/50000 | Val Loss: 0.1825 | Val Acc: 98.00% | Best at iter 2900
  Iter 47000/50000 | Val Loss: 0.2306 | Val Acc: 97.78% | Best at iter 2900
  Iter 48000/50000 | Val Loss: 0.2449 | Val Acc: 97.82% | Best at iter 2900
  Iter 49000/50000 | Val Loss: 0.2223 | Val Acc: 98.08% | Best at iter 2900
  Iter 50000/50000 | Val Loss: 0.2381 | Val Acc: 98.00% | Best at iter 2900
[PRUNE] Pruning to 51.20%...
[RESET] Resetting to initial weights...

--- Round 4 (current: 51.20%) ---
[TRAIN] Training...
  Iter 1000/50000 | Val Loss: 0.0978 | Val Acc: 97.04% | Best at iter 1000
  Iter 2000/50000 | Val Loss: 0.0750 | Val Acc: 97.58% | Best at iter 2000
  Iter 3000/50000 | Val Loss: 0.0714 | Val Acc: 97.72% | Best at iter 2800
  Iter 4000/50000 | Val Loss: 0.0837 | Val Acc: 97.60% | Best at iter 3600
  Iter 5000/50000 | Val Loss: 0.1076 | Val Acc: 97.20% | Best at iter 3600
  Iter 6000/50000 | Val Loss: 0.0982 | Val Acc: 97.64% | Best at iter 3600
  Iter 7000/50000 | Val Loss: 0.1070 | Val Acc: 97.62% | Best at iter 3600
  Iter 8000/50000 | Val Loss: 0.1011 | Val Acc: 97.72% | Best at iter 3600
  Iter 9000/50000 | Val Loss: 0.1084 | Val Acc: 97.56% | Best at iter 3600
  Iter 10000/50000 | Val Loss: 0.1115 | Val Acc: 97.76% | Best at iter 3600
  Iter 11000/50000 | Val Loss: 0.1040 | Val Acc: 97.84% | Best at iter 3600
  Iter 12000/50000 | Val Loss: 0.1047 | Val Acc: 97.94% | Best at iter 3600
  Iter 13000/50000 | Val Loss: 0.1160 | Val Acc: 97.84% | Best at iter 3600
  Iter 14000/50000 | Val Loss: 0.1131 | Val Acc: 97.84% | Best at iter 3600
  Iter 15000/50000 | Val Loss: 0.1279 | Val Acc: 97.78% | Best at iter 3600
  Iter 16000/50000 | Val Loss: 0.1113 | Val Acc: 97.80% | Best at iter 3600
  Iter 17000/50000 | Val Loss: 0.1234 | Val Acc: 97.76% | Best at iter 3600
  Iter 18000/50000 | Val Loss: 0.1221 | Val Acc: 97.52% | Best at iter 3600
  Iter 19000/50000 | Val Loss: 0.1408 | Val Acc: 97.92% | Best at iter 3600
  Iter 20000/50000 | Val Loss: 0.1439 | Val Acc: 97.86% | Best at iter 3600
  Iter 21000/50000 | Val Loss: 0.1535 | Val Acc: 97.60% | Best at iter 3600
  Iter 22000/50000 | Val Loss: 0.1499 | Val Acc: 97.78% | Best at iter 3600
  Iter 23000/50000 | Val Loss: 0.1211 | Val Acc: 97.88% | Best at iter 3600
  Iter 24000/50000 | Val Loss: 0.1290 | Val Acc: 97.90% | Best at iter 3600
  Iter 25000/50000 | Val Loss: 0.1105 | Val Acc: 98.00% | Best at iter 3600
  Iter 26000/50000 | Val Loss: 0.1368 | Val Acc: 97.98% | Best at iter 3600
  Iter 27000/50000 | Val Loss: 0.1517 | Val Acc: 98.06% | Best at iter 3600
  Iter 28000/50000 | Val Loss: 0.1498 | Val Acc: 98.02% | Best at iter 3600
  Iter 29000/50000 | Val Loss: 0.1616 | Val Acc: 98.02% | Best at iter 3600
  Iter 30000/50000 | Val Loss: 0.1731 | Val Acc: 98.00% | Best at iter 3600
  Iter 31000/50000 | Val Loss: 0.1584 | Val Acc: 97.96% | Best at iter 3600
  Iter 32000/50000 | Val Loss: 0.1774 | Val Acc: 97.68% | Best at iter 3600
  Iter 33000/50000 | Val Loss: 0.1378 | Val Acc: 98.18% | Best at iter 3600
  Iter 34000/50000 | Val Loss: 0.1940 | Val Acc: 97.86% | Best at iter 3600
  Iter 35000/50000 | Val Loss: 0.2337 | Val Acc: 97.80% | Best at iter 3600
  Iter 36000/50000 | Val Loss: 0.1656 | Val Acc: 98.18% | Best at iter 3600
  Iter 37000/50000 | Val Loss: 0.1662 | Val Acc: 98.10% | Best at iter 3600
  Iter 38000/50000 | Val Loss: 0.1655 | Val Acc: 98.24% | Best at iter 3600
  Iter 39000/50000 | Val Loss: 0.1698 | Val Acc: 98.38% | Best at iter 3600
  Iter 40000/50000 | Val Loss: 0.1969 | Val Acc: 97.94% | Best at iter 3600
  Iter 41000/50000 | Val Loss: 0.1891 | Val Acc: 98.12% | Best at iter 3600
  Iter 42000/50000 | Val Loss: 0.1893 | Val Acc: 98.16% | Best at iter 3600
  Iter 43000/50000 | Val Loss: 0.2022 | Val Acc: 98.02% | Best at iter 3600
  Iter 44000/50000 | Val Loss: 0.2203 | Val Acc: 97.88% | Best at iter 3600
  Iter 45000/50000 | Val Loss: 0.2005 | Val Acc: 98.02% | Best at iter 3600
  Iter 46000/50000 | Val Loss: 0.1985 | Val Acc: 97.96% | Best at iter 3600
  Iter 47000/50000 | Val Loss: 0.2295 | Val Acc: 98.18% | Best at iter 3600
  Iter 48000/50000 | Val Loss: 0.2146 | Val Acc: 97.82% | Best at iter 3600
  Iter 49000/50000 | Val Loss: 0.2116 | Val Acc: 97.96% | Best at iter 3600
  Iter 50000/50000 | Val Loss: 0.1947 | Val Acc: 98.18% | Best at iter 3600
[PRUNE] Pruning to 40.96%...
[RESET] Resetting to initial weights...

--- Round 5 (current: 40.96%) ---
[TRAIN] Training...
  Iter 1000/50000 | Val Loss: 0.0988 | Val Acc: 97.00% | Best at iter 1000
  Iter 2000/50000 | Val Loss: 0.0849 | Val Acc: 97.38% | Best at iter 1600
  Iter 3000/50000 | Val Loss: 0.0869 | Val Acc: 97.48% | Best at iter 1600
  Iter 4000/50000 | Val Loss: 0.0878 | Val Acc: 97.52% | Best at iter 3200
  Iter 5000/50000 | Val Loss: 0.0887 | Val Acc: 97.52% | Best at iter 3200
  Iter 6000/50000 | Val Loss: 0.0894 | Val Acc: 97.68% | Best at iter 3200
  Iter 7000/50000 | Val Loss: 0.0814 | Val Acc: 98.04% | Best at iter 3200
  Iter 8000/50000 | Val Loss: 0.0860 | Val Acc: 98.06% | Best at iter 3200
  Iter 9000/50000 | Val Loss: 0.0961 | Val Acc: 97.96% | Best at iter 3200
  Iter 10000/50000 | Val Loss: 0.1090 | Val Acc: 97.68% | Best at iter 3200
  Iter 11000/50000 | Val Loss: 0.1097 | Val Acc: 97.90% | Best at iter 3200
  Iter 12000/50000 | Val Loss: 0.1126 | Val Acc: 97.74% | Best at iter 3200
  Iter 13000/50000 | Val Loss: 0.1121 | Val Acc: 98.00% | Best at iter 3200
  Iter 14000/50000 | Val Loss: 0.1368 | Val Acc: 97.50% | Best at iter 3200
  Iter 15000/50000 | Val Loss: 0.1273 | Val Acc: 97.88% | Best at iter 3200
  Iter 16000/50000 | Val Loss: 0.1176 | Val Acc: 98.34% | Best at iter 3200
  Iter 17000/50000 | Val Loss: 0.1304 | Val Acc: 97.86% | Best at iter 3200
  Iter 18000/50000 | Val Loss: 0.1071 | Val Acc: 98.10% | Best at iter 3200
  Iter 19000/50000 | Val Loss: 0.1284 | Val Acc: 98.08% | Best at iter 3200
  Iter 20000/50000 | Val Loss: 0.1177 | Val Acc: 98.16% | Best at iter 3200
  Iter 21000/50000 | Val Loss: 0.1614 | Val Acc: 97.86% | Best at iter 3200
  Iter 22000/50000 | Val Loss: 0.1656 | Val Acc: 97.66% | Best at iter 3200
  Iter 23000/50000 | Val Loss: 0.1560 | Val Acc: 97.98% | Best at iter 3200
  Iter 24000/50000 | Val Loss: 0.1546 | Val Acc: 97.82% | Best at iter 3200
  Iter 25000/50000 | Val Loss: 0.1576 | Val Acc: 97.98% | Best at iter 3200
  Iter 26000/50000 | Val Loss: 0.1589 | Val Acc: 98.10% | Best at iter 3200
  Iter 27000/50000 | Val Loss: 0.1678 | Val Acc: 97.80% | Best at iter 3200
  Iter 28000/50000 | Val Loss: 0.1409 | Val Acc: 98.10% | Best at iter 3200
  Iter 29000/50000 | Val Loss: 0.1751 | Val Acc: 97.90% | Best at iter 3200
  Iter 30000/50000 | Val Loss: 0.1846 | Val Acc: 97.86% | Best at iter 3200
  Iter 31000/50000 | Val Loss: 0.1736 | Val Acc: 97.90% | Best at iter 3200
  Iter 32000/50000 | Val Loss: 0.1634 | Val Acc: 97.92% | Best at iter 3200
  Iter 33000/50000 | Val Loss: 0.1963 | Val Acc: 97.74% | Best at iter 3200
  Iter 34000/50000 | Val Loss: 0.1743 | Val Acc: 98.18% | Best at iter 3200
  Iter 35000/50000 | Val Loss: 0.1719 | Val Acc: 98.08% | Best at iter 3200
  Iter 36000/50000 | Val Loss: 0.1689 | Val Acc: 98.16% | Best at iter 3200
  Iter 37000/50000 | Val Loss: 0.2100 | Val Acc: 97.96% | Best at iter 3200
  Iter 38000/50000 | Val Loss: 0.1922 | Val Acc: 98.02% | Best at iter 3200
  Iter 39000/50000 | Val Loss: 0.1955 | Val Acc: 98.06% | Best at iter 3200
  Iter 40000/50000 | Val Loss: 0.1982 | Val Acc: 97.88% | Best at iter 3200
  Iter 41000/50000 | Val Loss: 0.2203 | Val Acc: 97.94% | Best at iter 3200
  Iter 42000/50000 | Val Loss: 0.2210 | Val Acc: 97.88% | Best at iter 3200
  Iter 43000/50000 | Val Loss: 0.2297 | Val Acc: 98.02% | Best at iter 3200
  Iter 44000/50000 | Val Loss: 0.2483 | Val Acc: 97.88% | Best at iter 3200
  Iter 45000/50000 | Val Loss: 0.1918 | Val Acc: 97.86% | Best at iter 3200
  Iter 46000/50000 | Val Loss: 0.2377 | Val Acc: 97.76% | Best at iter 3200
  Iter 47000/50000 | Val Loss: 0.2487 | Val Acc: 97.62% | Best at iter 3200
  Iter 48000/50000 | Val Loss: 0.2685 | Val Acc: 97.84% | Best at iter 3200
  Iter 49000/50000 | Val Loss: 0.2506 | Val Acc: 98.12% | Best at iter 3200
  Iter 50000/50000 | Val Loss: 0.2440 | Val Acc: 98.14% | Best at iter 3200
[PRUNE] Pruning to 32.77%...
[RESET] Resetting to initial weights...

--- Round 6 (current: 32.77%) ---
[TRAIN] Training...
  Iter 1000/50000 | Val Loss: 0.0899 | Val Acc: 97.22% | Best at iter 1000
  Iter 2000/50000 | Val Loss: 0.0687 | Val Acc: 97.74% | Best at iter 2000
  Iter 3000/50000 | Val Loss: 0.0797 | Val Acc: 97.52% | Best at iter 2000
  Iter 4000/50000 | Val Loss: 0.0678 | Val Acc: 97.98% | Best at iter 4000
  Iter 5000/50000 | Val Loss: 0.0603 | Val Acc: 98.44% | Best at iter 5000
  Iter 6000/50000 | Val Loss: 0.0884 | Val Acc: 97.86% | Best at iter 5000
  Iter 7000/50000 | Val Loss: 0.1031 | Val Acc: 97.64% | Best at iter 5000
  Iter 8000/50000 | Val Loss: 0.1050 | Val Acc: 97.64% | Best at iter 5000
  Iter 9000/50000 | Val Loss: 0.1108 | Val Acc: 97.80% | Best at iter 5000
  Iter 10000/50000 | Val Loss: 0.0981 | Val Acc: 98.08% | Best at iter 5000
  Iter 11000/50000 | Val Loss: 0.1158 | Val Acc: 97.58% | Best at iter 5000
  Iter 12000/50000 | Val Loss: 0.1234 | Val Acc: 97.90% | Best at iter 5000
  Iter 13000/50000 | Val Loss: 0.1172 | Val Acc: 97.92% | Best at iter 5000
  Iter 14000/50000 | Val Loss: 0.1134 | Val Acc: 98.08% | Best at iter 5000
  Iter 15000/50000 | Val Loss: 0.1155 | Val Acc: 98.02% | Best at iter 5000
  Iter 16000/50000 | Val Loss: 0.1219 | Val Acc: 97.92% | Best at iter 5000
  Iter 17000/50000 | Val Loss: 0.1363 | Val Acc: 97.92% | Best at iter 5000
  Iter 18000/50000 | Val Loss: 0.1301 | Val Acc: 97.90% | Best at iter 5000
  Iter 19000/50000 | Val Loss: 0.1398 | Val Acc: 97.70% | Best at iter 5000
  Iter 20000/50000 | Val Loss: 0.1376 | Val Acc: 97.98% | Best at iter 5000
  Iter 21000/50000 | Val Loss: 0.1613 | Val Acc: 97.60% | Best at iter 5000
  Iter 22000/50000 | Val Loss: 0.1502 | Val Acc: 97.96% | Best at iter 5000
  Iter 23000/50000 | Val Loss: 0.1576 | Val Acc: 97.90% | Best at iter 5000
  Iter 24000/50000 | Val Loss: 0.1508 | Val Acc: 98.24% | Best at iter 5000
  Iter 25000/50000 | Val Loss: 0.1540 | Val Acc: 97.94% | Best at iter 5000
  Iter 26000/50000 | Val Loss: 0.1454 | Val Acc: 97.86% | Best at iter 5000
  Iter 27000/50000 | Val Loss: 0.1453 | Val Acc: 98.26% | Best at iter 5000
  Iter 28000/50000 | Val Loss: 0.1581 | Val Acc: 98.00% | Best at iter 5000
  Iter 29000/50000 | Val Loss: 0.1520 | Val Acc: 98.06% | Best at iter 5000
  Iter 30000/50000 | Val Loss: 0.1724 | Val Acc: 97.94% | Best at iter 5000
  Iter 31000/50000 | Val Loss: 0.1716 | Val Acc: 98.10% | Best at iter 5000
  Iter 32000/50000 | Val Loss: 0.1679 | Val Acc: 98.08% | Best at iter 5000
  Iter 33000/50000 | Val Loss: 0.1714 | Val Acc: 97.98% | Best at iter 5000
  Iter 34000/50000 | Val Loss: 0.1689 | Val Acc: 98.04% | Best at iter 5000
  Iter 35000/50000 | Val Loss: 0.1619 | Val Acc: 98.12% | Best at iter 5000
  Iter 36000/50000 | Val Loss: 0.1645 | Val Acc: 98.30% | Best at iter 5000
  Iter 37000/50000 | Val Loss: 0.1721 | Val Acc: 98.04% | Best at iter 5000
  Iter 38000/50000 | Val Loss: 0.1559 | Val Acc: 98.24% | Best at iter 5000
  Iter 39000/50000 | Val Loss: 0.1646 | Val Acc: 97.70% | Best at iter 5000
  Iter 40000/50000 | Val Loss: 0.1808 | Val Acc: 98.08% | Best at iter 5000
  Iter 41000/50000 | Val Loss: 0.2204 | Val Acc: 97.68% | Best at iter 5000
  Iter 42000/50000 | Val Loss: 0.2066 | Val Acc: 97.72% | Best at iter 5000
  Iter 43000/50000 | Val Loss: 0.2073 | Val Acc: 98.16% | Best at iter 5000
  Iter 44000/50000 | Val Loss: 0.2020 | Val Acc: 98.14% | Best at iter 5000
  Iter 45000/50000 | Val Loss: 0.1887 | Val Acc: 98.18% | Best at iter 5000
  Iter 46000/50000 | Val Loss: 0.2281 | Val Acc: 97.94% | Best at iter 5000
  Iter 47000/50000 | Val Loss: 0.2108 | Val Acc: 97.84% | Best at iter 5000
  Iter 48000/50000 | Val Loss: 0.2080 | Val Acc: 98.02% | Best at iter 5000
  Iter 49000/50000 | Val Loss: 0.1968 | Val Acc: 98.18% | Best at iter 5000
  Iter 50000/50000 | Val Loss: 0.2292 | Val Acc: 97.98% | Best at iter 5000
[PRUNE] Pruning to 26.21%...
[RESET] Resetting to initial weights...

--- Round 7 (current: 26.21%) ---
[TRAIN] Training...
  Iter 1000/50000 | Val Loss: 0.0827 | Val Acc: 97.42% | Best at iter 1000
  Iter 2000/50000 | Val Loss: 0.0761 | Val Acc: 97.64% | Best at iter 1600
  Iter 3000/50000 | Val Loss: 0.0674 | Val Acc: 97.90% | Best at iter 1600
  Iter 4000/50000 | Val Loss: 0.0709 | Val Acc: 97.90% | Best at iter 1600
  Iter 5000/50000 | Val Loss: 0.0809 | Val Acc: 97.72% | Best at iter 1600
  Iter 6000/50000 | Val Loss: 0.0740 | Val Acc: 98.16% | Best at iter 1600
  Iter 7000/50000 | Val Loss: 0.0950 | Val Acc: 97.78% | Best at iter 1600
  Iter 8000/50000 | Val Loss: 0.0995 | Val Acc: 97.94% | Best at iter 1600
  Iter 9000/50000 | Val Loss: 0.1118 | Val Acc: 97.84% | Best at iter 1600
  Iter 10000/50000 | Val Loss: 0.1132 | Val Acc: 97.70% | Best at iter 1600
  Iter 11000/50000 | Val Loss: 0.1078 | Val Acc: 97.84% | Best at iter 1600
  Iter 12000/50000 | Val Loss: 0.1121 | Val Acc: 97.86% | Best at iter 1600
  Iter 13000/50000 | Val Loss: 0.1197 | Val Acc: 97.64% | Best at iter 1600
  Iter 14000/50000 | Val Loss: 0.1327 | Val Acc: 97.70% | Best at iter 1600
  Iter 15000/50000 | Val Loss: 0.1154 | Val Acc: 97.96% | Best at iter 1600
  Iter 16000/50000 | Val Loss: 0.1146 | Val Acc: 98.14% | Best at iter 1600
  Iter 17000/50000 | Val Loss: 0.1321 | Val Acc: 97.76% | Best at iter 1600
  Iter 18000/50000 | Val Loss: 0.1329 | Val Acc: 97.94% | Best at iter 1600
  Iter 19000/50000 | Val Loss: 0.1197 | Val Acc: 98.02% | Best at iter 1600
  Iter 20000/50000 | Val Loss: 0.1454 | Val Acc: 97.86% | Best at iter 1600
  Iter 21000/50000 | Val Loss: 0.1248 | Val Acc: 98.06% | Best at iter 1600
  Iter 22000/50000 | Val Loss: 0.1293 | Val Acc: 98.00% | Best at iter 1600
  Iter 23000/50000 | Val Loss: 0.1427 | Val Acc: 97.82% | Best at iter 1600
  Iter 24000/50000 | Val Loss: 0.1364 | Val Acc: 97.96% | Best at iter 1600
  Iter 25000/50000 | Val Loss: 0.1382 | Val Acc: 98.00% | Best at iter 1600
  Iter 26000/50000 | Val Loss: 0.1435 | Val Acc: 98.06% | Best at iter 1600
  Iter 27000/50000 | Val Loss: 0.1559 | Val Acc: 97.96% | Best at iter 1600
  Iter 28000/50000 | Val Loss: 0.1878 | Val Acc: 97.92% | Best at iter 1600
  Iter 29000/50000 | Val Loss: 0.1618 | Val Acc: 98.04% | Best at iter 1600
  Iter 30000/50000 | Val Loss: 0.1862 | Val Acc: 98.06% | Best at iter 1600
  Iter 31000/50000 | Val Loss: 0.1709 | Val Acc: 98.02% | Best at iter 1600
  Iter 32000/50000 | Val Loss: 0.1568 | Val Acc: 97.90% | Best at iter 1600
  Iter 33000/50000 | Val Loss: 0.1655 | Val Acc: 97.84% | Best at iter 1600
  Iter 34000/50000 | Val Loss: 0.1712 | Val Acc: 97.90% | Best at iter 1600
  Iter 35000/50000 | Val Loss: 0.1869 | Val Acc: 97.98% | Best at iter 1600
  Iter 36000/50000 | Val Loss: 0.2145 | Val Acc: 97.84% | Best at iter 1600
  Iter 37000/50000 | Val Loss: 0.1837 | Val Acc: 98.10% | Best at iter 1600
  Iter 38000/50000 | Val Loss: 0.1739 | Val Acc: 98.16% | Best at iter 1600
  Iter 39000/50000 | Val Loss: 0.1940 | Val Acc: 98.10% | Best at iter 1600
  Iter 40000/50000 | Val Loss: 0.2011 | Val Acc: 98.02% | Best at iter 1600
  Iter 41000/50000 | Val Loss: 0.1658 | Val Acc: 98.20% | Best at iter 1600
  Iter 42000/50000 | Val Loss: 0.1916 | Val Acc: 98.06% | Best at iter 1600
  Iter 43000/50000 | Val Loss: 0.2004 | Val Acc: 98.12% | Best at iter 1600
  Iter 44000/50000 | Val Loss: 0.2115 | Val Acc: 97.92% | Best at iter 1600
  Iter 45000/50000 | Val Loss: 0.1850 | Val Acc: 98.00% | Best at iter 1600
  Iter 46000/50000 | Val Loss: 0.2046 | Val Acc: 98.00% | Best at iter 1600
  Iter 47000/50000 | Val Loss: 0.2175 | Val Acc: 98.12% | Best at iter 1600
  Iter 48000/50000 | Val Loss: 0.2182 | Val Acc: 97.98% | Best at iter 1600
  Iter 49000/50000 | Val Loss: 0.1973 | Val Acc: 98.02% | Best at iter 1600
  Iter 50000/50000 | Val Loss: 0.2258 | Val Acc: 98.02% | Best at iter 1600
[PRUNE] Pruning to 20.97%...
[RESET] Resetting to initial weights...

--- Round 8 (current: 20.97%) ---
[TRAIN] Training...
  Iter 1000/50000 | Val Loss: 0.0818 | Val Acc: 97.48% | Best at iter 1000
  Iter 2000/50000 | Val Loss: 0.0706 | Val Acc: 97.84% | Best at iter 1900
  Iter 3000/50000 | Val Loss: 0.0652 | Val Acc: 98.12% | Best at iter 2900
  Iter 4000/50000 | Val Loss: 0.0738 | Val Acc: 97.94% | Best at iter 2900
  Iter 5000/50000 | Val Loss: 0.0738 | Val Acc: 98.02% | Best at iter 2900
  Iter 6000/50000 | Val Loss: 0.0888 | Val Acc: 97.66% | Best at iter 2900
  Iter 7000/50000 | Val Loss: 0.0838 | Val Acc: 98.08% | Best at iter 2900
  Iter 8000/50000 | Val Loss: 0.0890 | Val Acc: 97.84% | Best at iter 2900
  Iter 9000/50000 | Val Loss: 0.0953 | Val Acc: 98.04% | Best at iter 2900
  Iter 10000/50000 | Val Loss: 0.1186 | Val Acc: 97.82% | Best at iter 2900
  Iter 11000/50000 | Val Loss: 0.1048 | Val Acc: 98.02% | Best at iter 2900
  Iter 12000/50000 | Val Loss: 0.1071 | Val Acc: 97.96% | Best at iter 2900
  Iter 13000/50000 | Val Loss: 0.1216 | Val Acc: 97.80% | Best at iter 2900
  Iter 14000/50000 | Val Loss: 0.1256 | Val Acc: 97.94% | Best at iter 2900
  Iter 15000/50000 | Val Loss: 0.1090 | Val Acc: 98.18% | Best at iter 2900
  Iter 16000/50000 | Val Loss: 0.1130 | Val Acc: 98.10% | Best at iter 2900
  Iter 17000/50000 | Val Loss: 0.1190 | Val Acc: 98.10% | Best at iter 2900
  Iter 18000/50000 | Val Loss: 0.1232 | Val Acc: 97.88% | Best at iter 2900
  Iter 19000/50000 | Val Loss: 0.1468 | Val Acc: 98.10% | Best at iter 2900
  Iter 20000/50000 | Val Loss: 0.1223 | Val Acc: 98.14% | Best at iter 2900
  Iter 21000/50000 | Val Loss: 0.1542 | Val Acc: 97.84% | Best at iter 2900
  Iter 22000/50000 | Val Loss: 0.1338 | Val Acc: 97.92% | Best at iter 2900
  Iter 23000/50000 | Val Loss: 0.1436 | Val Acc: 98.10% | Best at iter 2900
  Iter 24000/50000 | Val Loss: 0.1409 | Val Acc: 98.28% | Best at iter 2900
  Iter 25000/50000 | Val Loss: 0.1344 | Val Acc: 98.26% | Best at iter 2900
  Iter 26000/50000 | Val Loss: 0.1653 | Val Acc: 98.12% | Best at iter 2900
  Iter 27000/50000 | Val Loss: 0.1446 | Val Acc: 98.14% | Best at iter 2900
  Iter 28000/50000 | Val Loss: 0.1392 | Val Acc: 97.94% | Best at iter 2900
  Iter 29000/50000 | Val Loss: 0.1519 | Val Acc: 98.10% | Best at iter 2900
  Iter 30000/50000 | Val Loss: 0.1442 | Val Acc: 98.10% | Best at iter 2900
  Iter 31000/50000 | Val Loss: 0.1597 | Val Acc: 97.90% | Best at iter 2900
  Iter 32000/50000 | Val Loss: 0.1556 | Val Acc: 98.20% | Best at iter 2900
  Iter 33000/50000 | Val Loss: 0.1772 | Val Acc: 97.86% | Best at iter 2900
  Iter 34000/50000 | Val Loss: 0.1723 | Val Acc: 97.90% | Best at iter 2900
  Iter 35000/50000 | Val Loss: 0.1718 | Val Acc: 97.96% | Best at iter 2900
  Iter 36000/50000 | Val Loss: 0.1753 | Val Acc: 98.08% | Best at iter 2900
  Iter 37000/50000 | Val Loss: 0.1651 | Val Acc: 98.12% | Best at iter 2900
  Iter 38000/50000 | Val Loss: 0.1574 | Val Acc: 98.12% | Best at iter 2900
  Iter 39000/50000 | Val Loss: 0.1625 | Val Acc: 98.12% | Best at iter 2900
  Iter 40000/50000 | Val Loss: 0.1980 | Val Acc: 98.10% | Best at iter 2900
  Iter 41000/50000 | Val Loss: 0.1987 | Val Acc: 97.98% | Best at iter 2900
  Iter 42000/50000 | Val Loss: 0.1727 | Val Acc: 98.18% | Best at iter 2900
  Iter 43000/50000 | Val Loss: 0.1758 | Val Acc: 98.24% | Best at iter 2900
  Iter 44000/50000 | Val Loss: 0.1770 | Val Acc: 98.18% | Best at iter 2900
  Iter 45000/50000 | Val Loss: 0.1752 | Val Acc: 98.24% | Best at iter 2900
  Iter 46000/50000 | Val Loss: 0.1742 | Val Acc: 98.24% | Best at iter 2900
  Iter 47000/50000 | Val Loss: 0.1737 | Val Acc: 98.18% | Best at iter 2900
  Iter 48000/50000 | Val Loss: 0.1727 | Val Acc: 98.18% | Best at iter 2900
  Iter 49000/50000 | Val Loss: 0.1720 | Val Acc: 98.20% | Best at iter 2900
  Iter 50000/50000 | Val Loss: 0.1726 | Val Acc: 98.18% | Best at iter 2900
[PRUNE] Pruning to 16.78%...
[RESET] Resetting to initial weights...

--- Round 9 (current: 16.78%) ---
[TRAIN] Training...
  Iter 1000/50000 | Val Loss: 0.0813 | Val Acc: 97.44% | Best at iter 1000
  Iter 2000/50000 | Val Loss: 0.0637 | Val Acc: 98.02% | Best at iter 2000
  Iter 3000/50000 | Val Loss: 0.0718 | Val Acc: 97.90% | Best at iter 2900
  Iter 4000/50000 | Val Loss: 0.0755 | Val Acc: 97.88% | Best at iter 2900
  Iter 5000/50000 | Val Loss: 0.0717 | Val Acc: 98.00% | Best at iter 2900
  Iter 6000/50000 | Val Loss: 0.0809 | Val Acc: 98.06% | Best at iter 2900
  Iter 7000/50000 | Val Loss: 0.1065 | Val Acc: 97.72% | Best at iter 2900
  Iter 8000/50000 | Val Loss: 0.1153 | Val Acc: 97.58% | Best at iter 2900
  Iter 9000/50000 | Val Loss: 0.1030 | Val Acc: 97.72% | Best at iter 2900
  Iter 10000/50000 | Val Loss: 0.1032 | Val Acc: 97.96% | Best at iter 2900
  Iter 11000/50000 | Val Loss: 0.0900 | Val Acc: 98.10% | Best at iter 2900
  Iter 12000/50000 | Val Loss: 0.1293 | Val Acc: 97.70% | Best at iter 2900
  Iter 13000/50000 | Val Loss: 0.1003 | Val Acc: 97.94% | Best at iter 2900
  Iter 14000/50000 | Val Loss: 0.1204 | Val Acc: 97.86% | Best at iter 2900
  Iter 15000/50000 | Val Loss: 0.1139 | Val Acc: 98.04% | Best at iter 2900
  Iter 16000/50000 | Val Loss: 0.1209 | Val Acc: 98.02% | Best at iter 2900
  Iter 17000/50000 | Val Loss: 0.1145 | Val Acc: 98.16% | Best at iter 2900
  Iter 18000/50000 | Val Loss: 0.1282 | Val Acc: 98.04% | Best at iter 2900
  Iter 19000/50000 | Val Loss: 0.1414 | Val Acc: 97.84% | Best at iter 2900
  Iter 20000/50000 | Val Loss: 0.1387 | Val Acc: 97.98% | Best at iter 2900
  Iter 21000/50000 | Val Loss: 0.1378 | Val Acc: 97.78% | Best at iter 2900
  Iter 22000/50000 | Val Loss: 0.1362 | Val Acc: 97.98% | Best at iter 2900
  Iter 23000/50000 | Val Loss: 0.1452 | Val Acc: 97.98% | Best at iter 2900
  Iter 24000/50000 | Val Loss: 0.1726 | Val Acc: 97.64% | Best at iter 2900
  Iter 25000/50000 | Val Loss: 0.1513 | Val Acc: 97.94% | Best at iter 2900
  Iter 26000/50000 | Val Loss: 0.1464 | Val Acc: 98.10% | Best at iter 2900
  Iter 27000/50000 | Val Loss: 0.1440 | Val Acc: 98.06% | Best at iter 2900
  Iter 28000/50000 | Val Loss: 0.1430 | Val Acc: 98.08% | Best at iter 2900
  Iter 29000/50000 | Val Loss: 0.1429 | Val Acc: 98.06% | Best at iter 2900
  Iter 30000/50000 | Val Loss: 0.1432 | Val Acc: 98.08% | Best at iter 2900
  Iter 31000/50000 | Val Loss: 0.1439 | Val Acc: 98.18% | Best at iter 2900
  Iter 32000/50000 | Val Loss: 0.1444 | Val Acc: 98.22% | Best at iter 2900
  Iter 33000/50000 | Val Loss: 0.1448 | Val Acc: 98.26% | Best at iter 2900
  Iter 34000/50000 | Val Loss: 0.1477 | Val Acc: 98.22% | Best at iter 2900
  Iter 35000/50000 | Val Loss: 0.1489 | Val Acc: 98.24% | Best at iter 2900
  Iter 36000/50000 | Val Loss: 0.1502 | Val Acc: 98.26% | Best at iter 2900
  Iter 37000/50000 | Val Loss: 0.1532 | Val Acc: 98.24% | Best at iter 2900
  Iter 38000/50000 | Val Loss: 0.1552 | Val Acc: 98.24% | Best at iter 2900
  Iter 39000/50000 | Val Loss: 0.1585 | Val Acc: 98.28% | Best at iter 2900
  Iter 40000/50000 | Val Loss: 0.1610 | Val Acc: 98.30% | Best at iter 2900
  Iter 41000/50000 | Val Loss: 0.1642 | Val Acc: 98.28% | Best at iter 2900
  Iter 42000/50000 | Val Loss: 0.1671 | Val Acc: 98.38% | Best at iter 2900
  Iter 43000/50000 | Val Loss: 0.1705 | Val Acc: 98.36% | Best at iter 2900
  Iter 44000/50000 | Val Loss: 0.2360 | Val Acc: 97.68% | Best at iter 2900
  Iter 45000/50000 | Val Loss: 0.1913 | Val Acc: 98.10% | Best at iter 2900
  Iter 46000/50000 | Val Loss: 0.1762 | Val Acc: 97.90% | Best at iter 2900
  Iter 47000/50000 | Val Loss: 0.2081 | Val Acc: 97.78% | Best at iter 2900
  Iter 48000/50000 | Val Loss: 0.1927 | Val Acc: 98.00% | Best at iter 2900
  Iter 49000/50000 | Val Loss: 0.1935 | Val Acc: 98.06% | Best at iter 2900
  Iter 50000/50000 | Val Loss: 0.2117 | Val Acc: 97.98% | Best at iter 2900
[PRUNE] Pruning to 13.42%...
[RESET] Resetting to initial weights...

--- Round 10 (current: 13.42%) ---
[TRAIN] Training...
  Iter 1000/50000 | Val Loss: 0.0763 | Val Acc: 97.66% | Best at iter 1000
  Iter 2000/50000 | Val Loss: 0.0639 | Val Acc: 98.14% | Best at iter 1800
  Iter 3000/50000 | Val Loss: 0.0599 | Val Acc: 98.22% | Best at iter 3000
  Iter 4000/50000 | Val Loss: 0.0754 | Val Acc: 97.92% | Best at iter 3200
  Iter 5000/50000 | Val Loss: 0.0688 | Val Acc: 98.04% | Best at iter 3200
  Iter 6000/50000 | Val Loss: 0.0809 | Val Acc: 98.14% | Best at iter 3200
  Iter 7000/50000 | Val Loss: 0.0829 | Val Acc: 98.02% | Best at iter 3200
  Iter 8000/50000 | Val Loss: 0.0942 | Val Acc: 97.98% | Best at iter 3200
  Iter 9000/50000 | Val Loss: 0.0888 | Val Acc: 98.18% | Best at iter 3200
  Iter 10000/50000 | Val Loss: 0.1130 | Val Acc: 97.84% | Best at iter 3200
  Iter 11000/50000 | Val Loss: 0.0994 | Val Acc: 97.90% | Best at iter 3200
  Iter 12000/50000 | Val Loss: 0.1043 | Val Acc: 98.00% | Best at iter 3200
  Iter 13000/50000 | Val Loss: 0.1057 | Val Acc: 98.26% | Best at iter 3200
  Iter 14000/50000 | Val Loss: 0.1027 | Val Acc: 98.10% | Best at iter 3200
  Iter 15000/50000 | Val Loss: 0.1091 | Val Acc: 98.18% | Best at iter 3200
  Iter 16000/50000 | Val Loss: 0.0963 | Val Acc: 98.28% | Best at iter 3200
  Iter 17000/50000 | Val Loss: 0.0982 | Val Acc: 98.30% | Best at iter 3200
  Iter 18000/50000 | Val Loss: 0.0995 | Val Acc: 98.38% | Best at iter 3200
  Iter 19000/50000 | Val Loss: 0.1027 | Val Acc: 98.36% | Best at iter 3200
  Iter 20000/50000 | Val Loss: 0.1055 | Val Acc: 98.28% | Best at iter 3200
  Iter 21000/50000 | Val Loss: 0.1073 | Val Acc: 98.32% | Best at iter 3200
  Iter 22000/50000 | Val Loss: 0.1127 | Val Acc: 98.26% | Best at iter 3200
  Iter 23000/50000 | Val Loss: 0.1153 | Val Acc: 98.10% | Best at iter 3200
  Iter 24000/50000 | Val Loss: 0.1256 | Val Acc: 98.10% | Best at iter 3200
  Iter 25000/50000 | Val Loss: 0.1242 | Val Acc: 98.18% | Best at iter 3200
  Iter 26000/50000 | Val Loss: 0.1515 | Val Acc: 97.78% | Best at iter 3200
  Iter 27000/50000 | Val Loss: 0.1271 | Val Acc: 98.06% | Best at iter 3200
  Iter 28000/50000 | Val Loss: 0.1299 | Val Acc: 98.08% | Best at iter 3200
  Iter 29000/50000 | Val Loss: 0.1772 | Val Acc: 97.86% | Best at iter 3200
  Iter 30000/50000 | Val Loss: 0.1375 | Val Acc: 98.00% | Best at iter 3200
  Iter 31000/50000 | Val Loss: 0.1445 | Val Acc: 98.04% | Best at iter 3200
  Iter 32000/50000 | Val Loss: 0.1331 | Val Acc: 98.12% | Best at iter 3200
  Iter 33000/50000 | Val Loss: 0.1671 | Val Acc: 97.76% | Best at iter 3200
  Iter 34000/50000 | Val Loss: 0.1681 | Val Acc: 97.82% | Best at iter 3200
  Iter 35000/50000 | Val Loss: 0.1414 | Val Acc: 98.00% | Best at iter 3200
  Iter 36000/50000 | Val Loss: 0.1429 | Val Acc: 98.08% | Best at iter 3200
  Iter 37000/50000 | Val Loss: 0.1438 | Val Acc: 98.14% | Best at iter 3200
  Iter 38000/50000 | Val Loss: 0.1428 | Val Acc: 98.16% | Best at iter 3200
  Iter 39000/50000 | Val Loss: 0.1426 | Val Acc: 98.12% | Best at iter 3200
  Iter 40000/50000 | Val Loss: 0.1435 | Val Acc: 98.12% | Best at iter 3200
  Iter 41000/50000 | Val Loss: 0.1428 | Val Acc: 98.14% | Best at iter 3200
  Iter 42000/50000 | Val Loss: 0.1437 | Val Acc: 98.14% | Best at iter 3200
  Iter 43000/50000 | Val Loss: 0.1449 | Val Acc: 98.16% | Best at iter 3200
  Iter 44000/50000 | Val Loss: 0.1463 | Val Acc: 98.14% | Best at iter 3200
  Iter 45000/50000 | Val Loss: 0.1479 | Val Acc: 98.18% | Best at iter 3200
  Iter 46000/50000 | Val Loss: 0.1492 | Val Acc: 98.22% | Best at iter 3200
  Iter 47000/50000 | Val Loss: 0.1523 | Val Acc: 98.20% | Best at iter 3200
  Iter 48000/50000 | Val Loss: 0.1532 | Val Acc: 98.26% | Best at iter 3200
  Iter 49000/50000 | Val Loss: 0.1570 | Val Acc: 98.28% | Best at iter 3200
  Iter 50000/50000 | Val Loss: 0.1607 | Val Acc: 98.24% | Best at iter 3200
[PRUNE] Pruning to 10.74%...
[RESET] Resetting to initial weights...

--- Round 11 (current: 10.74%) ---
[TRAIN] Training...
  Iter 1000/50000 | Val Loss: 0.0806 | Val Acc: 97.68% | Best at iter 900
  Iter 2000/50000 | Val Loss: 0.0638 | Val Acc: 98.04% | Best at iter 1900
  Iter 3000/50000 | Val Loss: 0.0654 | Val Acc: 98.04% | Best at iter 2400
  Iter 4000/50000 | Val Loss: 0.0639 | Val Acc: 98.18% | Best at iter 2400
  Iter 5000/50000 | Val Loss: 0.0795 | Val Acc: 98.02% | Best at iter 2400
  Iter 6000/50000 | Val Loss: 0.0745 | Val Acc: 98.06% | Best at iter 2400
  Iter 7000/50000 | Val Loss: 0.0811 | Val Acc: 98.06% | Best at iter 2400
  Iter 8000/50000 | Val Loss: 0.0879 | Val Acc: 97.98% | Best at iter 2400
  Iter 9000/50000 | Val Loss: 0.0913 | Val Acc: 98.08% | Best at iter 2400
  Iter 10000/50000 | Val Loss: 0.0976 | Val Acc: 98.02% | Best at iter 2400
  Iter 11000/50000 | Val Loss: 0.0957 | Val Acc: 98.00% | Best at iter 2400
  Iter 12000/50000 | Val Loss: 0.0943 | Val Acc: 97.96% | Best at iter 2400
  Iter 13000/50000 | Val Loss: 0.1142 | Val Acc: 97.94% | Best at iter 2400
  Iter 14000/50000 | Val Loss: 0.1110 | Val Acc: 98.08% | Best at iter 2400
  Iter 15000/50000 | Val Loss: 0.1052 | Val Acc: 98.20% | Best at iter 2400
  Iter 16000/50000 | Val Loss: 0.1043 | Val Acc: 98.26% | Best at iter 2400
  Iter 17000/50000 | Val Loss: 0.1055 | Val Acc: 98.26% | Best at iter 2400
  Iter 18000/50000 | Val Loss: 0.1070 | Val Acc: 98.24% | Best at iter 2400
  Iter 19000/50000 | Val Loss: 0.1085 | Val Acc: 98.28% | Best at iter 2400
  Iter 20000/50000 | Val Loss: 0.1103 | Val Acc: 98.26% | Best at iter 2400
  Iter 21000/50000 | Val Loss: 0.1135 | Val Acc: 98.28% | Best at iter 2400
  Iter 22000/50000 | Val Loss: 0.1175 | Val Acc: 98.28% | Best at iter 2400
  Iter 23000/50000 | Val Loss: 0.1213 | Val Acc: 98.26% | Best at iter 2400
  Iter 24000/50000 | Val Loss: 0.1165 | Val Acc: 98.18% | Best at iter 2400
  Iter 25000/50000 | Val Loss: 0.1169 | Val Acc: 98.10% | Best at iter 2400
  Iter 26000/50000 | Val Loss: 0.1155 | Val Acc: 98.10% | Best at iter 2400
  Iter 27000/50000 | Val Loss: 0.1154 | Val Acc: 98.14% | Best at iter 2400
  Iter 28000/50000 | Val Loss: 0.1153 | Val Acc: 98.18% | Best at iter 2400
  Iter 29000/50000 | Val Loss: 0.1157 | Val Acc: 98.22% | Best at iter 2400
  Iter 30000/50000 | Val Loss: 0.1161 | Val Acc: 98.20% | Best at iter 2400
  Iter 31000/50000 | Val Loss: 0.1172 | Val Acc: 98.20% | Best at iter 2400
  Iter 32000/50000 | Val Loss: 0.1190 | Val Acc: 98.28% | Best at iter 2400
  Iter 33000/50000 | Val Loss: 0.1212 | Val Acc: 98.18% | Best at iter 2400
  Iter 34000/50000 | Val Loss: 0.1227 | Val Acc: 98.24% | Best at iter 2400
  Iter 35000/50000 | Val Loss: 0.1250 | Val Acc: 98.28% | Best at iter 2400
  Iter 36000/50000 | Val Loss: 0.1278 | Val Acc: 98.26% | Best at iter 2400
  Iter 37000/50000 | Val Loss: 0.2139 | Val Acc: 97.42% | Best at iter 2400
  Iter 38000/50000 | Val Loss: 0.1655 | Val Acc: 97.96% | Best at iter 2400
  Iter 39000/50000 | Val Loss: 0.1670 | Val Acc: 98.16% | Best at iter 2400
  Iter 40000/50000 | Val Loss: 0.1546 | Val Acc: 98.06% | Best at iter 2400
  Iter 41000/50000 | Val Loss: 0.1468 | Val Acc: 98.28% | Best at iter 2400
  Iter 42000/50000 | Val Loss: 0.1494 | Val Acc: 98.30% | Best at iter 2400
  Iter 43000/50000 | Val Loss: 0.1503 | Val Acc: 98.28% | Best at iter 2400
  Iter 44000/50000 | Val Loss: 0.1500 | Val Acc: 98.24% | Best at iter 2400
  Iter 45000/50000 | Val Loss: 0.1501 | Val Acc: 98.24% | Best at iter 2400
  Iter 46000/50000 | Val Loss: 0.1517 | Val Acc: 98.20% | Best at iter 2400
  Iter 47000/50000 | Val Loss: 0.1532 | Val Acc: 98.24% | Best at iter 2400
  Iter 48000/50000 | Val Loss: 0.1544 | Val Acc: 98.26% | Best at iter 2400
  Iter 49000/50000 | Val Loss: 0.1561 | Val Acc: 98.24% | Best at iter 2400
  Iter 50000/50000 | Val Loss: 0.1587 | Val Acc: 98.24% | Best at iter 2400
[PRUNE] Pruning to 8.59%...
[RESET] Resetting to initial weights...

--- Round 12 (current: 8.59%) ---
[TRAIN] Training...
  Iter 1000/50000 | Val Loss: 0.0771 | Val Acc: 97.54% | Best at iter 1000
  Iter 2000/50000 | Val Loss: 0.0627 | Val Acc: 97.96% | Best at iter 2000
  Iter 3000/50000 | Val Loss: 0.0644 | Val Acc: 98.12% | Best at iter 2000
  Iter 4000/50000 | Val Loss: 0.0661 | Val Acc: 97.96% | Best at iter 2000
  Iter 5000/50000 | Val Loss: 0.0694 | Val Acc: 98.26% | Best at iter 2000
  Iter 6000/50000 | Val Loss: 0.0733 | Val Acc: 98.18% | Best at iter 2000
  Iter 7000/50000 | Val Loss: 0.0846 | Val Acc: 97.92% | Best at iter 2000
  Iter 8000/50000 | Val Loss: 0.1013 | Val Acc: 97.88% | Best at iter 2000
  Iter 9000/50000 | Val Loss: 0.0880 | Val Acc: 98.02% | Best at iter 2000
  Iter 10000/50000 | Val Loss: 0.0907 | Val Acc: 98.12% | Best at iter 2000
  Iter 11000/50000 | Val Loss: 0.1064 | Val Acc: 97.80% | Best at iter 2000
  Iter 12000/50000 | Val Loss: 0.1103 | Val Acc: 97.94% | Best at iter 2000
  Iter 13000/50000 | Val Loss: 0.1143 | Val Acc: 98.00% | Best at iter 2000
  Iter 14000/50000 | Val Loss: 0.1069 | Val Acc: 98.08% | Best at iter 2000
  Iter 15000/50000 | Val Loss: 0.1098 | Val Acc: 98.10% | Best at iter 2000
  Iter 16000/50000 | Val Loss: 0.1055 | Val Acc: 98.14% | Best at iter 2000
  Iter 17000/50000 | Val Loss: 0.1069 | Val Acc: 98.22% | Best at iter 2000
  Iter 18000/50000 | Val Loss: 0.1077 | Val Acc: 98.24% | Best at iter 2000
  Iter 19000/50000 | Val Loss: 0.1090 | Val Acc: 98.18% | Best at iter 2000
  Iter 20000/50000 | Val Loss: 0.1113 | Val Acc: 98.22% | Best at iter 2000
  Iter 21000/50000 | Val Loss: 0.1150 | Val Acc: 98.18% | Best at iter 2000
  Iter 22000/50000 | Val Loss: 0.1291 | Val Acc: 97.80% | Best at iter 2000
  Iter 23000/50000 | Val Loss: 0.1144 | Val Acc: 98.28% | Best at iter 2000
  Iter 24000/50000 | Val Loss: 0.1165 | Val Acc: 98.20% | Best at iter 2000
  Iter 25000/50000 | Val Loss: 0.1171 | Val Acc: 98.24% | Best at iter 2000
  Iter 26000/50000 | Val Loss: 0.1179 | Val Acc: 98.20% | Best at iter 2000
  Iter 27000/50000 | Val Loss: 0.1186 | Val Acc: 98.22% | Best at iter 2000
  Iter 28000/50000 | Val Loss: 0.1198 | Val Acc: 98.26% | Best at iter 2000
  Iter 29000/50000 | Val Loss: 0.1213 | Val Acc: 98.30% | Best at iter 2000
  Iter 30000/50000 | Val Loss: 0.1220 | Val Acc: 98.32% | Best at iter 2000
  Iter 31000/50000 | Val Loss: 0.1248 | Val Acc: 98.32% | Best at iter 2000
  Iter 32000/50000 | Val Loss: 0.2176 | Val Acc: 97.42% | Best at iter 2000
  Iter 33000/50000 | Val Loss: 0.1468 | Val Acc: 97.90% | Best at iter 2000
  Iter 34000/50000 | Val Loss: 0.1505 | Val Acc: 98.10% | Best at iter 2000
  Iter 35000/50000 | Val Loss: 0.1437 | Val Acc: 98.14% | Best at iter 2000
  Iter 36000/50000 | Val Loss: 0.1434 | Val Acc: 98.24% | Best at iter 2000
  Iter 37000/50000 | Val Loss: 0.1439 | Val Acc: 98.24% | Best at iter 2000
  Iter 38000/50000 | Val Loss: 0.1438 | Val Acc: 98.22% | Best at iter 2000
  Iter 39000/50000 | Val Loss: 0.1440 | Val Acc: 98.26% | Best at iter 2000
  Iter 40000/50000 | Val Loss: 0.1441 | Val Acc: 98.20% | Best at iter 2000
  Iter 41000/50000 | Val Loss: 0.1454 | Val Acc: 98.22% | Best at iter 2000
  Iter 42000/50000 | Val Loss: 0.1474 | Val Acc: 98.34% | Best at iter 2000
  Iter 43000/50000 | Val Loss: 0.1491 | Val Acc: 98.26% | Best at iter 2000
  Iter 44000/50000 | Val Loss: 0.1495 | Val Acc: 98.26% | Best at iter 2000
  Iter 45000/50000 | Val Loss: 0.1523 | Val Acc: 98.32% | Best at iter 2000
  Iter 46000/50000 | Val Loss: 0.1535 | Val Acc: 98.28% | Best at iter 2000
  Iter 47000/50000 | Val Loss: 0.1559 | Val Acc: 98.34% | Best at iter 2000
  Iter 48000/50000 | Val Loss: 0.1601 | Val Acc: 98.28% | Best at iter 2000
  Iter 49000/50000 | Val Loss: 0.2674 | Val Acc: 97.26% | Best at iter 2000
  Iter 50000/50000 | Val Loss: 0.2077 | Val Acc: 97.96% | Best at iter 2000
[PRUNE] Pruning to 6.90%...
[RESET] Resetting to initial weights...

==================================================
FINAL TRAINING at 6.90%
==================================================
  Iter 1000/50000 | Val Loss: 0.0824 | Val Acc: 97.58% | Best at iter 1000
  Iter 2000/50000 | Val Loss: 0.0672 | Val Acc: 98.12% | Best at iter 2000
  Iter 3000/50000 | Val Loss: 0.0627 | Val Acc: 98.24% | Best at iter 3000
  Iter 4000/50000 | Val Loss: 0.0653 | Val Acc: 98.22% | Best at iter 3600
  Iter 5000/50000 | Val Loss: 0.0738 | Val Acc: 98.02% | Best at iter 3600
  Iter 6000/50000 | Val Loss: 0.0724 | Val Acc: 98.20% | Best at iter 3600
  Iter 7000/50000 | Val Loss: 0.0851 | Val Acc: 98.12% | Best at iter 3600
  Iter 8000/50000 | Val Loss: 0.0989 | Val Acc: 97.76% | Best at iter 3600
  Iter 9000/50000 | Val Loss: 0.0885 | Val Acc: 98.06% | Best at iter 3600
  Iter 10000/50000 | Val Loss: 0.0963 | Val Acc: 97.86% | Best at iter 3600
  Iter 11000/50000 | Val Loss: 0.0957 | Val Acc: 97.98% | Best at iter 3600
  Iter 12000/50000 | Val Loss: 0.1073 | Val Acc: 97.60% | Best at iter 3600
  Iter 13000/50000 | Val Loss: 0.1021 | Val Acc: 98.16% | Best at iter 3600
  Iter 14000/50000 | Val Loss: 0.1216 | Val Acc: 97.86% | Best at iter 3600
  Iter 15000/50000 | Val Loss: 0.1069 | Val Acc: 98.02% | Best at iter 3600
  Iter 16000/50000 | Val Loss: 0.1082 | Val Acc: 98.04% | Best at iter 3600
  Iter 17000/50000 | Val Loss: 0.1527 | Val Acc: 97.56% | Best at iter 3600
  Iter 18000/50000 | Val Loss: 0.1273 | Val Acc: 98.00% | Best at iter 3600
  Iter 19000/50000 | Val Loss: 0.1256 | Val Acc: 98.00% | Best at iter 3600
  Iter 20000/50000 | Val Loss: 0.1259 | Val Acc: 97.96% | Best at iter 3600
  Iter 21000/50000 | Val Loss: 0.1270 | Val Acc: 97.94% | Best at iter 3600
  Iter 22000/50000 | Val Loss: 0.1288 | Val Acc: 97.96% | Best at iter 3600
  Iter 23000/50000 | Val Loss: 0.1295 | Val Acc: 97.98% | Best at iter 3600
  Iter 24000/50000 | Val Loss: 0.1316 | Val Acc: 97.94% | Best at iter 3600
  Iter 25000/50000 | Val Loss: 0.1339 | Val Acc: 97.94% | Best at iter 3600
  Iter 26000/50000 | Val Loss: 0.1564 | Val Acc: 97.76% | Best at iter 3600
  Iter 27000/50000 | Val Loss: 0.1379 | Val Acc: 97.78% | Best at iter 3600
  Iter 28000/50000 | Val Loss: 0.1353 | Val Acc: 97.94% | Best at iter 3600
  Iter 29000/50000 | Val Loss: 0.1340 | Val Acc: 97.96% | Best at iter 3600
  Iter 30000/50000 | Val Loss: 0.1351 | Val Acc: 97.92% | Best at iter 3600
  Iter 31000/50000 | Val Loss: 0.1359 | Val Acc: 97.98% | Best at iter 3600
  Iter 32000/50000 | Val Loss: 0.1373 | Val Acc: 98.06% | Best at iter 3600
  Iter 33000/50000 | Val Loss: 0.1383 | Val Acc: 98.12% | Best at iter 3600
  Iter 34000/50000 | Val Loss: 0.1409 | Val Acc: 98.02% | Best at iter 3600
  Iter 35000/50000 | Val Loss: 0.1424 | Val Acc: 98.08% | Best at iter 3600
  Iter 36000/50000 | Val Loss: 0.1455 | Val Acc: 98.04% | Best at iter 3600
  Iter 37000/50000 | Val Loss: 0.1490 | Val Acc: 98.08% | Best at iter 3600
  Iter 38000/50000 | Val Loss: 0.1530 | Val Acc: 98.02% | Best at iter 3600
  Iter 39000/50000 | Val Loss: 0.2283 | Val Acc: 97.48% | Best at iter 3600
  Iter 40000/50000 | Val Loss: 0.2038 | Val Acc: 97.78% | Best at iter 3600
  Iter 41000/50000 | Val Loss: 0.1835 | Val Acc: 97.72% | Best at iter 3600
  Iter 42000/50000 | Val Loss: 0.1768 | Val Acc: 97.82% | Best at iter 3600
  Iter 43000/50000 | Val Loss: 0.1765 | Val Acc: 97.86% | Best at iter 3600
  Iter 44000/50000 | Val Loss: 0.1741 | Val Acc: 97.82% | Best at iter 3600
  Iter 45000/50000 | Val Loss: 0.1736 | Val Acc: 97.84% | Best at iter 3600
  Iter 46000/50000 | Val Loss: 0.1739 | Val Acc: 97.86% | Best at iter 3600
  Iter 47000/50000 | Val Loss: 0.1730 | Val Acc: 97.84% | Best at iter 3600
  Iter 48000/50000 | Val Loss: 0.1727 | Val Acc: 97.86% | Best at iter 3600
  Iter 49000/50000 | Val Loss: 0.1734 | Val Acc: 97.88% | Best at iter 3600
  Iter 50000/50000 | Val Loss: 0.1744 | Val Acc: 97.88% | Best at iter 3600

──────────────────────────────────────────────────────────────────────
Early stop: iteration 3600
Val loss at early stop: 0.0610
Test accuracy at early stop: 98.12%
──────────────────────────────────────────────────────────────────────

======================================================================
Iterative Winning Ticket
Sparsity: 3.5% | Trial: 1/3
======================================================================
[1] Saving initial weights...

--- Round 1 (current: 100.00%) ---
[TRAIN] Training...
  Iter 1000/50000 | Val Loss: 0.1114 | Val Acc: 96.46% | Best at iter 1000
  Iter 2000/50000 | Val Loss: 0.0970 | Val Acc: 97.04% | Best at iter 1700
  Iter 3000/50000 | Val Loss: 0.0901 | Val Acc: 97.16% | Best at iter 2800
  Iter 4000/50000 | Val Loss: 0.0930 | Val Acc: 97.30% | Best at iter 2800
  Iter 5000/50000 | Val Loss: 0.0848 | Val Acc: 97.78% | Best at iter 2800
  Iter 6000/50000 | Val Loss: 0.0867 | Val Acc: 97.70% | Best at iter 2800
  Iter 7000/50000 | Val Loss: 0.1174 | Val Acc: 97.22% | Best at iter 2800
  Iter 8000/50000 | Val Loss: 0.0939 | Val Acc: 97.34% | Best at iter 2800
  Iter 9000/50000 | Val Loss: 0.1240 | Val Acc: 97.60% | Best at iter 2800
  Iter 10000/50000 | Val Loss: 0.1227 | Val Acc: 97.32% | Best at iter 2800
  Iter 11000/50000 | Val Loss: 0.1017 | Val Acc: 97.80% | Best at iter 2800
  Iter 12000/50000 | Val Loss: 0.1256 | Val Acc: 97.80% | Best at iter 2800
  Iter 13000/50000 | Val Loss: 0.1142 | Val Acc: 97.54% | Best at iter 2800
  Iter 14000/50000 | Val Loss: 0.1400 | Val Acc: 97.28% | Best at iter 2800
  Iter 15000/50000 | Val Loss: 0.1217 | Val Acc: 98.02% | Best at iter 2800
  Iter 16000/50000 | Val Loss: 0.1208 | Val Acc: 97.74% | Best at iter 2800
  Iter 17000/50000 | Val Loss: 0.1368 | Val Acc: 97.48% | Best at iter 2800
  Iter 18000/50000 | Val Loss: 0.1529 | Val Acc: 97.68% | Best at iter 2800
  Iter 19000/50000 | Val Loss: 0.1372 | Val Acc: 98.04% | Best at iter 2800
  Iter 20000/50000 | Val Loss: 0.1507 | Val Acc: 97.94% | Best at iter 2800
  Iter 21000/50000 | Val Loss: 0.1667 | Val Acc: 97.66% | Best at iter 2800
  Iter 22000/50000 | Val Loss: 0.1394 | Val Acc: 98.08% | Best at iter 2800
  Iter 23000/50000 | Val Loss: 0.1351 | Val Acc: 98.06% | Best at iter 2800
  Iter 24000/50000 | Val Loss: 0.1735 | Val Acc: 97.60% | Best at iter 2800
  Iter 25000/50000 | Val Loss: 0.1734 | Val Acc: 97.88% | Best at iter 2800
  Iter 26000/50000 | Val Loss: 0.1785 | Val Acc: 97.62% | Best at iter 2800
  Iter 27000/50000 | Val Loss: 0.1567 | Val Acc: 97.86% | Best at iter 2800
  Iter 28000/50000 | Val Loss: 0.1841 | Val Acc: 97.86% | Best at iter 2800
  Iter 29000/50000 | Val Loss: 0.1877 | Val Acc: 97.80% | Best at iter 2800
  Iter 30000/50000 | Val Loss: 0.1762 | Val Acc: 97.86% | Best at iter 2800
  Iter 31000/50000 | Val Loss: 0.1767 | Val Acc: 98.24% | Best at iter 2800
  Iter 32000/50000 | Val Loss: 0.1853 | Val Acc: 97.80% | Best at iter 2800
  Iter 33000/50000 | Val Loss: 0.2069 | Val Acc: 97.80% | Best at iter 2800
  Iter 34000/50000 | Val Loss: 0.2309 | Val Acc: 97.62% | Best at iter 2800
  Iter 35000/50000 | Val Loss: 0.1703 | Val Acc: 98.02% | Best at iter 2800
  Iter 36000/50000 | Val Loss: 0.1735 | Val Acc: 98.22% | Best at iter 2800
  Iter 37000/50000 | Val Loss: 0.1953 | Val Acc: 97.66% | Best at iter 2800
  Iter 38000/50000 | Val Loss: 0.1841 | Val Acc: 98.06% | Best at iter 2800
  Iter 39000/50000 | Val Loss: 0.2044 | Val Acc: 97.88% | Best at iter 2800
  Iter 40000/50000 | Val Loss: 0.1866 | Val Acc: 98.06% | Best at iter 2800
  Iter 41000/50000 | Val Loss: 0.2236 | Val Acc: 97.88% | Best at iter 2800
  Iter 42000/50000 | Val Loss: 0.2141 | Val Acc: 97.74% | Best at iter 2800
  Iter 43000/50000 | Val Loss: 0.2321 | Val Acc: 97.70% | Best at iter 2800
  Iter 44000/50000 | Val Loss: 0.2193 | Val Acc: 97.80% | Best at iter 2800
  Iter 45000/50000 | Val Loss: 0.2435 | Val Acc: 97.90% | Best at iter 2800
  Iter 46000/50000 | Val Loss: 0.2436 | Val Acc: 97.96% | Best at iter 2800
  Iter 47000/50000 | Val Loss: 0.2323 | Val Acc: 98.00% | Best at iter 2800
  Iter 48000/50000 | Val Loss: 0.2129 | Val Acc: 98.00% | Best at iter 2800
  Iter 49000/50000 | Val Loss: 0.2209 | Val Acc: 97.84% | Best at iter 2800
  Iter 50000/50000 | Val Loss: 0.2671 | Val Acc: 97.98% | Best at iter 2800
[PRUNE] Pruning to 80.00%...
[RESET] Resetting to initial weights...

--- Round 2 (current: 80.00%) ---
[TRAIN] Training...
  Iter 1000/50000 | Val Loss: 0.1340 | Val Acc: 95.56% | Best at iter 800
  Iter 2000/50000 | Val Loss: 0.0931 | Val Acc: 97.28% | Best at iter 2000
  Iter 3000/50000 | Val Loss: 0.0945 | Val Acc: 97.46% | Best at iter 2900
  Iter 4000/50000 | Val Loss: 0.1017 | Val Acc: 97.08% | Best at iter 3800
  Iter 5000/50000 | Val Loss: 0.0896 | Val Acc: 97.66% | Best at iter 3800
  Iter 6000/50000 | Val Loss: 0.0886 | Val Acc: 97.72% | Best at iter 3800
  Iter 7000/50000 | Val Loss: 0.0866 | Val Acc: 97.86% | Best at iter 3800
  Iter 8000/50000 | Val Loss: 0.1030 | Val Acc: 97.72% | Best at iter 3800
  Iter 9000/50000 | Val Loss: 0.1165 | Val Acc: 97.30% | Best at iter 3800
  Iter 10000/50000 | Val Loss: 0.1199 | Val Acc: 97.72% | Best at iter 3800
  Iter 11000/50000 | Val Loss: 0.1349 | Val Acc: 97.50% | Best at iter 3800
  Iter 12000/50000 | Val Loss: 0.1353 | Val Acc: 97.60% | Best at iter 3800
  Iter 13000/50000 | Val Loss: 0.1117 | Val Acc: 98.00% | Best at iter 3800
  Iter 14000/50000 | Val Loss: 0.1162 | Val Acc: 97.90% | Best at iter 3800
  Iter 15000/50000 | Val Loss: 0.1271 | Val Acc: 97.92% | Best at iter 3800
  Iter 16000/50000 | Val Loss: 0.1265 | Val Acc: 97.72% | Best at iter 3800
  Iter 17000/50000 | Val Loss: 0.1224 | Val Acc: 97.84% | Best at iter 3800
  Iter 18000/50000 | Val Loss: 0.1144 | Val Acc: 97.84% | Best at iter 3800
  Iter 19000/50000 | Val Loss: 0.1535 | Val Acc: 97.44% | Best at iter 3800
  Iter 20000/50000 | Val Loss: 0.1343 | Val Acc: 97.72% | Best at iter 3800
  Iter 21000/50000 | Val Loss: 0.1588 | Val Acc: 97.76% | Best at iter 3800
  Iter 22000/50000 | Val Loss: 0.1425 | Val Acc: 97.76% | Best at iter 3800
  Iter 23000/50000 | Val Loss: 0.1413 | Val Acc: 97.92% | Best at iter 3800
  Iter 24000/50000 | Val Loss: 0.1659 | Val Acc: 97.62% | Best at iter 3800
  Iter 25000/50000 | Val Loss: 0.1411 | Val Acc: 98.06% | Best at iter 3800
  Iter 26000/50000 | Val Loss: 0.1353 | Val Acc: 98.22% | Best at iter 3800
  Iter 27000/50000 | Val Loss: 0.1555 | Val Acc: 97.96% | Best at iter 3800
  Iter 28000/50000 | Val Loss: 0.1957 | Val Acc: 97.64% | Best at iter 3800
  Iter 29000/50000 | Val Loss: 0.1363 | Val Acc: 98.02% | Best at iter 3800
  Iter 30000/50000 | Val Loss: 0.1753 | Val Acc: 97.96% | Best at iter 3800
  Iter 31000/50000 | Val Loss: 0.1677 | Val Acc: 97.80% | Best at iter 3800
  Iter 32000/50000 | Val Loss: 0.1378 | Val Acc: 98.24% | Best at iter 3800
  Iter 33000/50000 | Val Loss: 0.1726 | Val Acc: 98.10% | Best at iter 3800
  Iter 34000/50000 | Val Loss: 0.1792 | Val Acc: 97.86% | Best at iter 3800
  Iter 35000/50000 | Val Loss: 0.2024 | Val Acc: 97.66% | Best at iter 3800
  Iter 36000/50000 | Val Loss: 0.1642 | Val Acc: 98.10% | Best at iter 3800
  Iter 37000/50000 | Val Loss: 0.2151 | Val Acc: 97.72% | Best at iter 3800
  Iter 38000/50000 | Val Loss: 0.1504 | Val Acc: 97.88% | Best at iter 3800
  Iter 39000/50000 | Val Loss: 0.2005 | Val Acc: 97.64% | Best at iter 3800
  Iter 40000/50000 | Val Loss: 0.2385 | Val Acc: 97.54% | Best at iter 3800
  Iter 41000/50000 | Val Loss: 0.1917 | Val Acc: 97.90% | Best at iter 3800
  Iter 42000/50000 | Val Loss: 0.2232 | Val Acc: 97.76% | Best at iter 3800
  Iter 43000/50000 | Val Loss: 0.2146 | Val Acc: 97.60% | Best at iter 3800
  Iter 44000/50000 | Val Loss: 0.1682 | Val Acc: 98.10% | Best at iter 3800
  Iter 45000/50000 | Val Loss: 0.2364 | Val Acc: 97.74% | Best at iter 3800
  Iter 46000/50000 | Val Loss: 0.2108 | Val Acc: 97.92% | Best at iter 3800
  Iter 47000/50000 | Val Loss: 0.1923 | Val Acc: 98.12% | Best at iter 3800
  Iter 48000/50000 | Val Loss: 0.1997 | Val Acc: 98.00% | Best at iter 3800
  Iter 49000/50000 | Val Loss: 0.1902 | Val Acc: 98.00% | Best at iter 3800
  Iter 50000/50000 | Val Loss: 0.1831 | Val Acc: 98.08% | Best at iter 3800
[PRUNE] Pruning to 64.00%...
[RESET] Resetting to initial weights...

--- Round 3 (current: 64.00%) ---
[TRAIN] Training...
  Iter 1000/50000 | Val Loss: 0.1064 | Val Acc: 96.52% | Best at iter 1000
  Iter 2000/50000 | Val Loss: 0.0887 | Val Acc: 97.34% | Best at iter 1700
  Iter 3000/50000 | Val Loss: 0.0814 | Val Acc: 97.38% | Best at iter 2600
  Iter 4000/50000 | Val Loss: 0.0839 | Val Acc: 97.72% | Best at iter 2600
  Iter 5000/50000 | Val Loss: 0.0865 | Val Acc: 97.68% | Best at iter 4800
  Iter 6000/50000 | Val Loss: 0.1010 | Val Acc: 97.46% | Best at iter 4800
  Iter 7000/50000 | Val Loss: 0.1096 | Val Acc: 97.44% | Best at iter 4800
  Iter 8000/50000 | Val Loss: 0.0977 | Val Acc: 97.72% | Best at iter 4800
  Iter 9000/50000 | Val Loss: 0.0975 | Val Acc: 97.88% | Best at iter 4800
  Iter 10000/50000 | Val Loss: 0.1092 | Val Acc: 97.64% | Best at iter 4800
  Iter 11000/50000 | Val Loss: 0.1097 | Val Acc: 97.54% | Best at iter 4800
  Iter 12000/50000 | Val Loss: 0.1276 | Val Acc: 97.60% | Best at iter 4800
  Iter 13000/50000 | Val Loss: 0.1247 | Val Acc: 97.70% | Best at iter 4800
  Iter 14000/50000 | Val Loss: 0.1022 | Val Acc: 98.32% | Best at iter 4800
  Iter 15000/50000 | Val Loss: 0.1360 | Val Acc: 97.44% | Best at iter 4800
  Iter 16000/50000 | Val Loss: 0.1068 | Val Acc: 98.00% | Best at iter 4800
  Iter 17000/50000 | Val Loss: 0.1277 | Val Acc: 97.90% | Best at iter 4800
  Iter 18000/50000 | Val Loss: 0.1264 | Val Acc: 97.88% | Best at iter 4800
  Iter 19000/50000 | Val Loss: 0.1374 | Val Acc: 97.90% | Best at iter 4800
  Iter 20000/50000 | Val Loss: 0.1326 | Val Acc: 98.00% | Best at iter 4800
  Iter 21000/50000 | Val Loss: 0.1494 | Val Acc: 97.74% | Best at iter 4800
  Iter 22000/50000 | Val Loss: 0.1380 | Val Acc: 97.88% | Best at iter 4800
  Iter 23000/50000 | Val Loss: 0.1453 | Val Acc: 97.88% | Best at iter 4800
  Iter 24000/50000 | Val Loss: 0.1556 | Val Acc: 97.82% | Best at iter 4800
  Iter 25000/50000 | Val Loss: 0.1593 | Val Acc: 97.96% | Best at iter 4800
  Iter 26000/50000 | Val Loss: 0.1503 | Val Acc: 97.82% | Best at iter 4800
  Iter 27000/50000 | Val Loss: 0.1547 | Val Acc: 97.90% | Best at iter 4800
  Iter 28000/50000 | Val Loss: 0.1760 | Val Acc: 97.92% | Best at iter 4800
  Iter 29000/50000 | Val Loss: 0.1858 | Val Acc: 97.68% | Best at iter 4800
  Iter 30000/50000 | Val Loss: 0.1506 | Val Acc: 97.84% | Best at iter 4800
  Iter 31000/50000 | Val Loss: 0.1571 | Val Acc: 98.00% | Best at iter 4800
  Iter 32000/50000 | Val Loss: 0.1770 | Val Acc: 97.78% | Best at iter 4800
  Iter 33000/50000 | Val Loss: 0.1629 | Val Acc: 97.82% | Best at iter 4800
  Iter 34000/50000 | Val Loss: 0.1839 | Val Acc: 97.56% | Best at iter 4800
  Iter 35000/50000 | Val Loss: 0.1890 | Val Acc: 97.78% | Best at iter 4800
  Iter 36000/50000 | Val Loss: 0.1553 | Val Acc: 98.06% | Best at iter 4800
  Iter 37000/50000 | Val Loss: 0.1678 | Val Acc: 97.96% | Best at iter 4800
  Iter 38000/50000 | Val Loss: 0.1724 | Val Acc: 98.04% | Best at iter 4800
  Iter 39000/50000 | Val Loss: 0.1582 | Val Acc: 98.16% | Best at iter 4800
  Iter 40000/50000 | Val Loss: 0.1929 | Val Acc: 97.82% | Best at iter 4800
  Iter 41000/50000 | Val Loss: 0.1619 | Val Acc: 97.82% | Best at iter 4800
  Iter 42000/50000 | Val Loss: 0.1779 | Val Acc: 98.04% | Best at iter 4800
  Iter 43000/50000 | Val Loss: 0.1706 | Val Acc: 98.02% | Best at iter 4800
  Iter 44000/50000 | Val Loss: 0.2056 | Val Acc: 97.82% | Best at iter 4800
  Iter 45000/50000 | Val Loss: 0.1947 | Val Acc: 97.98% | Best at iter 4800
  Iter 46000/50000 | Val Loss: 0.2350 | Val Acc: 97.66% | Best at iter 4800
  Iter 47000/50000 | Val Loss: 0.1893 | Val Acc: 97.78% | Best at iter 4800
  Iter 48000/50000 | Val Loss: 0.1699 | Val Acc: 98.08% | Best at iter 4800
  Iter 49000/50000 | Val Loss: 0.1951 | Val Acc: 97.94% | Best at iter 4800
  Iter 50000/50000 | Val Loss: 0.1773 | Val Acc: 98.00% | Best at iter 4800
[PRUNE] Pruning to 51.20%...
[RESET] Resetting to initial weights...

--- Round 4 (current: 51.20%) ---
[TRAIN] Training...
  Iter 1000/50000 | Val Loss: 0.1013 | Val Acc: 96.80% | Best at iter 1000
  Iter 2000/50000 | Val Loss: 0.0852 | Val Acc: 97.28% | Best at iter 1900
  Iter 3000/50000 | Val Loss: 0.0925 | Val Acc: 97.48% | Best at iter 2900
  Iter 4000/50000 | Val Loss: 0.0774 | Val Acc: 97.78% | Best at iter 2900
  Iter 5000/50000 | Val Loss: 0.0960 | Val Acc: 97.60% | Best at iter 2900
  Iter 6000/50000 | Val Loss: 0.0803 | Val Acc: 98.06% | Best at iter 2900
  Iter 7000/50000 | Val Loss: 0.1073 | Val Acc: 97.46% | Best at iter 2900
  Iter 8000/50000 | Val Loss: 0.0929 | Val Acc: 97.90% | Best at iter 2900
  Iter 9000/50000 | Val Loss: 0.1050 | Val Acc: 97.72% | Best at iter 2900
  Iter 10000/50000 | Val Loss: 0.1189 | Val Acc: 97.54% | Best at iter 2900
  Iter 11000/50000 | Val Loss: 0.1172 | Val Acc: 97.76% | Best at iter 2900
  Iter 12000/50000 | Val Loss: 0.1097 | Val Acc: 98.10% | Best at iter 2900
  Iter 13000/50000 | Val Loss: 0.1269 | Val Acc: 97.64% | Best at iter 2900
  Iter 14000/50000 | Val Loss: 0.1217 | Val Acc: 97.96% | Best at iter 2900
  Iter 15000/50000 | Val Loss: 0.1484 | Val Acc: 97.68% | Best at iter 2900
  Iter 16000/50000 | Val Loss: 0.1453 | Val Acc: 97.62% | Best at iter 2900
  Iter 17000/50000 | Val Loss: 0.1058 | Val Acc: 98.34% | Best at iter 2900
  Iter 18000/50000 | Val Loss: 0.1286 | Val Acc: 97.96% | Best at iter 2900
  Iter 19000/50000 | Val Loss: 0.1362 | Val Acc: 98.08% | Best at iter 2900
  Iter 20000/50000 | Val Loss: 0.1528 | Val Acc: 97.78% | Best at iter 2900
  Iter 21000/50000 | Val Loss: 0.1415 | Val Acc: 97.70% | Best at iter 2900
  Iter 22000/50000 | Val Loss: 0.2341 | Val Acc: 96.80% | Best at iter 2900
  Iter 23000/50000 | Val Loss: 0.1674 | Val Acc: 97.80% | Best at iter 2900
  Iter 24000/50000 | Val Loss: 0.1562 | Val Acc: 97.86% | Best at iter 2900
  Iter 25000/50000 | Val Loss: 0.1470 | Val Acc: 97.92% | Best at iter 2900
  Iter 26000/50000 | Val Loss: 0.1794 | Val Acc: 97.80% | Best at iter 2900
  Iter 27000/50000 | Val Loss: 0.1796 | Val Acc: 97.76% | Best at iter 2900
  Iter 28000/50000 | Val Loss: 0.1536 | Val Acc: 97.96% | Best at iter 2900
  Iter 29000/50000 | Val Loss: 0.1699 | Val Acc: 98.04% | Best at iter 2900
  Iter 30000/50000 | Val Loss: 0.1753 | Val Acc: 97.76% | Best at iter 2900
  Iter 31000/50000 | Val Loss: 0.2083 | Val Acc: 97.44% | Best at iter 2900
  Iter 32000/50000 | Val Loss: 0.1849 | Val Acc: 97.72% | Best at iter 2900
  Iter 33000/50000 | Val Loss: 0.1747 | Val Acc: 98.02% | Best at iter 2900
  Iter 34000/50000 | Val Loss: 0.1795 | Val Acc: 97.90% | Best at iter 2900
  Iter 35000/50000 | Val Loss: 0.2088 | Val Acc: 97.40% | Best at iter 2900
  Iter 36000/50000 | Val Loss: 0.1775 | Val Acc: 97.82% | Best at iter 2900
  Iter 37000/50000 | Val Loss: 0.1616 | Val Acc: 97.84% | Best at iter 2900
  Iter 38000/50000 | Val Loss: 0.1735 | Val Acc: 97.88% | Best at iter 2900
  Iter 39000/50000 | Val Loss: 0.2233 | Val Acc: 97.76% | Best at iter 2900
  Iter 40000/50000 | Val Loss: 0.2071 | Val Acc: 97.86% | Best at iter 2900
  Iter 41000/50000 | Val Loss: 0.1952 | Val Acc: 97.76% | Best at iter 2900
  Iter 42000/50000 | Val Loss: 0.2262 | Val Acc: 97.88% | Best at iter 2900
  Iter 43000/50000 | Val Loss: 0.2402 | Val Acc: 97.66% | Best at iter 2900
  Iter 44000/50000 | Val Loss: 0.2153 | Val Acc: 97.82% | Best at iter 2900
  Iter 45000/50000 | Val Loss: 0.2288 | Val Acc: 97.80% | Best at iter 2900
  Iter 46000/50000 | Val Loss: 0.2068 | Val Acc: 97.86% | Best at iter 2900
  Iter 47000/50000 | Val Loss: 0.2222 | Val Acc: 97.92% | Best at iter 2900
  Iter 48000/50000 | Val Loss: 0.2098 | Val Acc: 98.00% | Best at iter 2900
  Iter 49000/50000 | Val Loss: 0.2320 | Val Acc: 98.00% | Best at iter 2900
  Iter 50000/50000 | Val Loss: 0.2353 | Val Acc: 98.02% | Best at iter 2900
[PRUNE] Pruning to 40.96%...
[RESET] Resetting to initial weights...

--- Round 5 (current: 40.96%) ---
[TRAIN] Training...
  Iter 1000/50000 | Val Loss: 0.1064 | Val Acc: 96.60% | Best at iter 900
  Iter 2000/50000 | Val Loss: 0.0940 | Val Acc: 97.04% | Best at iter 1900
  Iter 3000/50000 | Val Loss: 0.0783 | Val Acc: 97.86% | Best at iter 2900
  Iter 4000/50000 | Val Loss: 0.0828 | Val Acc: 97.72% | Best at iter 2900
  Iter 5000/50000 | Val Loss: 0.0886 | Val Acc: 97.76% | Best at iter 2900
  Iter 6000/50000 | Val Loss: 0.1075 | Val Acc: 97.60% | Best at iter 2900
  Iter 7000/50000 | Val Loss: 0.0786 | Val Acc: 98.00% | Best at iter 6500
  Iter 8000/50000 | Val Loss: 0.1136 | Val Acc: 97.76% | Best at iter 6500
  Iter 9000/50000 | Val Loss: 0.1110 | Val Acc: 97.66% | Best at iter 6500
  Iter 10000/50000 | Val Loss: 0.1190 | Val Acc: 97.66% | Best at iter 6500
  Iter 11000/50000 | Val Loss: 0.1108 | Val Acc: 97.58% | Best at iter 6500
  Iter 12000/50000 | Val Loss: 0.1285 | Val Acc: 97.76% | Best at iter 6500
  Iter 13000/50000 | Val Loss: 0.1103 | Val Acc: 97.80% | Best at iter 6500
  Iter 14000/50000 | Val Loss: 0.1215 | Val Acc: 97.66% | Best at iter 6500
  Iter 15000/50000 | Val Loss: 0.1236 | Val Acc: 97.90% | Best at iter 6500
  Iter 16000/50000 | Val Loss: 0.1299 | Val Acc: 97.82% | Best at iter 6500
  Iter 17000/50000 | Val Loss: 0.1025 | Val Acc: 98.16% | Best at iter 6500
  Iter 18000/50000 | Val Loss: 0.1448 | Val Acc: 97.74% | Best at iter 6500
  Iter 19000/50000 | Val Loss: 0.1235 | Val Acc: 97.96% | Best at iter 6500
  Iter 20000/50000 | Val Loss: 0.1370 | Val Acc: 98.08% | Best at iter 6500
  Iter 21000/50000 | Val Loss: 0.1450 | Val Acc: 97.82% | Best at iter 6500
  Iter 22000/50000 | Val Loss: 0.1384 | Val Acc: 98.16% | Best at iter 6500
  Iter 23000/50000 | Val Loss: 0.1566 | Val Acc: 97.68% | Best at iter 6500
  Iter 24000/50000 | Val Loss: 0.1458 | Val Acc: 97.96% | Best at iter 6500
  Iter 25000/50000 | Val Loss: 0.1466 | Val Acc: 97.98% | Best at iter 6500
  Iter 26000/50000 | Val Loss: 0.1446 | Val Acc: 98.12% | Best at iter 6500
  Iter 27000/50000 | Val Loss: 0.1411 | Val Acc: 98.16% | Best at iter 6500
  Iter 28000/50000 | Val Loss: 0.1717 | Val Acc: 97.92% | Best at iter 6500
  Iter 29000/50000 | Val Loss: 0.1433 | Val Acc: 98.10% | Best at iter 6500
  Iter 30000/50000 | Val Loss: 0.2092 | Val Acc: 97.62% | Best at iter 6500
  Iter 31000/50000 | Val Loss: 0.1733 | Val Acc: 97.98% | Best at iter 6500
  Iter 32000/50000 | Val Loss: 0.1808 | Val Acc: 97.98% | Best at iter 6500
  Iter 33000/50000 | Val Loss: 0.1782 | Val Acc: 98.14% | Best at iter 6500
  Iter 34000/50000 | Val Loss: 0.1776 | Val Acc: 98.08% | Best at iter 6500
  Iter 35000/50000 | Val Loss: 0.1862 | Val Acc: 97.94% | Best at iter 6500
  Iter 36000/50000 | Val Loss: 0.1944 | Val Acc: 97.76% | Best at iter 6500
  Iter 37000/50000 | Val Loss: 0.1842 | Val Acc: 98.16% | Best at iter 6500
  Iter 38000/50000 | Val Loss: 0.1986 | Val Acc: 98.10% | Best at iter 6500
  Iter 39000/50000 | Val Loss: 0.1740 | Val Acc: 98.22% | Best at iter 6500
  Iter 40000/50000 | Val Loss: 0.1691 | Val Acc: 98.30% | Best at iter 6500
  Iter 41000/50000 | Val Loss: 0.2065 | Val Acc: 97.96% | Best at iter 6500
  Iter 42000/50000 | Val Loss: 0.2432 | Val Acc: 97.80% | Best at iter 6500
  Iter 43000/50000 | Val Loss: 0.1956 | Val Acc: 98.16% | Best at iter 6500
  Iter 44000/50000 | Val Loss: 0.1855 | Val Acc: 98.02% | Best at iter 6500
  Iter 45000/50000 | Val Loss: 0.2088 | Val Acc: 98.06% | Best at iter 6500
  Iter 46000/50000 | Val Loss: 0.2167 | Val Acc: 98.08% | Best at iter 6500
  Iter 47000/50000 | Val Loss: 0.2031 | Val Acc: 98.10% | Best at iter 6500
  Iter 48000/50000 | Val Loss: 0.2212 | Val Acc: 98.08% | Best at iter 6500
  Iter 49000/50000 | Val Loss: 0.2092 | Val Acc: 98.16% | Best at iter 6500
  Iter 50000/50000 | Val Loss: 0.2390 | Val Acc: 98.16% | Best at iter 6500
[PRUNE] Pruning to 32.77%...
[RESET] Resetting to initial weights...

--- Round 6 (current: 32.77%) ---
[TRAIN] Training...
  Iter 1000/50000 | Val Loss: 0.0868 | Val Acc: 97.40% | Best at iter 1000
  Iter 2000/50000 | Val Loss: 0.0768 | Val Acc: 97.58% | Best at iter 2000
  Iter 3000/50000 | Val Loss: 0.0685 | Val Acc: 98.06% | Best at iter 2300
  Iter 4000/50000 | Val Loss: 0.0753 | Val Acc: 98.06% | Best at iter 2300
  Iter 5000/50000 | Val Loss: 0.1004 | Val Acc: 97.48% | Best at iter 2300
  Iter 6000/50000 | Val Loss: 0.0799 | Val Acc: 98.00% | Best at iter 2300
  Iter 7000/50000 | Val Loss: 0.1081 | Val Acc: 97.76% | Best at iter 2300
  Iter 8000/50000 | Val Loss: 0.0995 | Val Acc: 97.92% | Best at iter 2300
  Iter 9000/50000 | Val Loss: 0.0952 | Val Acc: 98.02% | Best at iter 2300
  Iter 10000/50000 | Val Loss: 0.1076 | Val Acc: 97.88% | Best at iter 2300
  Iter 11000/50000 | Val Loss: 0.1126 | Val Acc: 97.68% | Best at iter 2300
  Iter 12000/50000 | Val Loss: 0.1371 | Val Acc: 97.70% | Best at iter 2300
  Iter 13000/50000 | Val Loss: 0.1139 | Val Acc: 98.20% | Best at iter 2300
  Iter 14000/50000 | Val Loss: 0.1035 | Val Acc: 98.10% | Best at iter 2300
  Iter 15000/50000 | Val Loss: 0.1039 | Val Acc: 98.08% | Best at iter 2300
  Iter 16000/50000 | Val Loss: 0.1295 | Val Acc: 98.02% | Best at iter 2300
  Iter 17000/50000 | Val Loss: 0.1122 | Val Acc: 98.08% | Best at iter 2300
  Iter 18000/50000 | Val Loss: 0.1233 | Val Acc: 98.06% | Best at iter 2300
  Iter 19000/50000 | Val Loss: 0.1376 | Val Acc: 98.00% | Best at iter 2300
  Iter 20000/50000 | Val Loss: 0.1532 | Val Acc: 97.92% | Best at iter 2300
  Iter 21000/50000 | Val Loss: 0.1583 | Val Acc: 97.82% | Best at iter 2300
  Iter 22000/50000 | Val Loss: 0.1526 | Val Acc: 97.98% | Best at iter 2300
  Iter 23000/50000 | Val Loss: 0.1234 | Val Acc: 98.28% | Best at iter 2300
  Iter 24000/50000 | Val Loss: 0.1331 | Val Acc: 98.08% | Best at iter 2300
  Iter 25000/50000 | Val Loss: 0.1376 | Val Acc: 98.06% | Best at iter 2300
  Iter 26000/50000 | Val Loss: 0.1588 | Val Acc: 97.68% | Best at iter 2300
  Iter 27000/50000 | Val Loss: 0.1273 | Val Acc: 98.14% | Best at iter 2300
  Iter 28000/50000 | Val Loss: 0.1509 | Val Acc: 98.02% | Best at iter 2300
  Iter 29000/50000 | Val Loss: 0.1431 | Val Acc: 98.20% | Best at iter 2300
  Iter 30000/50000 | Val Loss: 0.1654 | Val Acc: 97.98% | Best at iter 2300
  Iter 31000/50000 | Val Loss: 0.1679 | Val Acc: 97.96% | Best at iter 2300
  Iter 32000/50000 | Val Loss: 0.1682 | Val Acc: 97.82% | Best at iter 2300
  Iter 33000/50000 | Val Loss: 0.1664 | Val Acc: 97.80% | Best at iter 2300
  Iter 34000/50000 | Val Loss: 0.1627 | Val Acc: 98.16% | Best at iter 2300
  Iter 35000/50000 | Val Loss: 0.1561 | Val Acc: 98.18% | Best at iter 2300
  Iter 36000/50000 | Val Loss: 0.1971 | Val Acc: 98.04% | Best at iter 2300
  Iter 37000/50000 | Val Loss: 0.1764 | Val Acc: 98.06% | Best at iter 2300
  Iter 38000/50000 | Val Loss: 0.1694 | Val Acc: 98.30% | Best at iter 2300
  Iter 39000/50000 | Val Loss: 0.2015 | Val Acc: 98.06% | Best at iter 2300
  Iter 40000/50000 | Val Loss: 0.1790 | Val Acc: 98.18% | Best at iter 2300
  Iter 41000/50000 | Val Loss: 0.1882 | Val Acc: 98.02% | Best at iter 2300
  Iter 42000/50000 | Val Loss: 0.2061 | Val Acc: 97.90% | Best at iter 2300
  Iter 43000/50000 | Val Loss: 0.2472 | Val Acc: 97.82% | Best at iter 2300
  Iter 44000/50000 | Val Loss: 0.2138 | Val Acc: 97.94% | Best at iter 2300
  Iter 45000/50000 | Val Loss: 0.1998 | Val Acc: 98.04% | Best at iter 2300
  Iter 46000/50000 | Val Loss: 0.1973 | Val Acc: 98.32% | Best at iter 2300
  Iter 47000/50000 | Val Loss: 0.2028 | Val Acc: 98.00% | Best at iter 2300
  Iter 48000/50000 | Val Loss: 0.2083 | Val Acc: 97.88% | Best at iter 2300
  Iter 49000/50000 | Val Loss: 0.2099 | Val Acc: 98.06% | Best at iter 2300
  Iter 50000/50000 | Val Loss: 0.2188 | Val Acc: 97.82% | Best at iter 2300
[PRUNE] Pruning to 26.21%...
[RESET] Resetting to initial weights...

--- Round 7 (current: 26.21%) ---
[TRAIN] Training...
  Iter 1000/50000 | Val Loss: 0.0939 | Val Acc: 97.14% | Best at iter 900
  Iter 2000/50000 | Val Loss: 0.0770 | Val Acc: 97.50% | Best at iter 1800
  Iter 3000/50000 | Val Loss: 0.0826 | Val Acc: 97.74% | Best at iter 2400
  Iter 4000/50000 | Val Loss: 0.0707 | Val Acc: 98.08% | Best at iter 3500
  Iter 5000/50000 | Val Loss: 0.0793 | Val Acc: 97.72% | Best at iter 3500
  Iter 6000/50000 | Val Loss: 0.0886 | Val Acc: 97.80% | Best at iter 3500
  Iter 7000/50000 | Val Loss: 0.0982 | Val Acc: 97.76% | Best at iter 3500
  Iter 8000/50000 | Val Loss: 0.0906 | Val Acc: 97.88% | Best at iter 3500
  Iter 9000/50000 | Val Loss: 0.1079 | Val Acc: 97.62% | Best at iter 3500
  Iter 10000/50000 | Val Loss: 0.1248 | Val Acc: 97.64% | Best at iter 3500
  Iter 11000/50000 | Val Loss: 0.0972 | Val Acc: 97.82% | Best at iter 3500
  Iter 12000/50000 | Val Loss: 0.1138 | Val Acc: 97.80% | Best at iter 3500
  Iter 13000/50000 | Val Loss: 0.1325 | Val Acc: 97.68% | Best at iter 3500
  Iter 14000/50000 | Val Loss: 0.1007 | Val Acc: 98.20% | Best at iter 3500
  Iter 15000/50000 | Val Loss: 0.1205 | Val Acc: 97.84% | Best at iter 3500
  Iter 16000/50000 | Val Loss: 0.1241 | Val Acc: 98.12% | Best at iter 3500
  Iter 17000/50000 | Val Loss: 0.1391 | Val Acc: 97.82% | Best at iter 3500
  Iter 18000/50000 | Val Loss: 0.1398 | Val Acc: 97.82% | Best at iter 3500
  Iter 19000/50000 | Val Loss: 0.1402 | Val Acc: 97.74% | Best at iter 3500
  Iter 20000/50000 | Val Loss: 0.1503 | Val Acc: 97.88% | Best at iter 3500
  Iter 21000/50000 | Val Loss: 0.1473 | Val Acc: 97.84% | Best at iter 3500
  Iter 22000/50000 | Val Loss: 0.1476 | Val Acc: 97.98% | Best at iter 3500
  Iter 23000/50000 | Val Loss: 0.1657 | Val Acc: 97.82% | Best at iter 3500
  Iter 24000/50000 | Val Loss: 0.1349 | Val Acc: 98.12% | Best at iter 3500
  Iter 25000/50000 | Val Loss: 0.1639 | Val Acc: 98.20% | Best at iter 3500
  Iter 26000/50000 | Val Loss: 0.1729 | Val Acc: 97.80% | Best at iter 3500
  Iter 27000/50000 | Val Loss: 0.1524 | Val Acc: 97.96% | Best at iter 3500
  Iter 28000/50000 | Val Loss: 0.1880 | Val Acc: 97.68% | Best at iter 3500
  Iter 29000/50000 | Val Loss: 0.1824 | Val Acc: 97.66% | Best at iter 3500
  Iter 30000/50000 | Val Loss: 0.1703 | Val Acc: 97.92% | Best at iter 3500
  Iter 31000/50000 | Val Loss: 0.1888 | Val Acc: 97.64% | Best at iter 3500
  Iter 32000/50000 | Val Loss: 0.1639 | Val Acc: 98.04% | Best at iter 3500
  Iter 33000/50000 | Val Loss: 0.1857 | Val Acc: 98.08% | Best at iter 3500
  Iter 34000/50000 | Val Loss: 0.2167 | Val Acc: 97.66% | Best at iter 3500
  Iter 35000/50000 | Val Loss: 0.1740 | Val Acc: 97.98% | Best at iter 3500
  Iter 36000/50000 | Val Loss: 0.1808 | Val Acc: 98.10% | Best at iter 3500
  Iter 37000/50000 | Val Loss: 0.1749 | Val Acc: 98.08% | Best at iter 3500
  Iter 38000/50000 | Val Loss: 0.1952 | Val Acc: 97.94% | Best at iter 3500
  Iter 39000/50000 | Val Loss: 0.1938 | Val Acc: 98.04% | Best at iter 3500
  Iter 40000/50000 | Val Loss: 0.1784 | Val Acc: 98.20% | Best at iter 3500
  Iter 41000/50000 | Val Loss: 0.1976 | Val Acc: 98.24% | Best at iter 3500
  Iter 42000/50000 | Val Loss: 0.1760 | Val Acc: 98.02% | Best at iter 3500
  Iter 43000/50000 | Val Loss: 0.2076 | Val Acc: 97.98% | Best at iter 3500
  Iter 44000/50000 | Val Loss: 0.2146 | Val Acc: 97.70% | Best at iter 3500
  Iter 45000/50000 | Val Loss: 0.2034 | Val Acc: 97.88% | Best at iter 3500
  Iter 46000/50000 | Val Loss: 0.2172 | Val Acc: 98.02% | Best at iter 3500
  Iter 47000/50000 | Val Loss: 0.1982 | Val Acc: 98.10% | Best at iter 3500
  Iter 48000/50000 | Val Loss: 0.2125 | Val Acc: 97.96% | Best at iter 3500
  Iter 49000/50000 | Val Loss: 0.1908 | Val Acc: 98.06% | Best at iter 3500
  Iter 50000/50000 | Val Loss: 0.2111 | Val Acc: 97.92% | Best at iter 3500
[PRUNE] Pruning to 20.97%...
[RESET] Resetting to initial weights...

--- Round 8 (current: 20.97%) ---
[TRAIN] Training...
  Iter 1000/50000 | Val Loss: 0.0874 | Val Acc: 97.30% | Best at iter 1000
  Iter 2000/50000 | Val Loss: 0.0785 | Val Acc: 97.34% | Best at iter 1900
  Iter 3000/50000 | Val Loss: 0.0686 | Val Acc: 97.88% | Best at iter 2900
  Iter 4000/50000 | Val Loss: 0.0833 | Val Acc: 97.66% | Best at iter 2900
  Iter 5000/50000 | Val Loss: 0.0755 | Val Acc: 97.86% | Best at iter 2900
  Iter 6000/50000 | Val Loss: 0.0844 | Val Acc: 97.96% | Best at iter 2900
  Iter 7000/50000 | Val Loss: 0.0927 | Val Acc: 97.72% | Best at iter 2900
  Iter 8000/50000 | Val Loss: 0.0907 | Val Acc: 97.96% | Best at iter 2900
  Iter 9000/50000 | Val Loss: 0.0969 | Val Acc: 97.86% | Best at iter 2900
  Iter 10000/50000 | Val Loss: 0.0979 | Val Acc: 97.72% | Best at iter 2900
  Iter 11000/50000 | Val Loss: 0.1069 | Val Acc: 97.84% | Best at iter 2900
  Iter 12000/50000 | Val Loss: 0.1255 | Val Acc: 97.74% | Best at iter 2900
  Iter 13000/50000 | Val Loss: 0.1107 | Val Acc: 97.92% | Best at iter 2900
  Iter 14000/50000 | Val Loss: 0.1035 | Val Acc: 98.06% | Best at iter 2900
  Iter 15000/50000 | Val Loss: 0.1040 | Val Acc: 98.10% | Best at iter 2900
  Iter 16000/50000 | Val Loss: 0.1170 | Val Acc: 97.98% | Best at iter 2900
  Iter 17000/50000 | Val Loss: 0.1339 | Val Acc: 97.98% | Best at iter 2900
  Iter 18000/50000 | Val Loss: 0.1279 | Val Acc: 97.90% | Best at iter 2900
  Iter 19000/50000 | Val Loss: 0.1190 | Val Acc: 98.10% | Best at iter 2900
  Iter 20000/50000 | Val Loss: 0.1416 | Val Acc: 97.96% | Best at iter 2900
  Iter 21000/50000 | Val Loss: 0.1296 | Val Acc: 98.02% | Best at iter 2900
  Iter 22000/50000 | Val Loss: 0.1414 | Val Acc: 97.90% | Best at iter 2900
  Iter 23000/50000 | Val Loss: 0.1489 | Val Acc: 97.84% | Best at iter 2900
  Iter 24000/50000 | Val Loss: 0.1347 | Val Acc: 98.08% | Best at iter 2900
  Iter 25000/50000 | Val Loss: 0.1419 | Val Acc: 97.96% | Best at iter 2900
  Iter 26000/50000 | Val Loss: 0.1728 | Val Acc: 97.78% | Best at iter 2900
  Iter 27000/50000 | Val Loss: 0.1683 | Val Acc: 97.92% | Best at iter 2900
  Iter 28000/50000 | Val Loss: 0.1542 | Val Acc: 97.96% | Best at iter 2900
  Iter 29000/50000 | Val Loss: 0.1725 | Val Acc: 97.64% | Best at iter 2900
  Iter 30000/50000 | Val Loss: 0.1667 | Val Acc: 97.78% | Best at iter 2900
  Iter 31000/50000 | Val Loss: 0.1620 | Val Acc: 98.02% | Best at iter 2900
  Iter 32000/50000 | Val Loss: 0.1651 | Val Acc: 98.08% | Best at iter 2900
  Iter 33000/50000 | Val Loss: 0.1883 | Val Acc: 97.66% | Best at iter 2900
  Iter 34000/50000 | Val Loss: 0.1789 | Val Acc: 97.84% | Best at iter 2900
  Iter 35000/50000 | Val Loss: 0.1676 | Val Acc: 97.96% | Best at iter 2900
  Iter 36000/50000 | Val Loss: 0.1599 | Val Acc: 98.08% | Best at iter 2900
  Iter 37000/50000 | Val Loss: 0.1713 | Val Acc: 97.90% | Best at iter 2900
  Iter 38000/50000 | Val Loss: 0.1788 | Val Acc: 98.00% | Best at iter 2900
  Iter 39000/50000 | Val Loss: 0.2065 | Val Acc: 97.92% | Best at iter 2900
  Iter 40000/50000 | Val Loss: 0.1984 | Val Acc: 98.04% | Best at iter 2900
  Iter 41000/50000 | Val Loss: 0.2088 | Val Acc: 97.90% | Best at iter 2900
  Iter 42000/50000 | Val Loss: 0.2308 | Val Acc: 97.94% | Best at iter 2900
  Iter 43000/50000 | Val Loss: 0.2106 | Val Acc: 98.00% | Best at iter 2900
  Iter 44000/50000 | Val Loss: 0.2082 | Val Acc: 97.98% | Best at iter 2900
  Iter 45000/50000 | Val Loss: 0.2080 | Val Acc: 97.98% | Best at iter 2900
  Iter 46000/50000 | Val Loss: 0.2121 | Val Acc: 97.98% | Best at iter 2900
  Iter 47000/50000 | Val Loss: 0.2138 | Val Acc: 98.12% | Best at iter 2900
  Iter 48000/50000 | Val Loss: 0.2261 | Val Acc: 98.00% | Best at iter 2900
  Iter 49000/50000 | Val Loss: 0.2297 | Val Acc: 97.96% | Best at iter 2900
  Iter 50000/50000 | Val Loss: 0.2108 | Val Acc: 98.12% | Best at iter 2900
[PRUNE] Pruning to 16.78%...
[RESET] Resetting to initial weights...

--- Round 9 (current: 16.78%) ---
[TRAIN] Training...
  Iter 1000/50000 | Val Loss: 0.0821 | Val Acc: 97.50% | Best at iter 1000
  Iter 2000/50000 | Val Loss: 0.0680 | Val Acc: 97.76% | Best at iter 1900
  Iter 3000/50000 | Val Loss: 0.0635 | Val Acc: 98.04% | Best at iter 3000
  Iter 4000/50000 | Val Loss: 0.0667 | Val Acc: 98.10% | Best at iter 3700
  Iter 5000/50000 | Val Loss: 0.0709 | Val Acc: 97.98% | Best at iter 3700
  Iter 6000/50000 | Val Loss: 0.0765 | Val Acc: 97.98% | Best at iter 3700
  Iter 7000/50000 | Val Loss: 0.1074 | Val Acc: 97.74% | Best at iter 3700
  Iter 8000/50000 | Val Loss: 0.0817 | Val Acc: 98.00% | Best at iter 3700
  Iter 9000/50000 | Val Loss: 0.1134 | Val Acc: 97.66% | Best at iter 3700
  Iter 10000/50000 | Val Loss: 0.1079 | Val Acc: 97.88% | Best at iter 3700
  Iter 11000/50000 | Val Loss: 0.1018 | Val Acc: 98.12% | Best at iter 3700
  Iter 12000/50000 | Val Loss: 0.1203 | Val Acc: 97.66% | Best at iter 3700
  Iter 13000/50000 | Val Loss: 0.1193 | Val Acc: 98.00% | Best at iter 3700
  Iter 14000/50000 | Val Loss: 0.1107 | Val Acc: 98.06% | Best at iter 3700
  Iter 15000/50000 | Val Loss: 0.0956 | Val Acc: 98.20% | Best at iter 3700
  Iter 16000/50000 | Val Loss: 0.1536 | Val Acc: 97.34% | Best at iter 3700
  Iter 17000/50000 | Val Loss: 0.1222 | Val Acc: 98.02% | Best at iter 3700
  Iter 18000/50000 | Val Loss: 0.1204 | Val Acc: 97.84% | Best at iter 3700
  Iter 19000/50000 | Val Loss: 0.1268 | Val Acc: 97.98% | Best at iter 3700
  Iter 20000/50000 | Val Loss: 0.1168 | Val Acc: 98.00% | Best at iter 3700
  Iter 21000/50000 | Val Loss: 0.1265 | Val Acc: 98.12% | Best at iter 3700
  Iter 22000/50000 | Val Loss: 0.1313 | Val Acc: 97.86% | Best at iter 3700
  Iter 23000/50000 | Val Loss: 0.1354 | Val Acc: 98.06% | Best at iter 3700
  Iter 24000/50000 | Val Loss: 0.1393 | Val Acc: 98.10% | Best at iter 3700
  Iter 25000/50000 | Val Loss: 0.1428 | Val Acc: 98.06% | Best at iter 3700
  Iter 26000/50000 | Val Loss: 0.1537 | Val Acc: 97.98% | Best at iter 3700
  Iter 27000/50000 | Val Loss: 0.1431 | Val Acc: 98.12% | Best at iter 3700
  Iter 28000/50000 | Val Loss: 0.1505 | Val Acc: 97.84% | Best at iter 3700
  Iter 29000/50000 | Val Loss: 0.1537 | Val Acc: 98.04% | Best at iter 3700
  Iter 30000/50000 | Val Loss: 0.1484 | Val Acc: 97.92% | Best at iter 3700
  Iter 31000/50000 | Val Loss: 0.1440 | Val Acc: 98.32% | Best at iter 3700
  Iter 32000/50000 | Val Loss: 0.1574 | Val Acc: 98.02% | Best at iter 3700
  Iter 33000/50000 | Val Loss: 0.1965 | Val Acc: 97.80% | Best at iter 3700
  Iter 34000/50000 | Val Loss: 0.1547 | Val Acc: 98.08% | Best at iter 3700
  Iter 35000/50000 | Val Loss: 0.1600 | Val Acc: 98.04% | Best at iter 3700
  Iter 36000/50000 | Val Loss: 0.1588 | Val Acc: 98.00% | Best at iter 3700
  Iter 37000/50000 | Val Loss: 0.1595 | Val Acc: 98.00% | Best at iter 3700
  Iter 38000/50000 | Val Loss: 0.1601 | Val Acc: 97.96% | Best at iter 3700
  Iter 39000/50000 | Val Loss: 0.1599 | Val Acc: 98.00% | Best at iter 3700
  Iter 40000/50000 | Val Loss: 0.1602 | Val Acc: 97.98% | Best at iter 3700
  Iter 41000/50000 | Val Loss: 0.1613 | Val Acc: 98.02% | Best at iter 3700
  Iter 42000/50000 | Val Loss: 0.1631 | Val Acc: 98.06% | Best at iter 3700
  Iter 43000/50000 | Val Loss: 0.1636 | Val Acc: 98.08% | Best at iter 3700
  Iter 44000/50000 | Val Loss: 0.1653 | Val Acc: 98.10% | Best at iter 3700
  Iter 45000/50000 | Val Loss: 0.1681 | Val Acc: 98.16% | Best at iter 3700
  Iter 46000/50000 | Val Loss: 0.1701 | Val Acc: 98.14% | Best at iter 3700
  Iter 47000/50000 | Val Loss: 0.1721 | Val Acc: 98.24% | Best at iter 3700
  Iter 48000/50000 | Val Loss: 0.1751 | Val Acc: 98.20% | Best at iter 3700
  Iter 49000/50000 | Val Loss: 0.1789 | Val Acc: 98.18% | Best at iter 3700
  Iter 50000/50000 | Val Loss: 0.1835 | Val Acc: 98.18% | Best at iter 3700
[PRUNE] Pruning to 13.42%...
[RESET] Resetting to initial weights...

--- Round 10 (current: 13.42%) ---
[TRAIN] Training...
  Iter 1000/50000 | Val Loss: 0.0822 | Val Acc: 97.50% | Best at iter 1000
  Iter 2000/50000 | Val Loss: 0.0661 | Val Acc: 97.84% | Best at iter 2000
  Iter 3000/50000 | Val Loss: 0.0676 | Val Acc: 97.94% | Best at iter 2800
  Iter 4000/50000 | Val Loss: 0.0616 | Val Acc: 98.24% | Best at iter 4000
  Iter 5000/50000 | Val Loss: 0.0682 | Val Acc: 98.02% | Best at iter 4000
  Iter 6000/50000 | Val Loss: 0.0669 | Val Acc: 98.12% | Best at iter 4000
  Iter 7000/50000 | Val Loss: 0.0886 | Val Acc: 97.80% | Best at iter 4000
  Iter 8000/50000 | Val Loss: 0.0881 | Val Acc: 97.90% | Best at iter 4000
  Iter 9000/50000 | Val Loss: 0.0868 | Val Acc: 98.16% | Best at iter 4000
  Iter 10000/50000 | Val Loss: 0.1052 | Val Acc: 97.92% | Best at iter 4000
  Iter 11000/50000 | Val Loss: 0.0993 | Val Acc: 98.08% | Best at iter 4000
  Iter 12000/50000 | Val Loss: 0.1035 | Val Acc: 97.94% | Best at iter 4000
  Iter 13000/50000 | Val Loss: 0.1137 | Val Acc: 97.90% | Best at iter 4000
  Iter 14000/50000 | Val Loss: 0.1104 | Val Acc: 98.16% | Best at iter 4000
  Iter 15000/50000 | Val Loss: 0.1190 | Val Acc: 97.96% | Best at iter 4000
  Iter 16000/50000 | Val Loss: 0.1052 | Val Acc: 98.04% | Best at iter 4000
  Iter 17000/50000 | Val Loss: 0.1111 | Val Acc: 98.10% | Best at iter 4000
  Iter 18000/50000 | Val Loss: 0.1249 | Val Acc: 98.00% | Best at iter 4000
  Iter 19000/50000 | Val Loss: 0.1046 | Val Acc: 98.32% | Best at iter 4000
  Iter 20000/50000 | Val Loss: 0.1041 | Val Acc: 98.36% | Best at iter 4000
  Iter 21000/50000 | Val Loss: 0.1019 | Val Acc: 98.32% | Best at iter 4000
  Iter 22000/50000 | Val Loss: 0.1033 | Val Acc: 98.30% | Best at iter 4000
  Iter 23000/50000 | Val Loss: 0.1043 | Val Acc: 98.36% | Best at iter 4000
  Iter 24000/50000 | Val Loss: 0.1060 | Val Acc: 98.30% | Best at iter 4000
  Iter 25000/50000 | Val Loss: 0.1077 | Val Acc: 98.40% | Best at iter 4000
  Iter 26000/50000 | Val Loss: 0.1096 | Val Acc: 98.36% | Best at iter 4000
  Iter 27000/50000 | Val Loss: 0.1124 | Val Acc: 98.34% | Best at iter 4000
  Iter 28000/50000 | Val Loss: 0.1469 | Val Acc: 98.04% | Best at iter 4000
  Iter 29000/50000 | Val Loss: 0.1308 | Val Acc: 98.08% | Best at iter 4000
  Iter 30000/50000 | Val Loss: 0.1336 | Val Acc: 98.06% | Best at iter 4000
  Iter 31000/50000 | Val Loss: 0.1286 | Val Acc: 98.08% | Best at iter 4000
  Iter 32000/50000 | Val Loss: 0.1554 | Val Acc: 97.90% | Best at iter 4000
  Iter 33000/50000 | Val Loss: 0.1429 | Val Acc: 98.22% | Best at iter 4000
  Iter 34000/50000 | Val Loss: 0.1487 | Val Acc: 98.04% | Best at iter 4000
  Iter 35000/50000 | Val Loss: 0.1604 | Val Acc: 98.08% | Best at iter 4000
  Iter 36000/50000 | Val Loss: 0.1524 | Val Acc: 98.08% | Best at iter 4000
  Iter 37000/50000 | Val Loss: 0.1562 | Val Acc: 98.10% | Best at iter 4000
  Iter 38000/50000 | Val Loss: 0.1551 | Val Acc: 97.98% | Best at iter 4000
  Iter 39000/50000 | Val Loss: 0.1555 | Val Acc: 98.22% | Best at iter 4000
  Iter 40000/50000 | Val Loss: 0.1958 | Val Acc: 97.82% | Best at iter 4000
  Iter 41000/50000 | Val Loss: 0.1583 | Val Acc: 98.04% | Best at iter 4000
  Iter 42000/50000 | Val Loss: 0.1812 | Val Acc: 98.08% | Best at iter 4000
  Iter 43000/50000 | Val Loss: 0.1812 | Val Acc: 98.08% | Best at iter 4000
  Iter 44000/50000 | Val Loss: 0.1820 | Val Acc: 97.80% | Best at iter 4000
  Iter 45000/50000 | Val Loss: 0.1781 | Val Acc: 98.26% | Best at iter 4000
  Iter 46000/50000 | Val Loss: 0.1863 | Val Acc: 98.10% | Best at iter 4000
  Iter 47000/50000 | Val Loss: 0.2069 | Val Acc: 98.06% | Best at iter 4000
  Iter 48000/50000 | Val Loss: 0.1957 | Val Acc: 98.06% | Best at iter 4000
  Iter 49000/50000 | Val Loss: 0.1720 | Val Acc: 98.04% | Best at iter 4000
  Iter 50000/50000 | Val Loss: 0.1843 | Val Acc: 98.12% | Best at iter 4000
[PRUNE] Pruning to 10.74%...
[RESET] Resetting to initial weights...

--- Round 11 (current: 10.74%) ---
[TRAIN] Training...
  Iter 1000/50000 | Val Loss: 0.0859 | Val Acc: 97.46% | Best at iter 1000
  Iter 2000/50000 | Val Loss: 0.0647 | Val Acc: 97.96% | Best at iter 1800
  Iter 3000/50000 | Val Loss: 0.0711 | Val Acc: 97.84% | Best at iter 2300
  Iter 4000/50000 | Val Loss: 0.0714 | Val Acc: 97.80% | Best at iter 2300
  Iter 5000/50000 | Val Loss: 0.0714 | Val Acc: 98.08% | Best at iter 2300
  Iter 6000/50000 | Val Loss: 0.0759 | Val Acc: 97.92% | Best at iter 2300
  Iter 7000/50000 | Val Loss: 0.0888 | Val Acc: 98.02% | Best at iter 2300
  Iter 8000/50000 | Val Loss: 0.0763 | Val Acc: 97.96% | Best at iter 2300
  Iter 9000/50000 | Val Loss: 0.0810 | Val Acc: 98.24% | Best at iter 2300
  Iter 10000/50000 | Val Loss: 0.0814 | Val Acc: 98.22% | Best at iter 2300
  Iter 11000/50000 | Val Loss: 0.0826 | Val Acc: 98.28% | Best at iter 2300
  Iter 12000/50000 | Val Loss: 0.0833 | Val Acc: 98.24% | Best at iter 2300
  Iter 13000/50000 | Val Loss: 0.0878 | Val Acc: 98.22% | Best at iter 2300
  Iter 14000/50000 | Val Loss: 0.0909 | Val Acc: 98.26% | Best at iter 2300
  Iter 15000/50000 | Val Loss: 0.1308 | Val Acc: 97.62% | Best at iter 2300
  Iter 16000/50000 | Val Loss: 0.1017 | Val Acc: 98.12% | Best at iter 2300
  Iter 17000/50000 | Val Loss: 0.1120 | Val Acc: 97.94% | Best at iter 2300
  Iter 18000/50000 | Val Loss: 0.1285 | Val Acc: 97.98% | Best at iter 2300
  Iter 19000/50000 | Val Loss: 0.1104 | Val Acc: 98.18% | Best at iter 2300
  Iter 20000/50000 | Val Loss: 0.1105 | Val Acc: 98.10% | Best at iter 2300
  Iter 21000/50000 | Val Loss: 0.1446 | Val Acc: 97.88% | Best at iter 2300
  Iter 22000/50000 | Val Loss: 0.1224 | Val Acc: 98.06% | Best at iter 2300
  Iter 23000/50000 | Val Loss: 0.1226 | Val Acc: 98.10% | Best at iter 2300
  Iter 24000/50000 | Val Loss: 0.1180 | Val Acc: 98.14% | Best at iter 2300
  Iter 25000/50000 | Val Loss: 0.1200 | Val Acc: 98.14% | Best at iter 2300
  Iter 26000/50000 | Val Loss: 0.1209 | Val Acc: 98.16% | Best at iter 2300
  Iter 27000/50000 | Val Loss: 0.1217 | Val Acc: 98.16% | Best at iter 2300
  Iter 28000/50000 | Val Loss: 0.1246 | Val Acc: 98.16% | Best at iter 2300
  Iter 29000/50000 | Val Loss: 0.1274 | Val Acc: 98.20% | Best at iter 2300
  Iter 30000/50000 | Val Loss: 0.1288 | Val Acc: 98.20% | Best at iter 2300
  Iter 31000/50000 | Val Loss: 0.1323 | Val Acc: 98.22% | Best at iter 2300
  Iter 32000/50000 | Val Loss: 0.1335 | Val Acc: 98.22% | Best at iter 2300
  Iter 33000/50000 | Val Loss: 0.1368 | Val Acc: 98.14% | Best at iter 2300
  Iter 34000/50000 | Val Loss: 0.1495 | Val Acc: 98.08% | Best at iter 2300
  Iter 35000/50000 | Val Loss: 0.1393 | Val Acc: 98.20% | Best at iter 2300
  Iter 36000/50000 | Val Loss: 0.1465 | Val Acc: 98.00% | Best at iter 2300
  Iter 37000/50000 | Val Loss: 0.1421 | Val Acc: 98.06% | Best at iter 2300
  Iter 38000/50000 | Val Loss: 0.1515 | Val Acc: 98.02% | Best at iter 2300
  Iter 39000/50000 | Val Loss: 0.1558 | Val Acc: 98.00% | Best at iter 2300
  Iter 40000/50000 | Val Loss: 0.1488 | Val Acc: 98.18% | Best at iter 2300
  Iter 41000/50000 | Val Loss: 0.1612 | Val Acc: 97.94% | Best at iter 2300
  Iter 42000/50000 | Val Loss: 0.1468 | Val Acc: 98.06% | Best at iter 2300
  Iter 43000/50000 | Val Loss: 0.2114 | Val Acc: 97.54% | Best at iter 2300
  Iter 44000/50000 | Val Loss: 0.1541 | Val Acc: 98.02% | Best at iter 2300
  Iter 45000/50000 | Val Loss: 0.1704 | Val Acc: 97.88% | Best at iter 2300
  Iter 46000/50000 | Val Loss: 0.1714 | Val Acc: 98.02% | Best at iter 2300
  Iter 47000/50000 | Val Loss: 0.1642 | Val Acc: 97.92% | Best at iter 2300
  Iter 48000/50000 | Val Loss: 0.1605 | Val Acc: 98.00% | Best at iter 2300
  Iter 49000/50000 | Val Loss: 0.1599 | Val Acc: 98.00% | Best at iter 2300
  Iter 50000/50000 | Val Loss: 0.1595 | Val Acc: 98.00% | Best at iter 2300
[PRUNE] Pruning to 8.59%...
[RESET] Resetting to initial weights...

--- Round 12 (current: 8.59%) ---
[TRAIN] Training...
  Iter 1000/50000 | Val Loss: 0.0784 | Val Acc: 97.58% | Best at iter 1000
  Iter 2000/50000 | Val Loss: 0.0659 | Val Acc: 97.92% | Best at iter 1600
  Iter 3000/50000 | Val Loss: 0.0618 | Val Acc: 98.08% | Best at iter 2900
  Iter 4000/50000 | Val Loss: 0.0661 | Val Acc: 97.94% | Best at iter 2900
  Iter 5000/50000 | Val Loss: 0.0706 | Val Acc: 98.12% | Best at iter 2900
  Iter 6000/50000 | Val Loss: 0.0853 | Val Acc: 97.84% | Best at iter 2900
  Iter 7000/50000 | Val Loss: 0.0774 | Val Acc: 97.88% | Best at iter 2900
  Iter 8000/50000 | Val Loss: 0.0939 | Val Acc: 97.74% | Best at iter 2900
  Iter 9000/50000 | Val Loss: 0.1019 | Val Acc: 97.90% | Best at iter 2900
  Iter 10000/50000 | Val Loss: 0.1068 | Val Acc: 97.88% | Best at iter 2900
  Iter 11000/50000 | Val Loss: 0.1082 | Val Acc: 97.92% | Best at iter 2900
  Iter 12000/50000 | Val Loss: 0.0984 | Val Acc: 97.96% | Best at iter 2900
  Iter 13000/50000 | Val Loss: 0.1092 | Val Acc: 97.82% | Best at iter 2900
  Iter 14000/50000 | Val Loss: 0.0948 | Val Acc: 98.06% | Best at iter 2900
  Iter 15000/50000 | Val Loss: 0.0997 | Val Acc: 98.10% | Best at iter 2900
  Iter 16000/50000 | Val Loss: 0.1011 | Val Acc: 98.16% | Best at iter 2900
  Iter 17000/50000 | Val Loss: 0.1038 | Val Acc: 98.14% | Best at iter 2900
  Iter 18000/50000 | Val Loss: 0.1057 | Val Acc: 98.16% | Best at iter 2900
  Iter 19000/50000 | Val Loss: 0.1106 | Val Acc: 98.14% | Best at iter 2900
  Iter 20000/50000 | Val Loss: 0.1676 | Val Acc: 97.58% | Best at iter 2900
  Iter 21000/50000 | Val Loss: 0.1388 | Val Acc: 97.98% | Best at iter 2900
  Iter 22000/50000 | Val Loss: 0.1176 | Val Acc: 98.04% | Best at iter 2900
  Iter 23000/50000 | Val Loss: 0.1257 | Val Acc: 97.96% | Best at iter 2900
  Iter 24000/50000 | Val Loss: 0.1248 | Val Acc: 98.04% | Best at iter 2900
  Iter 25000/50000 | Val Loss: 0.1255 | Val Acc: 98.04% | Best at iter 2900
  Iter 26000/50000 | Val Loss: 0.1249 | Val Acc: 98.06% | Best at iter 2900
  Iter 27000/50000 | Val Loss: 0.1272 | Val Acc: 98.06% | Best at iter 2900
  Iter 28000/50000 | Val Loss: 0.1290 | Val Acc: 98.02% | Best at iter 2900
  Iter 29000/50000 | Val Loss: 0.1292 | Val Acc: 98.04% | Best at iter 2900
  Iter 30000/50000 | Val Loss: 0.1324 | Val Acc: 98.06% | Best at iter 2900
  Iter 31000/50000 | Val Loss: 0.1362 | Val Acc: 98.08% | Best at iter 2900
  Iter 32000/50000 | Val Loss: 0.1386 | Val Acc: 98.08% | Best at iter 2900
  Iter 33000/50000 | Val Loss: 0.1430 | Val Acc: 98.08% | Best at iter 2900
  Iter 34000/50000 | Val Loss: 0.1657 | Val Acc: 97.82% | Best at iter 2900
  Iter 35000/50000 | Val Loss: 0.1626 | Val Acc: 97.86% | Best at iter 2900
  Iter 36000/50000 | Val Loss: 0.1497 | Val Acc: 98.02% | Best at iter 2900
  Iter 37000/50000 | Val Loss: 0.1429 | Val Acc: 97.82% | Best at iter 2900
  Iter 38000/50000 | Val Loss: 0.1845 | Val Acc: 97.68% | Best at iter 2900
  Iter 39000/50000 | Val Loss: 0.1579 | Val Acc: 98.04% | Best at iter 2900
  Iter 40000/50000 | Val Loss: 0.1776 | Val Acc: 97.88% | Best at iter 2900
  Iter 41000/50000 | Val Loss: 0.1641 | Val Acc: 97.86% | Best at iter 2900
  Iter 42000/50000 | Val Loss: 0.1734 | Val Acc: 98.02% | Best at iter 2900
  Iter 43000/50000 | Val Loss: 0.1775 | Val Acc: 98.02% | Best at iter 2900
  Iter 44000/50000 | Val Loss: 0.1709 | Val Acc: 97.78% | Best at iter 2900
  Iter 45000/50000 | Val Loss: 0.1682 | Val Acc: 97.96% | Best at iter 2900
  Iter 46000/50000 | Val Loss: 0.1984 | Val Acc: 97.78% | Best at iter 2900
  Iter 47000/50000 | Val Loss: 0.1761 | Val Acc: 97.86% | Best at iter 2900
  Iter 48000/50000 | Val Loss: 0.1729 | Val Acc: 97.82% | Best at iter 2900
  Iter 49000/50000 | Val Loss: 0.1727 | Val Acc: 97.96% | Best at iter 2900
  Iter 50000/50000 | Val Loss: 0.1854 | Val Acc: 98.04% | Best at iter 2900
[PRUNE] Pruning to 6.87%...
[RESET] Resetting to initial weights...

--- Round 13 (current: 6.87%) ---
[TRAIN] Training...
  Iter 1000/50000 | Val Loss: 0.0810 | Val Acc: 97.66% | Best at iter 1000
  Iter 2000/50000 | Val Loss: 0.0663 | Val Acc: 97.88% | Best at iter 2000
  Iter 3000/50000 | Val Loss: 0.0629 | Val Acc: 98.18% | Best at iter 2800
  Iter 4000/50000 | Val Loss: 0.0652 | Val Acc: 98.00% | Best at iter 3100
  Iter 5000/50000 | Val Loss: 0.0652 | Val Acc: 97.94% | Best at iter 3100
  Iter 6000/50000 | Val Loss: 0.0692 | Val Acc: 98.12% | Best at iter 3100
  Iter 7000/50000 | Val Loss: 0.0785 | Val Acc: 98.02% | Best at iter 3100
  Iter 8000/50000 | Val Loss: 0.0871 | Val Acc: 98.04% | Best at iter 3100
  Iter 9000/50000 | Val Loss: 0.0796 | Val Acc: 98.24% | Best at iter 3100
  Iter 10000/50000 | Val Loss: 0.1118 | Val Acc: 97.64% | Best at iter 3100
  Iter 11000/50000 | Val Loss: 0.0956 | Val Acc: 97.84% | Best at iter 3100
  Iter 12000/50000 | Val Loss: 0.0989 | Val Acc: 98.04% | Best at iter 3100
  Iter 13000/50000 | Val Loss: 0.0942 | Val Acc: 98.10% | Best at iter 3100
  Iter 14000/50000 | Val Loss: 0.0937 | Val Acc: 98.12% | Best at iter 3100
  Iter 15000/50000 | Val Loss: 0.0967 | Val Acc: 98.16% | Best at iter 3100
  Iter 16000/50000 | Val Loss: 0.0993 | Val Acc: 98.20% | Best at iter 3100
  Iter 17000/50000 | Val Loss: 0.1018 | Val Acc: 98.22% | Best at iter 3100
  Iter 18000/50000 | Val Loss: 0.1250 | Val Acc: 97.78% | Best at iter 3100
  Iter 19000/50000 | Val Loss: 0.1020 | Val Acc: 98.06% | Best at iter 3100
  Iter 20000/50000 | Val Loss: 0.1006 | Val Acc: 98.14% | Best at iter 3100
  Iter 21000/50000 | Val Loss: 0.1004 | Val Acc: 98.14% | Best at iter 3100
  Iter 22000/50000 | Val Loss: 0.1008 | Val Acc: 98.12% | Best at iter 3100
  Iter 23000/50000 | Val Loss: 0.1004 | Val Acc: 98.12% | Best at iter 3100
  Iter 24000/50000 | Val Loss: 0.1027 | Val Acc: 98.16% | Best at iter 3100
  Iter 25000/50000 | Val Loss: 0.1047 | Val Acc: 98.20% | Best at iter 3100
  Iter 26000/50000 | Val Loss: 0.1073 | Val Acc: 98.16% | Best at iter 3100
  Iter 27000/50000 | Val Loss: 0.1101 | Val Acc: 98.18% | Best at iter 3100
  Iter 28000/50000 | Val Loss: 0.1516 | Val Acc: 97.78% | Best at iter 3100
  Iter 29000/50000 | Val Loss: 0.1290 | Val Acc: 98.10% | Best at iter 3100
  Iter 30000/50000 | Val Loss: 0.1178 | Val Acc: 98.24% | Best at iter 3100
  Iter 31000/50000 | Val Loss: 0.1178 | Val Acc: 98.26% | Best at iter 3100
  Iter 32000/50000 | Val Loss: 0.1176 | Val Acc: 98.30% | Best at iter 3100
  Iter 33000/50000 | Val Loss: 0.1177 | Val Acc: 98.30% | Best at iter 3100
  Iter 34000/50000 | Val Loss: 0.1190 | Val Acc: 98.28% | Best at iter 3100
  Iter 35000/50000 | Val Loss: 0.1190 | Val Acc: 98.30% | Best at iter 3100
  Iter 36000/50000 | Val Loss: 0.1196 | Val Acc: 98.34% | Best at iter 3100
  Iter 37000/50000 | Val Loss: 0.1217 | Val Acc: 98.30% | Best at iter 3100
  Iter 38000/50000 | Val Loss: 0.1244 | Val Acc: 98.34% | Best at iter 3100
  Iter 39000/50000 | Val Loss: 0.1248 | Val Acc: 98.34% | Best at iter 3100
  Iter 40000/50000 | Val Loss: 0.1620 | Val Acc: 97.88% | Best at iter 3100
  Iter 41000/50000 | Val Loss: 0.1477 | Val Acc: 98.08% | Best at iter 3100
  Iter 42000/50000 | Val Loss: 0.1382 | Val Acc: 98.02% | Best at iter 3100
  Iter 43000/50000 | Val Loss: 0.1370 | Val Acc: 97.96% | Best at iter 3100
  Iter 44000/50000 | Val Loss: 0.1364 | Val Acc: 97.96% | Best at iter 3100
  Iter 45000/50000 | Val Loss: 0.1363 | Val Acc: 97.98% | Best at iter 3100
  Iter 46000/50000 | Val Loss: 0.1367 | Val Acc: 98.06% | Best at iter 3100
  Iter 47000/50000 | Val Loss: 0.1371 | Val Acc: 98.04% | Best at iter 3100
  Iter 48000/50000 | Val Loss: 0.1384 | Val Acc: 98.12% | Best at iter 3100
  Iter 49000/50000 | Val Loss: 0.1379 | Val Acc: 98.10% | Best at iter 3100
  Iter 50000/50000 | Val Loss: 0.1391 | Val Acc: 98.12% | Best at iter 3100
[PRUNE] Pruning to 5.50%...
[RESET] Resetting to initial weights...

--- Round 14 (current: 5.50%) ---
[TRAIN] Training...
  Iter 1000/50000 | Val Loss: 0.0839 | Val Acc: 97.54% | Best at iter 1000
  Iter 2000/50000 | Val Loss: 0.0679 | Val Acc: 98.02% | Best at iter 2000
  Iter 3000/50000 | Val Loss: 0.0652 | Val Acc: 98.02% | Best at iter 2400
  Iter 4000/50000 | Val Loss: 0.0656 | Val Acc: 98.02% | Best at iter 3100
  Iter 5000/50000 | Val Loss: 0.0723 | Val Acc: 97.98% | Best at iter 3100
  Iter 6000/50000 | Val Loss: 0.0829 | Val Acc: 97.86% | Best at iter 3100
  Iter 7000/50000 | Val Loss: 0.0843 | Val Acc: 98.06% | Best at iter 3100
  Iter 8000/50000 | Val Loss: 0.0814 | Val Acc: 98.06% | Best at iter 3100
  Iter 9000/50000 | Val Loss: 0.0879 | Val Acc: 98.04% | Best at iter 3100
  Iter 10000/50000 | Val Loss: 0.0931 | Val Acc: 98.10% | Best at iter 3100
  Iter 11000/50000 | Val Loss: 0.0955 | Val Acc: 98.06% | Best at iter 3100
  Iter 12000/50000 | Val Loss: 0.0984 | Val Acc: 98.12% | Best at iter 3100
  Iter 13000/50000 | Val Loss: 0.0986 | Val Acc: 98.10% | Best at iter 3100
  Iter 14000/50000 | Val Loss: 0.1003 | Val Acc: 98.12% | Best at iter 3100
  Iter 15000/50000 | Val Loss: 0.1016 | Val Acc: 98.12% | Best at iter 3100
  Iter 16000/50000 | Val Loss: 0.1066 | Val Acc: 98.12% | Best at iter 3100
  Iter 17000/50000 | Val Loss: 0.1114 | Val Acc: 98.12% | Best at iter 3100
  Iter 18000/50000 | Val Loss: 0.1139 | Val Acc: 97.96% | Best at iter 3100
  Iter 19000/50000 | Val Loss: 0.1140 | Val Acc: 98.00% | Best at iter 3100
  Iter 20000/50000 | Val Loss: 0.1113 | Val Acc: 98.00% | Best at iter 3100
  Iter 21000/50000 | Val Loss: 0.1131 | Val Acc: 98.04% | Best at iter 3100
  Iter 22000/50000 | Val Loss: 0.1152 | Val Acc: 98.12% | Best at iter 3100
  Iter 23000/50000 | Val Loss: 0.1144 | Val Acc: 98.14% | Best at iter 3100
  Iter 24000/50000 | Val Loss: 0.1174 | Val Acc: 98.08% | Best at iter 3100
  Iter 25000/50000 | Val Loss: 0.1186 | Val Acc: 98.20% | Best at iter 3100
  Iter 26000/50000 | Val Loss: 0.1626 | Val Acc: 97.54% | Best at iter 3100
  Iter 27000/50000 | Val Loss: 0.1516 | Val Acc: 97.90% | Best at iter 3100
  Iter 28000/50000 | Val Loss: 0.1356 | Val Acc: 97.96% | Best at iter 3100
  Iter 29000/50000 | Val Loss: 0.1346 | Val Acc: 98.08% | Best at iter 3100
  Iter 30000/50000 | Val Loss: 0.1337 | Val Acc: 98.06% | Best at iter 3100
  Iter 31000/50000 | Val Loss: 0.1362 | Val Acc: 98.06% | Best at iter 3100
  Iter 32000/50000 | Val Loss: 0.1356 | Val Acc: 98.06% | Best at iter 3100
  Iter 33000/50000 | Val Loss: 0.1386 | Val Acc: 98.04% | Best at iter 3100
  Iter 34000/50000 | Val Loss: 0.1383 | Val Acc: 98.02% | Best at iter 3100
  Iter 35000/50000 | Val Loss: 0.1411 | Val Acc: 98.12% | Best at iter 3100
  Iter 36000/50000 | Val Loss: 0.1425 | Val Acc: 98.10% | Best at iter 3100
  Iter 37000/50000 | Val Loss: 0.1473 | Val Acc: 98.02% | Best at iter 3100
  Iter 38000/50000 | Val Loss: 0.2001 | Val Acc: 97.72% | Best at iter 3100
  Iter 39000/50000 | Val Loss: 0.1489 | Val Acc: 98.10% | Best at iter 3100
  Iter 40000/50000 | Val Loss: 0.1560 | Val Acc: 97.76% | Best at iter 3100
  Iter 41000/50000 | Val Loss: 0.1580 | Val Acc: 98.10% | Best at iter 3100
  Iter 42000/50000 | Val Loss: 0.1554 | Val Acc: 98.10% | Best at iter 3100
  Iter 43000/50000 | Val Loss: 0.1489 | Val Acc: 98.12% | Best at iter 3100
  Iter 44000/50000 | Val Loss: 0.1495 | Val Acc: 98.12% | Best at iter 3100
  Iter 45000/50000 | Val Loss: 0.1497 | Val Acc: 98.10% | Best at iter 3100
  Iter 46000/50000 | Val Loss: 0.1496 | Val Acc: 98.14% | Best at iter 3100
  Iter 47000/50000 | Val Loss: 0.1515 | Val Acc: 98.06% | Best at iter 3100
  Iter 48000/50000 | Val Loss: 0.1519 | Val Acc: 98.10% | Best at iter 3100
  Iter 49000/50000 | Val Loss: 0.1535 | Val Acc: 98.14% | Best at iter 3100
  Iter 50000/50000 | Val Loss: 0.1542 | Val Acc: 98.18% | Best at iter 3100
[PRUNE] Pruning to 4.40%...
[RESET] Resetting to initial weights...

--- Round 15 (current: 4.40%) ---
[TRAIN] Training...
  Iter 1000/50000 | Val Loss: 0.0922 | Val Acc: 97.24% | Best at iter 1000
  Iter 2000/50000 | Val Loss: 0.0685 | Val Acc: 97.74% | Best at iter 2000
  Iter 3000/50000 | Val Loss: 0.0664 | Val Acc: 97.90% | Best at iter 2800
  Iter 4000/50000 | Val Loss: 0.0680 | Val Acc: 97.88% | Best at iter 3400
  Iter 5000/50000 | Val Loss: 0.0673 | Val Acc: 98.02% | Best at iter 3400
  Iter 6000/50000 | Val Loss: 0.0738 | Val Acc: 97.96% | Best at iter 3400
  Iter 7000/50000 | Val Loss: 0.0766 | Val Acc: 98.00% | Best at iter 3400
  Iter 8000/50000 | Val Loss: 0.0805 | Val Acc: 98.02% | Best at iter 3400
  Iter 9000/50000 | Val Loss: 0.1143 | Val Acc: 97.72% | Best at iter 3400
  Iter 10000/50000 | Val Loss: 0.0932 | Val Acc: 97.88% | Best at iter 3400
  Iter 11000/50000 | Val Loss: 0.0964 | Val Acc: 97.72% | Best at iter 3400
  Iter 12000/50000 | Val Loss: 0.0973 | Val Acc: 97.98% | Best at iter 3400
  Iter 13000/50000 | Val Loss: 0.0917 | Val Acc: 97.94% | Best at iter 3400
  Iter 14000/50000 | Val Loss: 0.1073 | Val Acc: 98.02% | Best at iter 3400
  Iter 15000/50000 | Val Loss: 0.1029 | Val Acc: 97.96% | Best at iter 3400
  Iter 16000/50000 | Val Loss: 0.1041 | Val Acc: 98.08% | Best at iter 3400
  Iter 17000/50000 | Val Loss: 0.1147 | Val Acc: 98.02% | Best at iter 3400
  Iter 18000/50000 | Val Loss: 0.1204 | Val Acc: 97.88% | Best at iter 3400
  Iter 19000/50000 | Val Loss: 0.1128 | Val Acc: 98.04% | Best at iter 3400
  Iter 20000/50000 | Val Loss: 0.1157 | Val Acc: 98.08% | Best at iter 3400
  Iter 21000/50000 | Val Loss: 0.1178 | Val Acc: 98.10% | Best at iter 3400
  Iter 22000/50000 | Val Loss: 0.1201 | Val Acc: 98.16% | Best at iter 3400
  Iter 23000/50000 | Val Loss: 0.1207 | Val Acc: 98.14% | Best at iter 3400
  Iter 24000/50000 | Val Loss: 0.1242 | Val Acc: 98.10% | Best at iter 3400
  Iter 25000/50000 | Val Loss: 0.1595 | Val Acc: 97.58% | Best at iter 3400
  Iter 26000/50000 | Val Loss: 0.1330 | Val Acc: 97.84% | Best at iter 3400
  Iter 27000/50000 | Val Loss: 0.1353 | Val Acc: 98.06% | Best at iter 3400
  Iter 28000/50000 | Val Loss: 0.1367 | Val Acc: 97.98% | Best at iter 3400
  Iter 29000/50000 | Val Loss: 0.1367 | Val Acc: 98.06% | Best at iter 3400
  Iter 30000/50000 | Val Loss: 0.1371 | Val Acc: 98.06% | Best at iter 3400
  Iter 31000/50000 | Val Loss: 0.1383 | Val Acc: 98.08% | Best at iter 3400
  Iter 32000/50000 | Val Loss: 0.1391 | Val Acc: 98.06% | Best at iter 3400
  Iter 33000/50000 | Val Loss: 0.1401 | Val Acc: 98.08% | Best at iter 3400
  Iter 34000/50000 | Val Loss: 0.1415 | Val Acc: 98.18% | Best at iter 3400
  Iter 35000/50000 | Val Loss: 0.1442 | Val Acc: 98.14% | Best at iter 3400
  Iter 36000/50000 | Val Loss: 0.1480 | Val Acc: 98.12% | Best at iter 3400
  Iter 37000/50000 | Val Loss: 0.1504 | Val Acc: 98.12% | Best at iter 3400
  Iter 38000/50000 | Val Loss: 0.1565 | Val Acc: 98.10% | Best at iter 3400
  Iter 39000/50000 | Val Loss: 0.1777 | Val Acc: 97.82% | Best at iter 3400
  Iter 40000/50000 | Val Loss: 0.1636 | Val Acc: 98.00% | Best at iter 3400
  Iter 41000/50000 | Val Loss: 0.1638 | Val Acc: 97.98% | Best at iter 3400
  Iter 42000/50000 | Val Loss: 0.1630 | Val Acc: 98.00% | Best at iter 3400
  Iter 43000/50000 | Val Loss: 0.1635 | Val Acc: 97.96% | Best at iter 3400
  Iter 44000/50000 | Val Loss: 0.1633 | Val Acc: 97.94% | Best at iter 3400
  Iter 45000/50000 | Val Loss: 0.1641 | Val Acc: 97.94% | Best at iter 3400
  Iter 46000/50000 | Val Loss: 0.1641 | Val Acc: 97.94% | Best at iter 3400
  Iter 47000/50000 | Val Loss: 0.1649 | Val Acc: 98.00% | Best at iter 3400
  Iter 48000/50000 | Val Loss: 0.1668 | Val Acc: 98.00% | Best at iter 3400
  Iter 49000/50000 | Val Loss: 0.1677 | Val Acc: 98.00% | Best at iter 3400
  Iter 50000/50000 | Val Loss: 0.1699 | Val Acc: 98.06% | Best at iter 3400
[PRUNE] Pruning to 3.52%...
[RESET] Resetting to initial weights...

==================================================
FINAL TRAINING at 3.52%
==================================================
  Iter 1000/50000 | Val Loss: 0.0962 | Val Acc: 97.24% | Best at iter 1000
  Iter 2000/50000 | Val Loss: 0.0726 | Val Acc: 97.60% | Best at iter 2000
  Iter 3000/50000 | Val Loss: 0.0663 | Val Acc: 97.76% | Best at iter 3000
  Iter 4000/50000 | Val Loss: 0.0699 | Val Acc: 97.76% | Best at iter 3200
  Iter 5000/50000 | Val Loss: 0.0716 | Val Acc: 97.74% | Best at iter 3200
  Iter 6000/50000 | Val Loss: 0.0717 | Val Acc: 97.88% | Best at iter 3200
  Iter 7000/50000 | Val Loss: 0.0765 | Val Acc: 97.88% | Best at iter 3200
  Iter 8000/50000 | Val Loss: 0.0859 | Val Acc: 97.78% | Best at iter 3200
  Iter 9000/50000 | Val Loss: 0.0910 | Val Acc: 97.74% | Best at iter 3200
  Iter 10000/50000 | Val Loss: 0.0925 | Val Acc: 97.94% | Best at iter 3200
  Iter 11000/50000 | Val Loss: 0.0971 | Val Acc: 97.78% | Best at iter 3200
  Iter 12000/50000 | Val Loss: 0.1114 | Val Acc: 97.54% | Best at iter 3200
  Iter 13000/50000 | Val Loss: 0.1125 | Val Acc: 97.74% | Best at iter 3200
  Iter 14000/50000 | Val Loss: 0.1065 | Val Acc: 97.86% | Best at iter 3200
  Iter 15000/50000 | Val Loss: 0.1086 | Val Acc: 97.98% | Best at iter 3200
  Iter 16000/50000 | Val Loss: 0.1094 | Val Acc: 97.98% | Best at iter 3200
  Iter 17000/50000 | Val Loss: 0.1126 | Val Acc: 97.86% | Best at iter 3200
  Iter 18000/50000 | Val Loss: 0.1175 | Val Acc: 97.80% | Best at iter 3200
  Iter 19000/50000 | Val Loss: 0.1221 | Val Acc: 97.86% | Best at iter 3200
  Iter 20000/50000 | Val Loss: 0.1322 | Val Acc: 97.66% | Best at iter 3200
  Iter 21000/50000 | Val Loss: 0.1235 | Val Acc: 97.82% | Best at iter 3200
  Iter 22000/50000 | Val Loss: 0.1202 | Val Acc: 97.96% | Best at iter 3200
  Iter 23000/50000 | Val Loss: 0.1222 | Val Acc: 97.98% | Best at iter 3200
  Iter 24000/50000 | Val Loss: 0.1225 | Val Acc: 98.00% | Best at iter 3200
  Iter 25000/50000 | Val Loss: 0.1258 | Val Acc: 97.96% | Best at iter 3200
  Iter 26000/50000 | Val Loss: 0.1272 | Val Acc: 97.94% | Best at iter 3200
  Iter 27000/50000 | Val Loss: 0.1312 | Val Acc: 97.84% | Best at iter 3200
  Iter 28000/50000 | Val Loss: 0.1362 | Val Acc: 98.00% | Best at iter 3200
  Iter 29000/50000 | Val Loss: 0.1591 | Val Acc: 97.68% | Best at iter 3200
  Iter 30000/50000 | Val Loss: 0.1487 | Val Acc: 97.68% | Best at iter 3200
  Iter 31000/50000 | Val Loss: 0.1499 | Val Acc: 97.66% | Best at iter 3200
  Iter 32000/50000 | Val Loss: 0.1478 | Val Acc: 97.74% | Best at iter 3200
  Iter 33000/50000 | Val Loss: 0.1470 | Val Acc: 97.74% | Best at iter 3200
  Iter 34000/50000 | Val Loss: 0.1472 | Val Acc: 97.78% | Best at iter 3200
  Iter 35000/50000 | Val Loss: 0.1480 | Val Acc: 97.70% | Best at iter 3200
  Iter 36000/50000 | Val Loss: 0.1490 | Val Acc: 97.76% | Best at iter 3200
  Iter 37000/50000 | Val Loss: 0.1516 | Val Acc: 97.78% | Best at iter 3200
  Iter 38000/50000 | Val Loss: 0.1541 | Val Acc: 97.76% | Best at iter 3200
  Iter 39000/50000 | Val Loss: 0.1545 | Val Acc: 97.84% | Best at iter 3200
  Iter 40000/50000 | Val Loss: 0.1969 | Val Acc: 97.70% | Best at iter 3200
  Iter 41000/50000 | Val Loss: 0.1850 | Val Acc: 97.74% | Best at iter 3200
  Iter 42000/50000 | Val Loss: 0.1838 | Val Acc: 97.68% | Best at iter 3200
  Iter 43000/50000 | Val Loss: 0.1783 | Val Acc: 97.82% | Best at iter 3200
  Iter 44000/50000 | Val Loss: 0.1769 | Val Acc: 97.86% | Best at iter 3200
  Iter 45000/50000 | Val Loss: 0.1771 | Val Acc: 97.90% | Best at iter 3200
  Iter 46000/50000 | Val Loss: 0.1757 | Val Acc: 97.88% | Best at iter 3200
  Iter 47000/50000 | Val Loss: 0.1758 | Val Acc: 97.96% | Best at iter 3200
  Iter 48000/50000 | Val Loss: 0.1755 | Val Acc: 97.96% | Best at iter 3200
  Iter 49000/50000 | Val Loss: 0.1752 | Val Acc: 97.98% | Best at iter 3200
  Iter 50000/50000 | Val Loss: 0.1766 | Val Acc: 97.98% | Best at iter 3200

──────────────────────────────────────────────────────────────────────
Early stop: iteration 3200
Val loss at early stop: 0.0658
Test accuracy at early stop: 97.84%
──────────────────────────────────────────────────────────────────────

======================================================================
Iterative Winning Ticket
Sparsity: 3.5% | Trial: 2/3
======================================================================
[1] Saving initial weights...

--- Round 1 (current: 100.00%) ---
[TRAIN] Training...
  Iter 1000/50000 | Val Loss: 0.1108 | Val Acc: 96.38% | Best at iter 1000
  Iter 2000/50000 | Val Loss: 0.0952 | Val Acc: 97.12% | Best at iter 2000
  Iter 3000/50000 | Val Loss: 0.0960 | Val Acc: 97.22% | Best at iter 2700
  Iter 4000/50000 | Val Loss: 0.1184 | Val Acc: 96.78% | Best at iter 2700
  Iter 5000/50000 | Val Loss: 0.0976 | Val Acc: 97.26% | Best at iter 4700
  Iter 6000/50000 | Val Loss: 0.0967 | Val Acc: 97.52% | Best at iter 5700
  Iter 7000/50000 | Val Loss: 0.1037 | Val Acc: 97.50% | Best at iter 5700
  Iter 8000/50000 | Val Loss: 0.1267 | Val Acc: 97.22% | Best at iter 5700
  Iter 9000/50000 | Val Loss: 0.1139 | Val Acc: 97.28% | Best at iter 5700
  Iter 10000/50000 | Val Loss: 0.1208 | Val Acc: 97.60% | Best at iter 5700
  Iter 11000/50000 | Val Loss: 0.0991 | Val Acc: 97.66% | Best at iter 5700
  Iter 12000/50000 | Val Loss: 0.1088 | Val Acc: 97.78% | Best at iter 5700
  Iter 13000/50000 | Val Loss: 0.1008 | Val Acc: 97.82% | Best at iter 5700
  Iter 14000/50000 | Val Loss: 0.1203 | Val Acc: 97.60% | Best at iter 5700
  Iter 15000/50000 | Val Loss: 0.1312 | Val Acc: 97.72% | Best at iter 5700
  Iter 16000/50000 | Val Loss: 0.1432 | Val Acc: 97.50% | Best at iter 5700
  Iter 17000/50000 | Val Loss: 0.1232 | Val Acc: 97.80% | Best at iter 5700
  Iter 18000/50000 | Val Loss: 0.1377 | Val Acc: 97.58% | Best at iter 5700
  Iter 19000/50000 | Val Loss: 0.1461 | Val Acc: 97.60% | Best at iter 5700
  Iter 20000/50000 | Val Loss: 0.1446 | Val Acc: 97.62% | Best at iter 5700
  Iter 21000/50000 | Val Loss: 0.1396 | Val Acc: 97.90% | Best at iter 5700
  Iter 22000/50000 | Val Loss: 0.1328 | Val Acc: 97.86% | Best at iter 5700
  Iter 23000/50000 | Val Loss: 0.1197 | Val Acc: 97.90% | Best at iter 5700
  Iter 24000/50000 | Val Loss: 0.1349 | Val Acc: 98.02% | Best at iter 5700
  Iter 25000/50000 | Val Loss: 0.1433 | Val Acc: 97.72% | Best at iter 5700
  Iter 26000/50000 | Val Loss: 0.1399 | Val Acc: 97.98% | Best at iter 5700
  Iter 27000/50000 | Val Loss: 0.1280 | Val Acc: 97.86% | Best at iter 5700
  Iter 28000/50000 | Val Loss: 0.1456 | Val Acc: 98.02% | Best at iter 5700
  Iter 29000/50000 | Val Loss: 0.1503 | Val Acc: 98.00% | Best at iter 5700
  Iter 30000/50000 | Val Loss: 0.1811 | Val Acc: 97.88% | Best at iter 5700
  Iter 31000/50000 | Val Loss: 0.1817 | Val Acc: 97.64% | Best at iter 5700
  Iter 32000/50000 | Val Loss: 0.1492 | Val Acc: 98.02% | Best at iter 5700
  Iter 33000/50000 | Val Loss: 0.1678 | Val Acc: 97.92% | Best at iter 5700
  Iter 34000/50000 | Val Loss: 0.1540 | Val Acc: 98.00% | Best at iter 5700
  Iter 35000/50000 | Val Loss: 0.1475 | Val Acc: 98.20% | Best at iter 5700
  Iter 36000/50000 | Val Loss: 0.1481 | Val Acc: 98.30% | Best at iter 5700
  Iter 37000/50000 | Val Loss: 0.1398 | Val Acc: 98.22% | Best at iter 5700
  Iter 38000/50000 | Val Loss: 0.1936 | Val Acc: 98.02% | Best at iter 5700
  Iter 39000/50000 | Val Loss: 0.1901 | Val Acc: 97.92% | Best at iter 5700
  Iter 40000/50000 | Val Loss: 0.2017 | Val Acc: 98.08% | Best at iter 5700
  Iter 41000/50000 | Val Loss: 0.2088 | Val Acc: 97.78% | Best at iter 5700
  Iter 42000/50000 | Val Loss: 0.1990 | Val Acc: 97.80% | Best at iter 5700
  Iter 43000/50000 | Val Loss: 0.2112 | Val Acc: 97.90% | Best at iter 5700
  Iter 44000/50000 | Val Loss: 0.1970 | Val Acc: 98.04% | Best at iter 5700
  Iter 45000/50000 | Val Loss: 0.2540 | Val Acc: 97.78% | Best at iter 5700
  Iter 46000/50000 | Val Loss: 0.2336 | Val Acc: 97.94% | Best at iter 5700
  Iter 47000/50000 | Val Loss: 0.2231 | Val Acc: 97.80% | Best at iter 5700
  Iter 48000/50000 | Val Loss: 0.2332 | Val Acc: 98.22% | Best at iter 5700
  Iter 49000/50000 | Val Loss: 0.2290 | Val Acc: 97.70% | Best at iter 5700
  Iter 50000/50000 | Val Loss: 0.2235 | Val Acc: 97.52% | Best at iter 5700
[PRUNE] Pruning to 80.00%...
[RESET] Resetting to initial weights...

--- Round 2 (current: 80.00%) ---
[TRAIN] Training...
  Iter 1000/50000 | Val Loss: 0.1209 | Val Acc: 96.14% | Best at iter 900
  Iter 2000/50000 | Val Loss: 0.0970 | Val Acc: 96.96% | Best at iter 1600
  Iter 3000/50000 | Val Loss: 0.0790 | Val Acc: 97.66% | Best at iter 2900
  Iter 4000/50000 | Val Loss: 0.1008 | Val Acc: 97.08% | Best at iter 2900
  Iter 5000/50000 | Val Loss: 0.0978 | Val Acc: 96.98% | Best at iter 2900
  Iter 6000/50000 | Val Loss: 0.0969 | Val Acc: 97.30% | Best at iter 5700
  Iter 7000/50000 | Val Loss: 0.0919 | Val Acc: 97.60% | Best at iter 5700
  Iter 8000/50000 | Val Loss: 0.0994 | Val Acc: 97.70% | Best at iter 5700
  Iter 9000/50000 | Val Loss: 0.1140 | Val Acc: 97.34% | Best at iter 5700
  Iter 10000/50000 | Val Loss: 0.1162 | Val Acc: 97.32% | Best at iter 5700
  Iter 11000/50000 | Val Loss: 0.0993 | Val Acc: 97.64% | Best at iter 5700
  Iter 12000/50000 | Val Loss: 0.1025 | Val Acc: 97.74% | Best at iter 5700
  Iter 13000/50000 | Val Loss: 0.0994 | Val Acc: 97.90% | Best at iter 5700
  Iter 14000/50000 | Val Loss: 0.1046 | Val Acc: 98.02% | Best at iter 5700
  Iter 15000/50000 | Val Loss: 0.1118 | Val Acc: 97.94% | Best at iter 5700
  Iter 16000/50000 | Val Loss: 0.1171 | Val Acc: 97.76% | Best at iter 5700
  Iter 17000/50000 | Val Loss: 0.1074 | Val Acc: 98.02% | Best at iter 5700
  Iter 18000/50000 | Val Loss: 0.1225 | Val Acc: 97.82% | Best at iter 5700
  Iter 19000/50000 | Val Loss: 0.1391 | Val Acc: 97.76% | Best at iter 5700
  Iter 20000/50000 | Val Loss: 0.1488 | Val Acc: 97.78% | Best at iter 5700
  Iter 21000/50000 | Val Loss: 0.1720 | Val Acc: 97.52% | Best at iter 5700
  Iter 22000/50000 | Val Loss: 0.1704 | Val Acc: 97.24% | Best at iter 5700
  Iter 23000/50000 | Val Loss: 0.1423 | Val Acc: 97.92% | Best at iter 5700
  Iter 24000/50000 | Val Loss: 0.1544 | Val Acc: 97.90% | Best at iter 5700
  Iter 25000/50000 | Val Loss: 0.1599 | Val Acc: 97.78% | Best at iter 5700
  Iter 26000/50000 | Val Loss: 0.1525 | Val Acc: 97.92% | Best at iter 5700
  Iter 27000/50000 | Val Loss: 0.1579 | Val Acc: 98.04% | Best at iter 5700
  Iter 28000/50000 | Val Loss: 0.1754 | Val Acc: 97.72% | Best at iter 5700
  Iter 29000/50000 | Val Loss: 0.1462 | Val Acc: 98.02% | Best at iter 5700
  Iter 30000/50000 | Val Loss: 0.1597 | Val Acc: 97.98% | Best at iter 5700
  Iter 31000/50000 | Val Loss: 0.1335 | Val Acc: 97.92% | Best at iter 5700
  Iter 32000/50000 | Val Loss: 0.1537 | Val Acc: 97.98% | Best at iter 5700
  Iter 33000/50000 | Val Loss: 0.1662 | Val Acc: 97.78% | Best at iter 5700
  Iter 34000/50000 | Val Loss: 0.1552 | Val Acc: 97.90% | Best at iter 5700
  Iter 35000/50000 | Val Loss: 0.1807 | Val Acc: 98.04% | Best at iter 5700
  Iter 36000/50000 | Val Loss: 0.1692 | Val Acc: 97.94% | Best at iter 5700
  Iter 37000/50000 | Val Loss: 0.2226 | Val Acc: 97.76% | Best at iter 5700
  Iter 38000/50000 | Val Loss: 0.2033 | Val Acc: 97.88% | Best at iter 5700
  Iter 39000/50000 | Val Loss: 0.2156 | Val Acc: 97.50% | Best at iter 5700
  Iter 40000/50000 | Val Loss: 0.1908 | Val Acc: 98.10% | Best at iter 5700
  Iter 41000/50000 | Val Loss: 0.1974 | Val Acc: 97.92% | Best at iter 5700
  Iter 42000/50000 | Val Loss: 0.2221 | Val Acc: 97.78% | Best at iter 5700
  Iter 43000/50000 | Val Loss: 0.2055 | Val Acc: 97.98% | Best at iter 5700
  Iter 44000/50000 | Val Loss: 0.2507 | Val Acc: 97.86% | Best at iter 5700
  Iter 45000/50000 | Val Loss: 0.2063 | Val Acc: 98.08% | Best at iter 5700
  Iter 46000/50000 | Val Loss: 0.2271 | Val Acc: 97.84% | Best at iter 5700
  Iter 47000/50000 | Val Loss: 0.2109 | Val Acc: 98.10% | Best at iter 5700
  Iter 48000/50000 | Val Loss: 0.2249 | Val Acc: 97.74% | Best at iter 5700
  Iter 49000/50000 | Val Loss: 0.2558 | Val Acc: 97.84% | Best at iter 5700
  Iter 50000/50000 | Val Loss: 0.2391 | Val Acc: 97.54% | Best at iter 5700
[PRUNE] Pruning to 64.00%...
[RESET] Resetting to initial weights...

--- Round 3 (current: 64.00%) ---
[TRAIN] Training...
  Iter 1000/50000 | Val Loss: 0.1036 | Val Acc: 96.92% | Best at iter 1000
  Iter 2000/50000 | Val Loss: 0.0853 | Val Acc: 97.40% | Best at iter 2000
  Iter 3000/50000 | Val Loss: 0.0979 | Val Acc: 97.04% | Best at iter 2100
  Iter 4000/50000 | Val Loss: 0.0889 | Val Acc: 97.44% | Best at iter 3900
  Iter 5000/50000 | Val Loss: 0.1002 | Val Acc: 97.30% | Best at iter 3900
  Iter 6000/50000 | Val Loss: 0.0900 | Val Acc: 97.48% | Best at iter 3900
  Iter 7000/50000 | Val Loss: 0.0936 | Val Acc: 97.72% | Best at iter 3900
  Iter 8000/50000 | Val Loss: 0.1059 | Val Acc: 97.64% | Best at iter 3900
  Iter 9000/50000 | Val Loss: 0.1111 | Val Acc: 97.54% | Best at iter 3900
  Iter 10000/50000 | Val Loss: 0.1130 | Val Acc: 97.68% | Best at iter 3900
  Iter 11000/50000 | Val Loss: 0.1138 | Val Acc: 97.62% | Best at iter 3900
  Iter 12000/50000 | Val Loss: 0.1100 | Val Acc: 97.76% | Best at iter 3900
  Iter 13000/50000 | Val Loss: 0.1044 | Val Acc: 98.08% | Best at iter 3900
  Iter 14000/50000 | Val Loss: 0.1154 | Val Acc: 97.84% | Best at iter 3900
  Iter 15000/50000 | Val Loss: 0.1219 | Val Acc: 97.84% | Best at iter 3900
  Iter 16000/50000 | Val Loss: 0.1776 | Val Acc: 97.36% | Best at iter 3900
  Iter 17000/50000 | Val Loss: 0.1436 | Val Acc: 97.46% | Best at iter 3900
  Iter 18000/50000 | Val Loss: 0.1317 | Val Acc: 97.76% | Best at iter 3900
  Iter 19000/50000 | Val Loss: 0.1240 | Val Acc: 97.78% | Best at iter 3900
  Iter 20000/50000 | Val Loss: 0.1506 | Val Acc: 97.80% | Best at iter 3900
  Iter 21000/50000 | Val Loss: 0.1638 | Val Acc: 97.56% | Best at iter 3900
  Iter 22000/50000 | Val Loss: 0.1313 | Val Acc: 97.92% | Best at iter 3900
  Iter 23000/50000 | Val Loss: 0.1501 | Val Acc: 97.70% | Best at iter 3900
  Iter 24000/50000 | Val Loss: 0.1421 | Val Acc: 97.76% | Best at iter 3900
  Iter 25000/50000 | Val Loss: 0.1679 | Val Acc: 97.60% | Best at iter 3900
  Iter 26000/50000 | Val Loss: 0.1707 | Val Acc: 97.66% | Best at iter 3900
  Iter 27000/50000 | Val Loss: 0.1613 | Val Acc: 97.92% | Best at iter 3900
  Iter 28000/50000 | Val Loss: 0.1726 | Val Acc: 97.80% | Best at iter 3900
  Iter 29000/50000 | Val Loss: 0.1506 | Val Acc: 98.04% | Best at iter 3900
  Iter 30000/50000 | Val Loss: 0.1649 | Val Acc: 97.82% | Best at iter 3900
  Iter 31000/50000 | Val Loss: 0.1932 | Val Acc: 97.88% | Best at iter 3900
  Iter 32000/50000 | Val Loss: 0.1777 | Val Acc: 97.78% | Best at iter 3900
  Iter 33000/50000 | Val Loss: 0.1626 | Val Acc: 97.80% | Best at iter 3900
  Iter 34000/50000 | Val Loss: 0.1914 | Val Acc: 97.54% | Best at iter 3900
  Iter 35000/50000 | Val Loss: 0.1840 | Val Acc: 97.96% | Best at iter 3900
  Iter 36000/50000 | Val Loss: 0.2059 | Val Acc: 97.54% | Best at iter 3900
  Iter 37000/50000 | Val Loss: 0.2146 | Val Acc: 97.30% | Best at iter 3900
  Iter 38000/50000 | Val Loss: 0.2167 | Val Acc: 97.60% | Best at iter 3900
  Iter 39000/50000 | Val Loss: 0.2176 | Val Acc: 97.72% | Best at iter 3900
  Iter 40000/50000 | Val Loss: 0.2138 | Val Acc: 97.78% | Best at iter 3900
  Iter 41000/50000 | Val Loss: 0.1823 | Val Acc: 97.90% | Best at iter 3900
  Iter 42000/50000 | Val Loss: 0.2322 | Val Acc: 98.06% | Best at iter 3900
  Iter 43000/50000 | Val Loss: 0.2359 | Val Acc: 97.76% | Best at iter 3900
  Iter 44000/50000 | Val Loss: 0.2831 | Val Acc: 97.62% | Best at iter 3900
  Iter 45000/50000 | Val Loss: 0.2394 | Val Acc: 97.86% | Best at iter 3900
  Iter 46000/50000 | Val Loss: 0.1925 | Val Acc: 98.06% | Best at iter 3900
  Iter 47000/50000 | Val Loss: 0.2107 | Val Acc: 97.86% | Best at iter 3900
  Iter 48000/50000 | Val Loss: 0.2179 | Val Acc: 97.96% | Best at iter 3900
  Iter 49000/50000 | Val Loss: 0.2370 | Val Acc: 98.04% | Best at iter 3900
  Iter 50000/50000 | Val Loss: 0.2451 | Val Acc: 97.66% | Best at iter 3900
[PRUNE] Pruning to 51.20%...
[RESET] Resetting to initial weights...

--- Round 4 (current: 51.20%) ---
[TRAIN] Training...
  Iter 1000/50000 | Val Loss: 0.1054 | Val Acc: 96.76% | Best at iter 1000
  Iter 2000/50000 | Val Loss: 0.0838 | Val Acc: 97.40% | Best at iter 2000
  Iter 3000/50000 | Val Loss: 0.0859 | Val Acc: 97.60% | Best at iter 2500
  Iter 4000/50000 | Val Loss: 0.0995 | Val Acc: 97.44% | Best at iter 2500
  Iter 5000/50000 | Val Loss: 0.0974 | Val Acc: 97.58% | Best at iter 2500
  Iter 6000/50000 | Val Loss: 0.1055 | Val Acc: 97.68% | Best at iter 2500
  Iter 7000/50000 | Val Loss: 0.0947 | Val Acc: 97.66% | Best at iter 2500
  Iter 8000/50000 | Val Loss: 0.1086 | Val Acc: 97.82% | Best at iter 2500
  Iter 9000/50000 | Val Loss: 0.1083 | Val Acc: 97.82% | Best at iter 2500
  Iter 10000/50000 | Val Loss: 0.1127 | Val Acc: 97.72% | Best at iter 2500
  Iter 11000/50000 | Val Loss: 0.1135 | Val Acc: 97.84% | Best at iter 2500
  Iter 12000/50000 | Val Loss: 0.1210 | Val Acc: 97.62% | Best at iter 2500
  Iter 13000/50000 | Val Loss: 0.1071 | Val Acc: 97.96% | Best at iter 2500
  Iter 14000/50000 | Val Loss: 0.1091 | Val Acc: 97.72% | Best at iter 2500
  Iter 15000/50000 | Val Loss: 0.1266 | Val Acc: 97.46% | Best at iter 2500
  Iter 16000/50000 | Val Loss: 0.1297 | Val Acc: 97.76% | Best at iter 2500
  Iter 17000/50000 | Val Loss: 0.1454 | Val Acc: 97.50% | Best at iter 2500
  Iter 18000/50000 | Val Loss: 0.1592 | Val Acc: 97.44% | Best at iter 2500
  Iter 19000/50000 | Val Loss: 0.1276 | Val Acc: 97.92% | Best at iter 2500
  Iter 20000/50000 | Val Loss: 0.1483 | Val Acc: 97.84% | Best at iter 2500
  Iter 21000/50000 | Val Loss: 0.1503 | Val Acc: 97.84% | Best at iter 2500
  Iter 22000/50000 | Val Loss: 0.1490 | Val Acc: 97.86% | Best at iter 2500
  Iter 23000/50000 | Val Loss: 0.1658 | Val Acc: 97.80% | Best at iter 2500
  Iter 24000/50000 | Val Loss: 0.1795 | Val Acc: 97.74% | Best at iter 2500
  Iter 25000/50000 | Val Loss: 0.1699 | Val Acc: 97.92% | Best at iter 2500
  Iter 26000/50000 | Val Loss: 0.1700 | Val Acc: 98.02% | Best at iter 2500
  Iter 27000/50000 | Val Loss: 0.1595 | Val Acc: 97.88% | Best at iter 2500
  Iter 28000/50000 | Val Loss: 0.1556 | Val Acc: 98.06% | Best at iter 2500
  Iter 29000/50000 | Val Loss: 0.1861 | Val Acc: 97.92% | Best at iter 2500
  Iter 30000/50000 | Val Loss: 0.1857 | Val Acc: 97.88% | Best at iter 2500
  Iter 31000/50000 | Val Loss: 0.1865 | Val Acc: 97.76% | Best at iter 2500
  Iter 32000/50000 | Val Loss: 0.1850 | Val Acc: 97.82% | Best at iter 2500
  Iter 33000/50000 | Val Loss: 0.1755 | Val Acc: 97.88% | Best at iter 2500
  Iter 34000/50000 | Val Loss: 0.1750 | Val Acc: 97.98% | Best at iter 2500
  Iter 35000/50000 | Val Loss: 0.1691 | Val Acc: 98.14% | Best at iter 2500
  Iter 36000/50000 | Val Loss: 0.2057 | Val Acc: 97.88% | Best at iter 2500
  Iter 37000/50000 | Val Loss: 0.2038 | Val Acc: 97.72% | Best at iter 2500
  Iter 38000/50000 | Val Loss: 0.2032 | Val Acc: 98.06% | Best at iter 2500
  Iter 39000/50000 | Val Loss: 0.2110 | Val Acc: 97.80% | Best at iter 2500
  Iter 40000/50000 | Val Loss: 0.2248 | Val Acc: 97.52% | Best at iter 2500
  Iter 41000/50000 | Val Loss: 0.2095 | Val Acc: 97.76% | Best at iter 2500
  Iter 42000/50000 | Val Loss: 0.2594 | Val Acc: 97.42% | Best at iter 2500
  Iter 43000/50000 | Val Loss: 0.2016 | Val Acc: 97.80% | Best at iter 2500
  Iter 44000/50000 | Val Loss: 0.2059 | Val Acc: 97.84% | Best at iter 2500
  Iter 45000/50000 | Val Loss: 0.2238 | Val Acc: 97.92% | Best at iter 2500
  Iter 46000/50000 | Val Loss: 0.2205 | Val Acc: 97.62% | Best at iter 2500
  Iter 47000/50000 | Val Loss: 0.2272 | Val Acc: 97.82% | Best at iter 2500
  Iter 48000/50000 | Val Loss: 0.2315 | Val Acc: 97.82% | Best at iter 2500
  Iter 49000/50000 | Val Loss: 0.2487 | Val Acc: 97.70% | Best at iter 2500
  Iter 50000/50000 | Val Loss: 0.2509 | Val Acc: 97.78% | Best at iter 2500
[PRUNE] Pruning to 40.96%...
[RESET] Resetting to initial weights...

--- Round 5 (current: 40.96%) ---
[TRAIN] Training...
  Iter 1000/50000 | Val Loss: 0.0960 | Val Acc: 96.90% | Best at iter 1000
  Iter 2000/50000 | Val Loss: 0.0794 | Val Acc: 97.44% | Best at iter 1700
  Iter 3000/50000 | Val Loss: 0.0837 | Val Acc: 97.62% | Best at iter 2300
  Iter 4000/50000 | Val Loss: 0.0801 | Val Acc: 97.86% | Best at iter 2300
  Iter 5000/50000 | Val Loss: 0.0922 | Val Acc: 97.42% | Best at iter 2300
  Iter 6000/50000 | Val Loss: 0.0922 | Val Acc: 97.64% | Best at iter 2300
  Iter 7000/50000 | Val Loss: 0.0955 | Val Acc: 97.56% | Best at iter 2300
  Iter 8000/50000 | Val Loss: 0.0954 | Val Acc: 97.58% | Best at iter 2300
  Iter 9000/50000 | Val Loss: 0.1287 | Val Acc: 97.44% | Best at iter 2300
  Iter 10000/50000 | Val Loss: 0.1027 | Val Acc: 97.72% | Best at iter 2300
  Iter 11000/50000 | Val Loss: 0.1082 | Val Acc: 97.70% | Best at iter 2300
  Iter 12000/50000 | Val Loss: 0.1103 | Val Acc: 97.90% | Best at iter 2300
  Iter 13000/50000 | Val Loss: 0.1084 | Val Acc: 98.12% | Best at iter 2300
  Iter 14000/50000 | Val Loss: 0.1193 | Val Acc: 97.90% | Best at iter 2300
  Iter 15000/50000 | Val Loss: 0.1189 | Val Acc: 97.90% | Best at iter 2300
  Iter 16000/50000 | Val Loss: 0.1243 | Val Acc: 97.84% | Best at iter 2300
  Iter 17000/50000 | Val Loss: 0.1386 | Val Acc: 97.70% | Best at iter 2300
  Iter 18000/50000 | Val Loss: 0.1294 | Val Acc: 97.92% | Best at iter 2300
  Iter 19000/50000 | Val Loss: 0.1363 | Val Acc: 97.80% | Best at iter 2300
  Iter 20000/50000 | Val Loss: 0.1315 | Val Acc: 97.90% | Best at iter 2300
  Iter 21000/50000 | Val Loss: 0.1375 | Val Acc: 97.72% | Best at iter 2300
  Iter 22000/50000 | Val Loss: 0.1502 | Val Acc: 97.90% | Best at iter 2300
  Iter 23000/50000 | Val Loss: 0.1721 | Val Acc: 97.60% | Best at iter 2300
  Iter 24000/50000 | Val Loss: 0.1433 | Val Acc: 97.78% | Best at iter 2300
  Iter 25000/50000 | Val Loss: 0.1527 | Val Acc: 97.68% | Best at iter 2300
  Iter 26000/50000 | Val Loss: 0.1368 | Val Acc: 97.98% | Best at iter 2300
  Iter 27000/50000 | Val Loss: 0.1516 | Val Acc: 97.92% | Best at iter 2300
  Iter 28000/50000 | Val Loss: 0.1616 | Val Acc: 97.94% | Best at iter 2300
  Iter 29000/50000 | Val Loss: 0.1907 | Val Acc: 97.68% | Best at iter 2300
  Iter 30000/50000 | Val Loss: 0.1844 | Val Acc: 97.76% | Best at iter 2300
  Iter 31000/50000 | Val Loss: 0.1604 | Val Acc: 97.94% | Best at iter 2300
  Iter 32000/50000 | Val Loss: 0.2077 | Val Acc: 97.54% | Best at iter 2300
  Iter 33000/50000 | Val Loss: 0.1770 | Val Acc: 97.94% | Best at iter 2300
  Iter 34000/50000 | Val Loss: 0.2113 | Val Acc: 97.62% | Best at iter 2300
  Iter 35000/50000 | Val Loss: 0.2214 | Val Acc: 97.52% | Best at iter 2300
  Iter 36000/50000 | Val Loss: 0.1729 | Val Acc: 97.96% | Best at iter 2300
  Iter 37000/50000 | Val Loss: 0.1699 | Val Acc: 97.94% | Best at iter 2300
  Iter 38000/50000 | Val Loss: 0.1738 | Val Acc: 97.88% | Best at iter 2300
  Iter 39000/50000 | Val Loss: 0.1759 | Val Acc: 97.98% | Best at iter 2300
  Iter 40000/50000 | Val Loss: 0.2136 | Val Acc: 97.54% | Best at iter 2300
  Iter 41000/50000 | Val Loss: 0.2134 | Val Acc: 97.92% | Best at iter 2300
  Iter 42000/50000 | Val Loss: 0.1858 | Val Acc: 97.98% | Best at iter 2300
  Iter 43000/50000 | Val Loss: 0.1978 | Val Acc: 97.84% | Best at iter 2300
  Iter 44000/50000 | Val Loss: 0.2119 | Val Acc: 97.60% | Best at iter 2300
  Iter 45000/50000 | Val Loss: 0.2274 | Val Acc: 97.90% | Best at iter 2300
  Iter 46000/50000 | Val Loss: 0.2117 | Val Acc: 97.90% | Best at iter 2300
  Iter 47000/50000 | Val Loss: 0.2114 | Val Acc: 97.94% | Best at iter 2300
  Iter 48000/50000 | Val Loss: 0.2378 | Val Acc: 97.84% | Best at iter 2300
  Iter 49000/50000 | Val Loss: 0.2317 | Val Acc: 97.92% | Best at iter 2300
  Iter 50000/50000 | Val Loss: 0.1886 | Val Acc: 98.04% | Best at iter 2300
[PRUNE] Pruning to 32.77%...
[RESET] Resetting to initial weights...

--- Round 6 (current: 32.77%) ---
[TRAIN] Training...
  Iter 1000/50000 | Val Loss: 0.0912 | Val Acc: 97.26% | Best at iter 1000
  Iter 2000/50000 | Val Loss: 0.0863 | Val Acc: 97.38% | Best at iter 1800
  Iter 3000/50000 | Val Loss: 0.0743 | Val Acc: 97.76% | Best at iter 3000
  Iter 4000/50000 | Val Loss: 0.1025 | Val Acc: 97.20% | Best at iter 3200
  Iter 5000/50000 | Val Loss: 0.0899 | Val Acc: 97.74% | Best at iter 3200
  Iter 6000/50000 | Val Loss: 0.1025 | Val Acc: 97.66% | Best at iter 3200
  Iter 7000/50000 | Val Loss: 0.1054 | Val Acc: 97.46% | Best at iter 3200
  Iter 8000/50000 | Val Loss: 0.0975 | Val Acc: 97.82% | Best at iter 3200
  Iter 9000/50000 | Val Loss: 0.1132 | Val Acc: 97.68% | Best at iter 3200
  Iter 10000/50000 | Val Loss: 0.1111 | Val Acc: 97.42% | Best at iter 3200
  Iter 11000/50000 | Val Loss: 0.1141 | Val Acc: 98.04% | Best at iter 3200
  Iter 12000/50000 | Val Loss: 0.1284 | Val Acc: 97.82% | Best at iter 3200
  Iter 13000/50000 | Val Loss: 0.1255 | Val Acc: 97.86% | Best at iter 3200
  Iter 14000/50000 | Val Loss: 0.1459 | Val Acc: 97.88% | Best at iter 3200
  Iter 15000/50000 | Val Loss: 0.1241 | Val Acc: 97.86% | Best at iter 3200
  Iter 16000/50000 | Val Loss: 0.1325 | Val Acc: 97.78% | Best at iter 3200
  Iter 17000/50000 | Val Loss: 0.1360 | Val Acc: 98.00% | Best at iter 3200
  Iter 18000/50000 | Val Loss: 0.1179 | Val Acc: 98.08% | Best at iter 3200
  Iter 19000/50000 | Val Loss: 0.1532 | Val Acc: 97.52% | Best at iter 3200
  Iter 20000/50000 | Val Loss: 0.1375 | Val Acc: 97.86% | Best at iter 3200
  Iter 21000/50000 | Val Loss: 0.1623 | Val Acc: 97.82% | Best at iter 3200
  Iter 22000/50000 | Val Loss: 0.1616 | Val Acc: 97.66% | Best at iter 3200
  Iter 23000/50000 | Val Loss: 0.1592 | Val Acc: 97.78% | Best at iter 3200
  Iter 24000/50000 | Val Loss: 0.1577 | Val Acc: 98.02% | Best at iter 3200
  Iter 25000/50000 | Val Loss: 0.1861 | Val Acc: 97.48% | Best at iter 3200
  Iter 26000/50000 | Val Loss: 0.1713 | Val Acc: 97.80% | Best at iter 3200
  Iter 27000/50000 | Val Loss: 0.1811 | Val Acc: 97.66% | Best at iter 3200
  Iter 28000/50000 | Val Loss: 0.1695 | Val Acc: 97.94% | Best at iter 3200
  Iter 29000/50000 | Val Loss: 0.2039 | Val Acc: 97.60% | Best at iter 3200
  Iter 30000/50000 | Val Loss: 0.2538 | Val Acc: 97.22% | Best at iter 3200
  Iter 31000/50000 | Val Loss: 0.2017 | Val Acc: 97.72% | Best at iter 3200
  Iter 32000/50000 | Val Loss: 0.1653 | Val Acc: 97.82% | Best at iter 3200
  Iter 33000/50000 | Val Loss: 0.2268 | Val Acc: 97.68% | Best at iter 3200
  Iter 34000/50000 | Val Loss: 0.2059 | Val Acc: 97.82% | Best at iter 3200
  Iter 35000/50000 | Val Loss: 0.2007 | Val Acc: 97.74% | Best at iter 3200
  Iter 36000/50000 | Val Loss: 0.1987 | Val Acc: 97.86% | Best at iter 3200
  Iter 37000/50000 | Val Loss: 0.2015 | Val Acc: 97.78% | Best at iter 3200
  Iter 38000/50000 | Val Loss: 0.2439 | Val Acc: 97.76% | Best at iter 3200
  Iter 39000/50000 | Val Loss: 0.1821 | Val Acc: 97.80% | Best at iter 3200
  Iter 40000/50000 | Val Loss: 0.2058 | Val Acc: 97.98% | Best at iter 3200
  Iter 41000/50000 | Val Loss: 0.2421 | Val Acc: 97.64% | Best at iter 3200
  Iter 42000/50000 | Val Loss: 0.1973 | Val Acc: 97.90% | Best at iter 3200
  Iter 43000/50000 | Val Loss: 0.2234 | Val Acc: 97.84% | Best at iter 3200
  Iter 44000/50000 | Val Loss: 0.2415 | Val Acc: 97.54% | Best at iter 3200
  Iter 45000/50000 | Val Loss: 0.2392 | Val Acc: 97.60% | Best at iter 3200
  Iter 46000/50000 | Val Loss: 0.2083 | Val Acc: 97.84% | Best at iter 3200
  Iter 47000/50000 | Val Loss: 0.2125 | Val Acc: 97.80% | Best at iter 3200
  Iter 48000/50000 | Val Loss: 0.2125 | Val Acc: 97.90% | Best at iter 3200
  Iter 49000/50000 | Val Loss: 0.2277 | Val Acc: 97.84% | Best at iter 3200
  Iter 50000/50000 | Val Loss: 0.2154 | Val Acc: 97.90% | Best at iter 3200
[PRUNE] Pruning to 26.21%...
[RESET] Resetting to initial weights...

--- Round 7 (current: 26.21%) ---
[TRAIN] Training...
  Iter 1000/50000 | Val Loss: 0.0982 | Val Acc: 97.04% | Best at iter 900
  Iter 2000/50000 | Val Loss: 0.0753 | Val Acc: 97.70% | Best at iter 2000
  Iter 3000/50000 | Val Loss: 0.0765 | Val Acc: 97.72% | Best at iter 2100
  Iter 4000/50000 | Val Loss: 0.0810 | Val Acc: 97.68% | Best at iter 2100
  Iter 5000/50000 | Val Loss: 0.0825 | Val Acc: 97.78% | Best at iter 2100
  Iter 6000/50000 | Val Loss: 0.0913 | Val Acc: 97.72% | Best at iter 2100
  Iter 7000/50000 | Val Loss: 0.0971 | Val Acc: 97.74% | Best at iter 2100
  Iter 8000/50000 | Val Loss: 0.1037 | Val Acc: 97.60% | Best at iter 2100
  Iter 9000/50000 | Val Loss: 0.1036 | Val Acc: 97.78% | Best at iter 2100
  Iter 10000/50000 | Val Loss: 0.1206 | Val Acc: 97.42% | Best at iter 2100
  Iter 11000/50000 | Val Loss: 0.1171 | Val Acc: 97.82% | Best at iter 2100
  Iter 12000/50000 | Val Loss: 0.1186 | Val Acc: 97.70% | Best at iter 2100
  Iter 13000/50000 | Val Loss: 0.1191 | Val Acc: 97.68% | Best at iter 2100
  Iter 14000/50000 | Val Loss: 0.1259 | Val Acc: 97.68% | Best at iter 2100
  Iter 15000/50000 | Val Loss: 0.1413 | Val Acc: 97.66% | Best at iter 2100
  Iter 16000/50000 | Val Loss: 0.1225 | Val Acc: 97.94% | Best at iter 2100
  Iter 17000/50000 | Val Loss: 0.1137 | Val Acc: 98.04% | Best at iter 2100
  Iter 18000/50000 | Val Loss: 0.1358 | Val Acc: 97.80% | Best at iter 2100
  Iter 19000/50000 | Val Loss: 0.1506 | Val Acc: 97.72% | Best at iter 2100
  Iter 20000/50000 | Val Loss: 0.1354 | Val Acc: 97.92% | Best at iter 2100
  Iter 21000/50000 | Val Loss: 0.1542 | Val Acc: 97.72% | Best at iter 2100
  Iter 22000/50000 | Val Loss: 0.1567 | Val Acc: 97.76% | Best at iter 2100
  Iter 23000/50000 | Val Loss: 0.1402 | Val Acc: 98.06% | Best at iter 2100
  Iter 24000/50000 | Val Loss: 0.1661 | Val Acc: 97.88% | Best at iter 2100
  Iter 25000/50000 | Val Loss: 0.1608 | Val Acc: 97.82% | Best at iter 2100
  Iter 26000/50000 | Val Loss: 0.1711 | Val Acc: 97.74% | Best at iter 2100
  Iter 27000/50000 | Val Loss: 0.1885 | Val Acc: 97.78% | Best at iter 2100
  Iter 28000/50000 | Val Loss: 0.1564 | Val Acc: 97.76% | Best at iter 2100
  Iter 29000/50000 | Val Loss: 0.1601 | Val Acc: 97.90% | Best at iter 2100
  Iter 30000/50000 | Val Loss: 0.1922 | Val Acc: 97.56% | Best at iter 2100
  Iter 31000/50000 | Val Loss: 0.1972 | Val Acc: 97.82% | Best at iter 2100
  Iter 32000/50000 | Val Loss: 0.1951 | Val Acc: 97.76% | Best at iter 2100
  Iter 33000/50000 | Val Loss: 0.1976 | Val Acc: 97.84% | Best at iter 2100
  Iter 34000/50000 | Val Loss: 0.1672 | Val Acc: 98.00% | Best at iter 2100
  Iter 35000/50000 | Val Loss: 0.1957 | Val Acc: 97.70% | Best at iter 2100
  Iter 36000/50000 | Val Loss: 0.1835 | Val Acc: 97.94% | Best at iter 2100
  Iter 37000/50000 | Val Loss: 0.1941 | Val Acc: 98.02% | Best at iter 2100
  Iter 38000/50000 | Val Loss: 0.1857 | Val Acc: 98.12% | Best at iter 2100
  Iter 39000/50000 | Val Loss: 0.2052 | Val Acc: 98.10% | Best at iter 2100
  Iter 40000/50000 | Val Loss: 0.1918 | Val Acc: 98.10% | Best at iter 2100
  Iter 41000/50000 | Val Loss: 0.1984 | Val Acc: 98.12% | Best at iter 2100
  Iter 42000/50000 | Val Loss: 0.2243 | Val Acc: 97.76% | Best at iter 2100
  Iter 43000/50000 | Val Loss: 0.2290 | Val Acc: 97.70% | Best at iter 2100
  Iter 44000/50000 | Val Loss: 0.2079 | Val Acc: 98.06% | Best at iter 2100
  Iter 45000/50000 | Val Loss: 0.1955 | Val Acc: 97.92% | Best at iter 2100
  Iter 46000/50000 | Val Loss: 0.2369 | Val Acc: 97.84% | Best at iter 2100
  Iter 47000/50000 | Val Loss: 0.2056 | Val Acc: 98.18% | Best at iter 2100
  Iter 48000/50000 | Val Loss: 0.1791 | Val Acc: 98.12% | Best at iter 2100
  Iter 49000/50000 | Val Loss: 0.2140 | Val Acc: 98.02% | Best at iter 2100
  Iter 50000/50000 | Val Loss: 0.2213 | Val Acc: 97.88% | Best at iter 2100
[PRUNE] Pruning to 20.97%...
[RESET] Resetting to initial weights...

--- Round 8 (current: 20.97%) ---
[TRAIN] Training...
  Iter 1000/50000 | Val Loss: 0.0874 | Val Acc: 97.16% | Best at iter 1000
  Iter 2000/50000 | Val Loss: 0.0667 | Val Acc: 97.94% | Best at iter 2000
  Iter 3000/50000 | Val Loss: 0.0732 | Val Acc: 97.78% | Best at iter 2100
  Iter 4000/50000 | Val Loss: 0.0795 | Val Acc: 97.96% | Best at iter 2100
  Iter 5000/50000 | Val Loss: 0.0794 | Val Acc: 97.86% | Best at iter 2100
  Iter 6000/50000 | Val Loss: 0.1003 | Val Acc: 97.74% | Best at iter 2100
  Iter 7000/50000 | Val Loss: 0.0887 | Val Acc: 97.88% | Best at iter 2100
  Iter 8000/50000 | Val Loss: 0.1087 | Val Acc: 97.74% | Best at iter 2100
  Iter 9000/50000 | Val Loss: 0.1071 | Val Acc: 97.90% | Best at iter 2100
  Iter 10000/50000 | Val Loss: 0.0940 | Val Acc: 97.94% | Best at iter 2100
  Iter 11000/50000 | Val Loss: 0.1134 | Val Acc: 97.80% | Best at iter 2100
  Iter 12000/50000 | Val Loss: 0.1106 | Val Acc: 98.18% | Best at iter 2100
  Iter 13000/50000 | Val Loss: 0.1347 | Val Acc: 97.74% | Best at iter 2100
  Iter 14000/50000 | Val Loss: 0.1149 | Val Acc: 98.12% | Best at iter 2100
  Iter 15000/50000 | Val Loss: 0.1124 | Val Acc: 97.98% | Best at iter 2100
  Iter 16000/50000 | Val Loss: 0.1093 | Val Acc: 97.86% | Best at iter 2100
  Iter 17000/50000 | Val Loss: 0.1226 | Val Acc: 98.10% | Best at iter 2100
  Iter 18000/50000 | Val Loss: 0.1167 | Val Acc: 97.98% | Best at iter 2100
  Iter 19000/50000 | Val Loss: 0.1348 | Val Acc: 98.20% | Best at iter 2100
  Iter 20000/50000 | Val Loss: 0.1256 | Val Acc: 98.00% | Best at iter 2100
  Iter 21000/50000 | Val Loss: 0.1312 | Val Acc: 98.02% | Best at iter 2100
  Iter 22000/50000 | Val Loss: 0.1348 | Val Acc: 98.08% | Best at iter 2100
  Iter 23000/50000 | Val Loss: 0.1410 | Val Acc: 97.82% | Best at iter 2100
  Iter 24000/50000 | Val Loss: 0.1345 | Val Acc: 98.14% | Best at iter 2100
  Iter 25000/50000 | Val Loss: 0.1393 | Val Acc: 98.18% | Best at iter 2100
  Iter 26000/50000 | Val Loss: 0.1483 | Val Acc: 98.02% | Best at iter 2100
  Iter 27000/50000 | Val Loss: 0.1624 | Val Acc: 97.96% | Best at iter 2100
  Iter 28000/50000 | Val Loss: 0.1709 | Val Acc: 97.90% | Best at iter 2100
  Iter 29000/50000 | Val Loss: 0.1631 | Val Acc: 98.06% | Best at iter 2100
  Iter 30000/50000 | Val Loss: 0.1681 | Val Acc: 97.96% | Best at iter 2100
  Iter 31000/50000 | Val Loss: 0.1762 | Val Acc: 98.20% | Best at iter 2100
  Iter 32000/50000 | Val Loss: 0.1748 | Val Acc: 98.06% | Best at iter 2100
  Iter 33000/50000 | Val Loss: 0.1594 | Val Acc: 98.00% | Best at iter 2100
  Iter 34000/50000 | Val Loss: 0.1868 | Val Acc: 97.90% | Best at iter 2100
  Iter 35000/50000 | Val Loss: 0.1570 | Val Acc: 98.06% | Best at iter 2100
  Iter 36000/50000 | Val Loss: 0.1859 | Val Acc: 98.00% | Best at iter 2100
  Iter 37000/50000 | Val Loss: 0.1782 | Val Acc: 97.88% | Best at iter 2100
  Iter 38000/50000 | Val Loss: 0.1888 | Val Acc: 97.76% | Best at iter 2100
  Iter 39000/50000 | Val Loss: 0.1833 | Val Acc: 97.90% | Best at iter 2100
  Iter 40000/50000 | Val Loss: 0.1734 | Val Acc: 98.06% | Best at iter 2100
  Iter 41000/50000 | Val Loss: 0.1944 | Val Acc: 97.94% | Best at iter 2100
  Iter 42000/50000 | Val Loss: 0.1796 | Val Acc: 97.92% | Best at iter 2100
  Iter 43000/50000 | Val Loss: 0.1971 | Val Acc: 97.94% | Best at iter 2100
  Iter 44000/50000 | Val Loss: 0.1986 | Val Acc: 98.10% | Best at iter 2100
  Iter 45000/50000 | Val Loss: 0.1788 | Val Acc: 98.04% | Best at iter 2100
  Iter 46000/50000 | Val Loss: 0.2097 | Val Acc: 97.98% | Best at iter 2100
  Iter 47000/50000 | Val Loss: 0.2306 | Val Acc: 97.78% | Best at iter 2100
  Iter 48000/50000 | Val Loss: 0.2239 | Val Acc: 97.62% | Best at iter 2100
  Iter 49000/50000 | Val Loss: 0.2345 | Val Acc: 97.92% | Best at iter 2100
  Iter 50000/50000 | Val Loss: 0.2017 | Val Acc: 98.02% | Best at iter 2100
[PRUNE] Pruning to 16.78%...
[RESET] Resetting to initial weights...

--- Round 9 (current: 16.78%) ---
[TRAIN] Training...
  Iter 1000/50000 | Val Loss: 0.0832 | Val Acc: 97.34% | Best at iter 1000
  Iter 2000/50000 | Val Loss: 0.0692 | Val Acc: 97.66% | Best at iter 1900
  Iter 3000/50000 | Val Loss: 0.0628 | Val Acc: 97.92% | Best at iter 2800
  Iter 4000/50000 | Val Loss: 0.0661 | Val Acc: 98.18% | Best at iter 2800
  Iter 5000/50000 | Val Loss: 0.0713 | Val Acc: 98.06% | Best at iter 2800
  Iter 6000/50000 | Val Loss: 0.0811 | Val Acc: 97.92% | Best at iter 2800
  Iter 7000/50000 | Val Loss: 0.0825 | Val Acc: 98.00% | Best at iter 2800
  Iter 8000/50000 | Val Loss: 0.0866 | Val Acc: 98.04% | Best at iter 2800
  Iter 9000/50000 | Val Loss: 0.0883 | Val Acc: 98.04% | Best at iter 2800
  Iter 10000/50000 | Val Loss: 0.1109 | Val Acc: 97.70% | Best at iter 2800
  Iter 11000/50000 | Val Loss: 0.1139 | Val Acc: 97.66% | Best at iter 2800
  Iter 12000/50000 | Val Loss: 0.0967 | Val Acc: 98.18% | Best at iter 2800
  Iter 13000/50000 | Val Loss: 0.1146 | Val Acc: 97.72% | Best at iter 2800
  Iter 14000/50000 | Val Loss: 0.1095 | Val Acc: 98.02% | Best at iter 2800
  Iter 15000/50000 | Val Loss: 0.1139 | Val Acc: 97.90% | Best at iter 2800
  Iter 16000/50000 | Val Loss: 0.1275 | Val Acc: 97.78% | Best at iter 2800
  Iter 17000/50000 | Val Loss: 0.1505 | Val Acc: 97.60% | Best at iter 2800
  Iter 18000/50000 | Val Loss: 0.1340 | Val Acc: 97.82% | Best at iter 2800
  Iter 19000/50000 | Val Loss: 0.1310 | Val Acc: 97.98% | Best at iter 2800
  Iter 20000/50000 | Val Loss: 0.1258 | Val Acc: 98.12% | Best at iter 2800
  Iter 21000/50000 | Val Loss: 0.1439 | Val Acc: 97.90% | Best at iter 2800
  Iter 22000/50000 | Val Loss: 0.1276 | Val Acc: 98.00% | Best at iter 2800
  Iter 23000/50000 | Val Loss: 0.1316 | Val Acc: 98.00% | Best at iter 2800
  Iter 24000/50000 | Val Loss: 0.1616 | Val Acc: 97.80% | Best at iter 2800
  Iter 25000/50000 | Val Loss: 0.1267 | Val Acc: 98.04% | Best at iter 2800
  Iter 26000/50000 | Val Loss: 0.1409 | Val Acc: 97.98% | Best at iter 2800
  Iter 27000/50000 | Val Loss: 0.1618 | Val Acc: 97.72% | Best at iter 2800
  Iter 28000/50000 | Val Loss: 0.1424 | Val Acc: 98.08% | Best at iter 2800
  Iter 29000/50000 | Val Loss: 0.1654 | Val Acc: 97.90% | Best at iter 2800
  Iter 30000/50000 | Val Loss: 0.1389 | Val Acc: 98.24% | Best at iter 2800
  Iter 31000/50000 | Val Loss: 0.1420 | Val Acc: 97.90% | Best at iter 2800
  Iter 32000/50000 | Val Loss: 0.1600 | Val Acc: 97.90% | Best at iter 2800
  Iter 33000/50000 | Val Loss: 0.1815 | Val Acc: 97.86% | Best at iter 2800
  Iter 34000/50000 | Val Loss: 0.1411 | Val Acc: 97.98% | Best at iter 2800
  Iter 35000/50000 | Val Loss: 0.1657 | Val Acc: 97.72% | Best at iter 2800
  Iter 36000/50000 | Val Loss: 0.1579 | Val Acc: 98.00% | Best at iter 2800
  Iter 37000/50000 | Val Loss: 0.1542 | Val Acc: 98.10% | Best at iter 2800
  Iter 38000/50000 | Val Loss: 0.1537 | Val Acc: 98.06% | Best at iter 2800
  Iter 39000/50000 | Val Loss: 0.1533 | Val Acc: 98.10% | Best at iter 2800
  Iter 40000/50000 | Val Loss: 0.1530 | Val Acc: 98.06% | Best at iter 2800
  Iter 41000/50000 | Val Loss: 0.1536 | Val Acc: 98.06% | Best at iter 2800
  Iter 42000/50000 | Val Loss: 0.1536 | Val Acc: 98.06% | Best at iter 2800
  Iter 43000/50000 | Val Loss: 0.1545 | Val Acc: 98.14% | Best at iter 2800
  Iter 44000/50000 | Val Loss: 0.1553 | Val Acc: 98.14% | Best at iter 2800
  Iter 45000/50000 | Val Loss: 0.1574 | Val Acc: 98.18% | Best at iter 2800
  Iter 46000/50000 | Val Loss: 0.1579 | Val Acc: 98.20% | Best at iter 2800
  Iter 47000/50000 | Val Loss: 0.1592 | Val Acc: 98.24% | Best at iter 2800
  Iter 48000/50000 | Val Loss: 0.1612 | Val Acc: 98.26% | Best at iter 2800
  Iter 49000/50000 | Val Loss: 0.1627 | Val Acc: 98.22% | Best at iter 2800
  Iter 50000/50000 | Val Loss: 0.1641 | Val Acc: 98.20% | Best at iter 2800
[PRUNE] Pruning to 13.42%...
[RESET] Resetting to initial weights...

--- Round 10 (current: 13.42%) ---
[TRAIN] Training...
  Iter 1000/50000 | Val Loss: 0.0762 | Val Acc: 97.54% | Best at iter 1000
  Iter 2000/50000 | Val Loss: 0.0725 | Val Acc: 97.82% | Best at iter 1900
  Iter 3000/50000 | Val Loss: 0.0615 | Val Acc: 98.14% | Best at iter 3000
  Iter 4000/50000 | Val Loss: 0.0676 | Val Acc: 98.08% | Best at iter 3000
  Iter 5000/50000 | Val Loss: 0.0734 | Val Acc: 98.14% | Best at iter 3000
  Iter 6000/50000 | Val Loss: 0.0974 | Val Acc: 97.64% | Best at iter 3000
  Iter 7000/50000 | Val Loss: 0.0849 | Val Acc: 98.06% | Best at iter 3000
  Iter 8000/50000 | Val Loss: 0.1006 | Val Acc: 97.82% | Best at iter 3000
  Iter 9000/50000 | Val Loss: 0.0953 | Val Acc: 97.90% | Best at iter 3000
  Iter 10000/50000 | Val Loss: 0.1001 | Val Acc: 97.94% | Best at iter 3000
  Iter 11000/50000 | Val Loss: 0.1307 | Val Acc: 97.70% | Best at iter 3000
  Iter 12000/50000 | Val Loss: 0.1169 | Val Acc: 97.78% | Best at iter 3000
  Iter 13000/50000 | Val Loss: 0.1092 | Val Acc: 97.94% | Best at iter 3000
  Iter 14000/50000 | Val Loss: 0.1318 | Val Acc: 97.70% | Best at iter 3000
  Iter 15000/50000 | Val Loss: 0.1391 | Val Acc: 97.66% | Best at iter 3000
  Iter 16000/50000 | Val Loss: 0.1273 | Val Acc: 97.78% | Best at iter 3000
  Iter 17000/50000 | Val Loss: 0.1428 | Val Acc: 97.80% | Best at iter 3000
  Iter 18000/50000 | Val Loss: 0.1164 | Val Acc: 98.04% | Best at iter 3000
  Iter 19000/50000 | Val Loss: 0.1109 | Val Acc: 98.08% | Best at iter 3000
  Iter 20000/50000 | Val Loss: 0.1098 | Val Acc: 98.12% | Best at iter 3000
  Iter 21000/50000 | Val Loss: 0.1099 | Val Acc: 98.14% | Best at iter 3000
  Iter 22000/50000 | Val Loss: 0.1108 | Val Acc: 98.04% | Best at iter 3000
  Iter 23000/50000 | Val Loss: 0.1125 | Val Acc: 98.18% | Best at iter 3000
  Iter 24000/50000 | Val Loss: 0.1134 | Val Acc: 98.18% | Best at iter 3000
  Iter 25000/50000 | Val Loss: 0.1151 | Val Acc: 98.14% | Best at iter 3000
  Iter 26000/50000 | Val Loss: 0.1173 | Val Acc: 98.18% | Best at iter 3000
  Iter 27000/50000 | Val Loss: 0.1201 | Val Acc: 98.22% | Best at iter 3000
  Iter 28000/50000 | Val Loss: 0.1229 | Val Acc: 98.22% | Best at iter 3000
  Iter 29000/50000 | Val Loss: 0.1264 | Val Acc: 98.18% | Best at iter 3000
  Iter 30000/50000 | Val Loss: 0.1756 | Val Acc: 97.82% | Best at iter 3000
  Iter 31000/50000 | Val Loss: 0.1660 | Val Acc: 97.94% | Best at iter 3000
  Iter 32000/50000 | Val Loss: 0.1774 | Val Acc: 97.82% | Best at iter 3000
  Iter 33000/50000 | Val Loss: 0.1656 | Val Acc: 97.94% | Best at iter 3000
  Iter 34000/50000 | Val Loss: 0.1591 | Val Acc: 98.10% | Best at iter 3000
  Iter 35000/50000 | Val Loss: 0.1554 | Val Acc: 97.88% | Best at iter 3000
  Iter 36000/50000 | Val Loss: 0.1640 | Val Acc: 97.90% | Best at iter 3000
  Iter 37000/50000 | Val Loss: 0.1685 | Val Acc: 97.80% | Best at iter 3000
  Iter 38000/50000 | Val Loss: 0.1738 | Val Acc: 97.96% | Best at iter 3000
  Iter 39000/50000 | Val Loss: 0.1645 | Val Acc: 98.12% | Best at iter 3000
  Iter 40000/50000 | Val Loss: 0.1862 | Val Acc: 97.78% | Best at iter 3000
  Iter 41000/50000 | Val Loss: 0.1708 | Val Acc: 98.18% | Best at iter 3000
  Iter 42000/50000 | Val Loss: 0.1800 | Val Acc: 97.76% | Best at iter 3000
  Iter 43000/50000 | Val Loss: 0.1607 | Val Acc: 98.06% | Best at iter 3000
  Iter 44000/50000 | Val Loss: 0.1651 | Val Acc: 98.06% | Best at iter 3000
  Iter 45000/50000 | Val Loss: 0.1549 | Val Acc: 98.14% | Best at iter 3000
  Iter 46000/50000 | Val Loss: 0.1541 | Val Acc: 98.14% | Best at iter 3000
  Iter 47000/50000 | Val Loss: 0.1538 | Val Acc: 98.06% | Best at iter 3000
  Iter 48000/50000 | Val Loss: 0.1535 | Val Acc: 98.10% | Best at iter 3000
  Iter 49000/50000 | Val Loss: 0.1542 | Val Acc: 98.10% | Best at iter 3000
  Iter 50000/50000 | Val Loss: 0.1537 | Val Acc: 98.08% | Best at iter 3000
[PRUNE] Pruning to 10.74%...
[RESET] Resetting to initial weights...

--- Round 11 (current: 10.74%) ---
[TRAIN] Training...
  Iter 1000/50000 | Val Loss: 0.0815 | Val Acc: 97.48% | Best at iter 1000
  Iter 2000/50000 | Val Loss: 0.0650 | Val Acc: 98.02% | Best at iter 1900
  Iter 3000/50000 | Val Loss: 0.0593 | Val Acc: 98.16% | Best at iter 3000
  Iter 4000/50000 | Val Loss: 0.0611 | Val Acc: 98.22% | Best at iter 3000
  Iter 5000/50000 | Val Loss: 0.0705 | Val Acc: 97.94% | Best at iter 3000
  Iter 6000/50000 | Val Loss: 0.0798 | Val Acc: 97.98% | Best at iter 3000
  Iter 7000/50000 | Val Loss: 0.0880 | Val Acc: 97.92% | Best at iter 3000
  Iter 8000/50000 | Val Loss: 0.0990 | Val Acc: 97.90% | Best at iter 3000
  Iter 9000/50000 | Val Loss: 0.0892 | Val Acc: 98.04% | Best at iter 3000
  Iter 10000/50000 | Val Loss: 0.0967 | Val Acc: 98.00% | Best at iter 3000
  Iter 11000/50000 | Val Loss: 0.1125 | Val Acc: 97.94% | Best at iter 3000
  Iter 12000/50000 | Val Loss: 0.1135 | Val Acc: 97.90% | Best at iter 3000
  Iter 13000/50000 | Val Loss: 0.0995 | Val Acc: 98.18% | Best at iter 3000
  Iter 14000/50000 | Val Loss: 0.1016 | Val Acc: 98.22% | Best at iter 3000
  Iter 15000/50000 | Val Loss: 0.1001 | Val Acc: 98.28% | Best at iter 3000
  Iter 16000/50000 | Val Loss: 0.1009 | Val Acc: 98.28% | Best at iter 3000
  Iter 17000/50000 | Val Loss: 0.1026 | Val Acc: 98.28% | Best at iter 3000
  Iter 18000/50000 | Val Loss: 0.1068 | Val Acc: 98.28% | Best at iter 3000
  Iter 19000/50000 | Val Loss: 0.1229 | Val Acc: 98.08% | Best at iter 3000
  Iter 20000/50000 | Val Loss: 0.1254 | Val Acc: 97.76% | Best at iter 3000
  Iter 21000/50000 | Val Loss: 0.1134 | Val Acc: 98.00% | Best at iter 3000
  Iter 22000/50000 | Val Loss: 0.1149 | Val Acc: 98.14% | Best at iter 3000
  Iter 23000/50000 | Val Loss: 0.1161 | Val Acc: 98.16% | Best at iter 3000
  Iter 24000/50000 | Val Loss: 0.1295 | Val Acc: 98.10% | Best at iter 3000
  Iter 25000/50000 | Val Loss: 0.1215 | Val Acc: 98.16% | Best at iter 3000
  Iter 26000/50000 | Val Loss: 0.1169 | Val Acc: 98.14% | Best at iter 3000
  Iter 27000/50000 | Val Loss: 0.1175 | Val Acc: 98.16% | Best at iter 3000
  Iter 28000/50000 | Val Loss: 0.1174 | Val Acc: 98.14% | Best at iter 3000
  Iter 29000/50000 | Val Loss: 0.1176 | Val Acc: 98.18% | Best at iter 3000
  Iter 30000/50000 | Val Loss: 0.1183 | Val Acc: 98.20% | Best at iter 3000
  Iter 31000/50000 | Val Loss: 0.1188 | Val Acc: 98.20% | Best at iter 3000
  Iter 32000/50000 | Val Loss: 0.1195 | Val Acc: 98.18% | Best at iter 3000
  Iter 33000/50000 | Val Loss: 0.1198 | Val Acc: 98.26% | Best at iter 3000
  Iter 34000/50000 | Val Loss: 0.1218 | Val Acc: 98.20% | Best at iter 3000
  Iter 35000/50000 | Val Loss: 0.1225 | Val Acc: 98.26% | Best at iter 3000
  Iter 36000/50000 | Val Loss: 0.1263 | Val Acc: 98.24% | Best at iter 3000
  Iter 37000/50000 | Val Loss: 0.2199 | Val Acc: 97.32% | Best at iter 3000
  Iter 38000/50000 | Val Loss: 0.1588 | Val Acc: 98.08% | Best at iter 3000
  Iter 39000/50000 | Val Loss: 0.1450 | Val Acc: 98.14% | Best at iter 3000
  Iter 40000/50000 | Val Loss: 0.1425 | Val Acc: 98.18% | Best at iter 3000
  Iter 41000/50000 | Val Loss: 0.1424 | Val Acc: 98.14% | Best at iter 3000
  Iter 42000/50000 | Val Loss: 0.1420 | Val Acc: 98.16% | Best at iter 3000
  Iter 43000/50000 | Val Loss: 0.1415 | Val Acc: 98.20% | Best at iter 3000
  Iter 44000/50000 | Val Loss: 0.1418 | Val Acc: 98.18% | Best at iter 3000
  Iter 45000/50000 | Val Loss: 0.1421 | Val Acc: 98.18% | Best at iter 3000
  Iter 46000/50000 | Val Loss: 0.1426 | Val Acc: 98.18% | Best at iter 3000
  Iter 47000/50000 | Val Loss: 0.1438 | Val Acc: 98.16% | Best at iter 3000
  Iter 48000/50000 | Val Loss: 0.1449 | Val Acc: 98.18% | Best at iter 3000
  Iter 49000/50000 | Val Loss: 0.1463 | Val Acc: 98.10% | Best at iter 3000
  Iter 50000/50000 | Val Loss: 0.1464 | Val Acc: 98.18% | Best at iter 3000
[PRUNE] Pruning to 8.59%...
[RESET] Resetting to initial weights...

--- Round 12 (current: 8.59%) ---
[TRAIN] Training...
  Iter 1000/50000 | Val Loss: 0.0788 | Val Acc: 97.72% | Best at iter 1000
  Iter 2000/50000 | Val Loss: 0.0672 | Val Acc: 97.88% | Best at iter 1800
  Iter 3000/50000 | Val Loss: 0.0622 | Val Acc: 97.96% | Best at iter 2800
  Iter 4000/50000 | Val Loss: 0.0652 | Val Acc: 98.10% | Best at iter 3700
  Iter 5000/50000 | Val Loss: 0.0653 | Val Acc: 98.10% | Best at iter 3700
  Iter 6000/50000 | Val Loss: 0.0684 | Val Acc: 98.28% | Best at iter 3700
  Iter 7000/50000 | Val Loss: 0.0831 | Val Acc: 98.14% | Best at iter 3700
  Iter 8000/50000 | Val Loss: 0.0819 | Val Acc: 98.08% | Best at iter 3700
  Iter 9000/50000 | Val Loss: 0.0844 | Val Acc: 97.98% | Best at iter 3700
  Iter 10000/50000 | Val Loss: 0.0916 | Val Acc: 98.04% | Best at iter 3700
  Iter 11000/50000 | Val Loss: 0.0902 | Val Acc: 98.12% | Best at iter 3700
  Iter 12000/50000 | Val Loss: 0.1335 | Val Acc: 97.64% | Best at iter 3700
  Iter 13000/50000 | Val Loss: 0.1001 | Val Acc: 98.08% | Best at iter 3700
  Iter 14000/50000 | Val Loss: 0.0985 | Val Acc: 98.10% | Best at iter 3700
  Iter 15000/50000 | Val Loss: 0.0992 | Val Acc: 98.14% | Best at iter 3700
  Iter 16000/50000 | Val Loss: 0.0989 | Val Acc: 98.22% | Best at iter 3700
  Iter 17000/50000 | Val Loss: 0.1007 | Val Acc: 98.18% | Best at iter 3700
  Iter 18000/50000 | Val Loss: 0.1029 | Val Acc: 98.18% | Best at iter 3700
  Iter 19000/50000 | Val Loss: 0.1028 | Val Acc: 98.24% | Best at iter 3700
  Iter 20000/50000 | Val Loss: 0.1075 | Val Acc: 98.10% | Best at iter 3700
  Iter 21000/50000 | Val Loss: 0.1103 | Val Acc: 98.20% | Best at iter 3700
  Iter 22000/50000 | Val Loss: 0.1592 | Val Acc: 97.60% | Best at iter 3700
  Iter 23000/50000 | Val Loss: 0.1333 | Val Acc: 98.00% | Best at iter 3700
  Iter 24000/50000 | Val Loss: 0.1231 | Val Acc: 98.06% | Best at iter 3700
  Iter 25000/50000 | Val Loss: 0.1213 | Val Acc: 98.12% | Best at iter 3700
  Iter 26000/50000 | Val Loss: 0.1209 | Val Acc: 98.18% | Best at iter 3700
  Iter 27000/50000 | Val Loss: 0.1213 | Val Acc: 98.20% | Best at iter 3700
  Iter 28000/50000 | Val Loss: 0.1220 | Val Acc: 98.16% | Best at iter 3700
  Iter 29000/50000 | Val Loss: 0.1220 | Val Acc: 98.16% | Best at iter 3700
  Iter 30000/50000 | Val Loss: 0.1224 | Val Acc: 98.16% | Best at iter 3700
  Iter 31000/50000 | Val Loss: 0.1224 | Val Acc: 98.24% | Best at iter 3700
  Iter 32000/50000 | Val Loss: 0.1235 | Val Acc: 98.12% | Best at iter 3700
  Iter 33000/50000 | Val Loss: 0.1264 | Val Acc: 98.22% | Best at iter 3700
  Iter 34000/50000 | Val Loss: 0.1965 | Val Acc: 97.44% | Best at iter 3700
  Iter 35000/50000 | Val Loss: 0.1541 | Val Acc: 98.08% | Best at iter 3700
  Iter 36000/50000 | Val Loss: 0.1575 | Val Acc: 97.94% | Best at iter 3700
  Iter 37000/50000 | Val Loss: 0.1479 | Val Acc: 98.10% | Best at iter 3700
  Iter 38000/50000 | Val Loss: 0.1432 | Val Acc: 98.18% | Best at iter 3700
  Iter 39000/50000 | Val Loss: 0.1434 | Val Acc: 98.18% | Best at iter 3700
  Iter 40000/50000 | Val Loss: 0.1430 | Val Acc: 98.18% | Best at iter 3700
  Iter 41000/50000 | Val Loss: 0.1430 | Val Acc: 98.18% | Best at iter 3700
  Iter 42000/50000 | Val Loss: 0.1426 | Val Acc: 98.20% | Best at iter 3700
  Iter 43000/50000 | Val Loss: 0.1422 | Val Acc: 98.24% | Best at iter 3700
  Iter 44000/50000 | Val Loss: 0.1427 | Val Acc: 98.22% | Best at iter 3700
  Iter 45000/50000 | Val Loss: 0.1431 | Val Acc: 98.20% | Best at iter 3700
  Iter 46000/50000 | Val Loss: 0.1442 | Val Acc: 98.28% | Best at iter 3700
  Iter 47000/50000 | Val Loss: 0.1442 | Val Acc: 98.32% | Best at iter 3700
  Iter 48000/50000 | Val Loss: 0.1482 | Val Acc: 98.24% | Best at iter 3700
  Iter 49000/50000 | Val Loss: 0.1807 | Val Acc: 97.88% | Best at iter 3700
  Iter 50000/50000 | Val Loss: 0.1631 | Val Acc: 98.06% | Best at iter 3700
[PRUNE] Pruning to 6.87%...
[RESET] Resetting to initial weights...

--- Round 13 (current: 6.87%) ---
[TRAIN] Training...
  Iter 1000/50000 | Val Loss: 0.0776 | Val Acc: 97.56% | Best at iter 1000
  Iter 2000/50000 | Val Loss: 0.0685 | Val Acc: 97.86% | Best at iter 1900
  Iter 3000/50000 | Val Loss: 0.0697 | Val Acc: 97.84% | Best at iter 2200
  Iter 4000/50000 | Val Loss: 0.0649 | Val Acc: 98.22% | Best at iter 2200
  Iter 5000/50000 | Val Loss: 0.0717 | Val Acc: 97.92% | Best at iter 2200
  Iter 6000/50000 | Val Loss: 0.0736 | Val Acc: 98.16% | Best at iter 2200
  Iter 7000/50000 | Val Loss: 0.0789 | Val Acc: 98.20% | Best at iter 2200
  Iter 8000/50000 | Val Loss: 0.0832 | Val Acc: 98.06% | Best at iter 2200
  Iter 9000/50000 | Val Loss: 0.0908 | Val Acc: 98.18% | Best at iter 2200
  Iter 10000/50000 | Val Loss: 0.0874 | Val Acc: 98.16% | Best at iter 2200
  Iter 11000/50000 | Val Loss: 0.0906 | Val Acc: 98.12% | Best at iter 2200
  Iter 12000/50000 | Val Loss: 0.1092 | Val Acc: 97.90% | Best at iter 2200
  Iter 13000/50000 | Val Loss: 0.0968 | Val Acc: 98.10% | Best at iter 2200
  Iter 14000/50000 | Val Loss: 0.0956 | Val Acc: 98.18% | Best at iter 2200
  Iter 15000/50000 | Val Loss: 0.0948 | Val Acc: 98.22% | Best at iter 2200
  Iter 16000/50000 | Val Loss: 0.0971 | Val Acc: 98.26% | Best at iter 2200
  Iter 17000/50000 | Val Loss: 0.0996 | Val Acc: 98.24% | Best at iter 2200
  Iter 18000/50000 | Val Loss: 0.1014 | Val Acc: 98.20% | Best at iter 2200
  Iter 19000/50000 | Val Loss: 0.1069 | Val Acc: 98.22% | Best at iter 2200
  Iter 20000/50000 | Val Loss: 0.1275 | Val Acc: 97.86% | Best at iter 2200
  Iter 21000/50000 | Val Loss: 0.1174 | Val Acc: 98.22% | Best at iter 2200
  Iter 22000/50000 | Val Loss: 0.1201 | Val Acc: 98.14% | Best at iter 2200
  Iter 23000/50000 | Val Loss: 0.1354 | Val Acc: 98.10% | Best at iter 2200
  Iter 24000/50000 | Val Loss: 0.1286 | Val Acc: 98.08% | Best at iter 2200
  Iter 25000/50000 | Val Loss: 0.1532 | Val Acc: 97.68% | Best at iter 2200
  Iter 26000/50000 | Val Loss: 0.1229 | Val Acc: 98.08% | Best at iter 2200
  Iter 27000/50000 | Val Loss: 0.1215 | Val Acc: 98.14% | Best at iter 2200
  Iter 28000/50000 | Val Loss: 0.1225 | Val Acc: 98.16% | Best at iter 2200
  Iter 29000/50000 | Val Loss: 0.1232 | Val Acc: 98.22% | Best at iter 2200
  Iter 30000/50000 | Val Loss: 0.1239 | Val Acc: 98.16% | Best at iter 2200
  Iter 31000/50000 | Val Loss: 0.1258 | Val Acc: 98.18% | Best at iter 2200
  Iter 32000/50000 | Val Loss: 0.1284 | Val Acc: 98.18% | Best at iter 2200
  Iter 33000/50000 | Val Loss: 0.1290 | Val Acc: 98.28% | Best at iter 2200
  Iter 34000/50000 | Val Loss: 0.1331 | Val Acc: 98.20% | Best at iter 2200
  Iter 35000/50000 | Val Loss: 0.1351 | Val Acc: 98.18% | Best at iter 2200
  Iter 36000/50000 | Val Loss: 0.1390 | Val Acc: 98.20% | Best at iter 2200
  Iter 37000/50000 | Val Loss: 0.1413 | Val Acc: 98.22% | Best at iter 2200
  Iter 38000/50000 | Val Loss: 0.1736 | Val Acc: 97.94% | Best at iter 2200
  Iter 39000/50000 | Val Loss: 0.1621 | Val Acc: 98.06% | Best at iter 2200
  Iter 40000/50000 | Val Loss: 0.1635 | Val Acc: 98.00% | Best at iter 2200
  Iter 41000/50000 | Val Loss: 0.1640 | Val Acc: 98.00% | Best at iter 2200
  Iter 42000/50000 | Val Loss: 0.1633 | Val Acc: 98.06% | Best at iter 2200
  Iter 43000/50000 | Val Loss: 0.1624 | Val Acc: 98.04% | Best at iter 2200
  Iter 44000/50000 | Val Loss: 0.1623 | Val Acc: 98.06% | Best at iter 2200
  Iter 45000/50000 | Val Loss: 0.1628 | Val Acc: 98.14% | Best at iter 2200
  Iter 46000/50000 | Val Loss: 0.1615 | Val Acc: 98.24% | Best at iter 2200
  Iter 47000/50000 | Val Loss: 0.1629 | Val Acc: 98.22% | Best at iter 2200
  Iter 48000/50000 | Val Loss: 0.1628 | Val Acc: 98.22% | Best at iter 2200
  Iter 49000/50000 | Val Loss: 0.1628 | Val Acc: 98.30% | Best at iter 2200
  Iter 50000/50000 | Val Loss: 0.1654 | Val Acc: 98.30% | Best at iter 2200
[PRUNE] Pruning to 5.50%...
[RESET] Resetting to initial weights...

--- Round 14 (current: 5.50%) ---
[TRAIN] Training...
  Iter 1000/50000 | Val Loss: 0.0845 | Val Acc: 97.52% | Best at iter 1000
  Iter 2000/50000 | Val Loss: 0.0665 | Val Acc: 98.04% | Best at iter 1900
  Iter 3000/50000 | Val Loss: 0.0622 | Val Acc: 98.00% | Best at iter 3000
  Iter 4000/50000 | Val Loss: 0.0643 | Val Acc: 98.12% | Best at iter 3000
  Iter 5000/50000 | Val Loss: 0.0689 | Val Acc: 98.08% | Best at iter 3000
  Iter 6000/50000 | Val Loss: 0.0708 | Val Acc: 98.08% | Best at iter 3000
  Iter 7000/50000 | Val Loss: 0.0794 | Val Acc: 98.02% | Best at iter 3000
  Iter 8000/50000 | Val Loss: 0.0818 | Val Acc: 98.12% | Best at iter 3000
  Iter 9000/50000 | Val Loss: 0.0874 | Val Acc: 98.08% | Best at iter 3000
  Iter 10000/50000 | Val Loss: 0.0857 | Val Acc: 98.10% | Best at iter 3000
  Iter 11000/50000 | Val Loss: 0.0857 | Val Acc: 98.16% | Best at iter 3000
  Iter 12000/50000 | Val Loss: 0.0914 | Val Acc: 98.22% | Best at iter 3000
  Iter 13000/50000 | Val Loss: 0.0918 | Val Acc: 98.18% | Best at iter 3000
  Iter 14000/50000 | Val Loss: 0.1155 | Val Acc: 97.96% | Best at iter 3000
  Iter 15000/50000 | Val Loss: 0.1096 | Val Acc: 98.18% | Best at iter 3000
  Iter 16000/50000 | Val Loss: 0.1064 | Val Acc: 98.16% | Best at iter 3000
  Iter 17000/50000 | Val Loss: 0.1072 | Val Acc: 98.16% | Best at iter 3000
  Iter 18000/50000 | Val Loss: 0.1077 | Val Acc: 98.16% | Best at iter 3000
  Iter 19000/50000 | Val Loss: 0.1096 | Val Acc: 98.16% | Best at iter 3000
  Iter 20000/50000 | Val Loss: 0.1098 | Val Acc: 98.24% | Best at iter 3000
  Iter 21000/50000 | Val Loss: 0.1119 | Val Acc: 98.22% | Best at iter 3000
  Iter 22000/50000 | Val Loss: 0.1161 | Val Acc: 98.22% | Best at iter 3000
  Iter 23000/50000 | Val Loss: 0.1211 | Val Acc: 98.28% | Best at iter 3000
  Iter 24000/50000 | Val Loss: 0.1841 | Val Acc: 97.54% | Best at iter 3000
  Iter 25000/50000 | Val Loss: 0.1551 | Val Acc: 97.82% | Best at iter 3000
  Iter 26000/50000 | Val Loss: 0.1401 | Val Acc: 97.96% | Best at iter 3000
  Iter 27000/50000 | Val Loss: 0.1373 | Val Acc: 97.98% | Best at iter 3000
  Iter 28000/50000 | Val Loss: 0.1347 | Val Acc: 98.02% | Best at iter 3000
  Iter 29000/50000 | Val Loss: 0.1338 | Val Acc: 97.98% | Best at iter 3000
  Iter 30000/50000 | Val Loss: 0.1338 | Val Acc: 98.02% | Best at iter 3000
  Iter 31000/50000 | Val Loss: 0.1336 | Val Acc: 98.02% | Best at iter 3000
  Iter 32000/50000 | Val Loss: 0.1349 | Val Acc: 98.00% | Best at iter 3000
  Iter 33000/50000 | Val Loss: 0.1357 | Val Acc: 98.04% | Best at iter 3000
  Iter 34000/50000 | Val Loss: 0.1372 | Val Acc: 98.06% | Best at iter 3000
  Iter 35000/50000 | Val Loss: 0.1390 | Val Acc: 98.06% | Best at iter 3000
  Iter 36000/50000 | Val Loss: 0.1414 | Val Acc: 98.02% | Best at iter 3000
  Iter 37000/50000 | Val Loss: 0.1978 | Val Acc: 97.68% | Best at iter 3000
  Iter 38000/50000 | Val Loss: 0.1707 | Val Acc: 97.70% | Best at iter 3000
  Iter 39000/50000 | Val Loss: 0.1643 | Val Acc: 97.90% | Best at iter 3000
  Iter 40000/50000 | Val Loss: 0.1637 | Val Acc: 97.86% | Best at iter 3000
  Iter 41000/50000 | Val Loss: 0.1616 | Val Acc: 97.98% | Best at iter 3000
  Iter 42000/50000 | Val Loss: 0.1605 | Val Acc: 98.04% | Best at iter 3000
  Iter 43000/50000 | Val Loss: 0.1593 | Val Acc: 98.04% | Best at iter 3000
  Iter 44000/50000 | Val Loss: 0.1588 | Val Acc: 98.04% | Best at iter 3000
  Iter 45000/50000 | Val Loss: 0.1589 | Val Acc: 98.02% | Best at iter 3000
  Iter 46000/50000 | Val Loss: 0.1585 | Val Acc: 98.02% | Best at iter 3000
  Iter 47000/50000 | Val Loss: 0.1595 | Val Acc: 98.02% | Best at iter 3000
  Iter 48000/50000 | Val Loss: 0.1581 | Val Acc: 98.00% | Best at iter 3000
  Iter 49000/50000 | Val Loss: 0.1590 | Val Acc: 98.06% | Best at iter 3000
  Iter 50000/50000 | Val Loss: 0.1587 | Val Acc: 98.08% | Best at iter 3000
[PRUNE] Pruning to 4.40%...
[RESET] Resetting to initial weights...

--- Round 15 (current: 4.40%) ---
[TRAIN] Training...
  Iter 1000/50000 | Val Loss: 0.0929 | Val Acc: 97.26% | Best at iter 1000
  Iter 2000/50000 | Val Loss: 0.0710 | Val Acc: 97.80% | Best at iter 1900
  Iter 3000/50000 | Val Loss: 0.0666 | Val Acc: 97.98% | Best at iter 2500
  Iter 4000/50000 | Val Loss: 0.0658 | Val Acc: 98.08% | Best at iter 2500
  Iter 5000/50000 | Val Loss: 0.0723 | Val Acc: 98.02% | Best at iter 2500
  Iter 6000/50000 | Val Loss: 0.0695 | Val Acc: 98.06% | Best at iter 2500
  Iter 7000/50000 | Val Loss: 0.0820 | Val Acc: 97.92% | Best at iter 2500
  Iter 8000/50000 | Val Loss: 0.0782 | Val Acc: 98.16% | Best at iter 2500
  Iter 9000/50000 | Val Loss: 0.0906 | Val Acc: 98.08% | Best at iter 2500
  Iter 10000/50000 | Val Loss: 0.0994 | Val Acc: 97.76% | Best at iter 2500
  Iter 11000/50000 | Val Loss: 0.0967 | Val Acc: 97.86% | Best at iter 2500
  Iter 12000/50000 | Val Loss: 0.0935 | Val Acc: 97.94% | Best at iter 2500
  Iter 13000/50000 | Val Loss: 0.0961 | Val Acc: 97.92% | Best at iter 2500
  Iter 14000/50000 | Val Loss: 0.0974 | Val Acc: 98.06% | Best at iter 2500
  Iter 15000/50000 | Val Loss: 0.1011 | Val Acc: 98.00% | Best at iter 2500
  Iter 16000/50000 | Val Loss: 0.1065 | Val Acc: 97.98% | Best at iter 2500
  Iter 17000/50000 | Val Loss: 0.1063 | Val Acc: 98.00% | Best at iter 2500
  Iter 18000/50000 | Val Loss: 0.1068 | Val Acc: 98.00% | Best at iter 2500
  Iter 19000/50000 | Val Loss: 0.1061 | Val Acc: 98.04% | Best at iter 2500
  Iter 20000/50000 | Val Loss: 0.1084 | Val Acc: 98.04% | Best at iter 2500
  Iter 21000/50000 | Val Loss: 0.1103 | Val Acc: 98.10% | Best at iter 2500
  Iter 22000/50000 | Val Loss: 0.1127 | Val Acc: 98.08% | Best at iter 2500
  Iter 23000/50000 | Val Loss: 0.1327 | Val Acc: 97.88% | Best at iter 2500
  Iter 24000/50000 | Val Loss: 0.1245 | Val Acc: 97.98% | Best at iter 2500
  Iter 25000/50000 | Val Loss: 0.1311 | Val Acc: 97.92% | Best at iter 2500
  Iter 26000/50000 | Val Loss: 0.1296 | Val Acc: 98.08% | Best at iter 2500
  Iter 27000/50000 | Val Loss: 0.1301 | Val Acc: 98.08% | Best at iter 2500
  Iter 28000/50000 | Val Loss: 0.1292 | Val Acc: 98.00% | Best at iter 2500
  Iter 29000/50000 | Val Loss: 0.1304 | Val Acc: 98.08% | Best at iter 2500
  Iter 30000/50000 | Val Loss: 0.1335 | Val Acc: 98.08% | Best at iter 2500
  Iter 31000/50000 | Val Loss: 0.1326 | Val Acc: 98.16% | Best at iter 2500
  Iter 32000/50000 | Val Loss: 0.1368 | Val Acc: 98.22% | Best at iter 2500
  Iter 33000/50000 | Val Loss: 0.1520 | Val Acc: 97.96% | Best at iter 2500
  Iter 34000/50000 | Val Loss: 0.1452 | Val Acc: 98.08% | Best at iter 2500
  Iter 35000/50000 | Val Loss: 0.1526 | Val Acc: 97.90% | Best at iter 2500
  Iter 36000/50000 | Val Loss: 0.1524 | Val Acc: 97.96% | Best at iter 2500
  Iter 37000/50000 | Val Loss: 0.1467 | Val Acc: 98.00% | Best at iter 2500
  Iter 38000/50000 | Val Loss: 0.1489 | Val Acc: 98.04% | Best at iter 2500
  Iter 39000/50000 | Val Loss: 0.1498 | Val Acc: 97.94% | Best at iter 2500
  Iter 40000/50000 | Val Loss: 0.1500 | Val Acc: 98.04% | Best at iter 2500
  Iter 41000/50000 | Val Loss: 0.1499 | Val Acc: 98.02% | Best at iter 2500
  Iter 42000/50000 | Val Loss: 0.1513 | Val Acc: 98.08% | Best at iter 2500
  Iter 43000/50000 | Val Loss: 0.1525 | Val Acc: 98.12% | Best at iter 2500
  Iter 44000/50000 | Val Loss: 0.1544 | Val Acc: 98.08% | Best at iter 2500
  Iter 45000/50000 | Val Loss: 0.1558 | Val Acc: 98.14% | Best at iter 2500
  Iter 46000/50000 | Val Loss: 0.1559 | Val Acc: 98.12% | Best at iter 2500
  Iter 47000/50000 | Val Loss: 0.1981 | Val Acc: 97.56% | Best at iter 2500
  Iter 48000/50000 | Val Loss: 0.1784 | Val Acc: 97.82% | Best at iter 2500
  Iter 49000/50000 | Val Loss: 0.1716 | Val Acc: 97.86% | Best at iter 2500
  Iter 50000/50000 | Val Loss: 0.1759 | Val Acc: 97.86% | Best at iter 2500
[PRUNE] Pruning to 3.52%...
[RESET] Resetting to initial weights...

==================================================
FINAL TRAINING at 3.52%
==================================================
  Iter 1000/50000 | Val Loss: 0.1007 | Val Acc: 97.04% | Best at iter 1000
  Iter 2000/50000 | Val Loss: 0.0773 | Val Acc: 97.50% | Best at iter 2000
  Iter 3000/50000 | Val Loss: 0.0699 | Val Acc: 97.74% | Best at iter 2800
  Iter 4000/50000 | Val Loss: 0.0699 | Val Acc: 97.90% | Best at iter 3700
  Iter 5000/50000 | Val Loss: 0.0684 | Val Acc: 97.94% | Best at iter 4700
  Iter 6000/50000 | Val Loss: 0.0742 | Val Acc: 97.82% | Best at iter 4700
  Iter 7000/50000 | Val Loss: 0.0767 | Val Acc: 98.12% | Best at iter 4700
  Iter 8000/50000 | Val Loss: 0.0883 | Val Acc: 97.62% | Best at iter 4700
  Iter 9000/50000 | Val Loss: 0.0790 | Val Acc: 97.96% | Best at iter 4700
  Iter 10000/50000 | Val Loss: 0.0840 | Val Acc: 98.04% | Best at iter 4700
  Iter 11000/50000 | Val Loss: 0.0966 | Val Acc: 97.70% | Best at iter 4700
  Iter 12000/50000 | Val Loss: 0.0980 | Val Acc: 97.82% | Best at iter 4700
  Iter 13000/50000 | Val Loss: 0.0978 | Val Acc: 98.06% | Best at iter 4700
  Iter 14000/50000 | Val Loss: 0.0975 | Val Acc: 97.92% | Best at iter 4700
  Iter 15000/50000 | Val Loss: 0.0978 | Val Acc: 97.98% | Best at iter 4700
  Iter 16000/50000 | Val Loss: 0.1002 | Val Acc: 98.24% | Best at iter 4700
  Iter 17000/50000 | Val Loss: 0.1150 | Val Acc: 97.80% | Best at iter 4700
  Iter 18000/50000 | Val Loss: 0.1118 | Val Acc: 98.06% | Best at iter 4700
  Iter 19000/50000 | Val Loss: 0.1128 | Val Acc: 98.02% | Best at iter 4700
  Iter 20000/50000 | Val Loss: 0.1128 | Val Acc: 98.08% | Best at iter 4700
  Iter 21000/50000 | Val Loss: 0.1136 | Val Acc: 98.00% | Best at iter 4700
  Iter 22000/50000 | Val Loss: 0.1142 | Val Acc: 98.06% | Best at iter 4700
  Iter 23000/50000 | Val Loss: 0.1362 | Val Acc: 97.82% | Best at iter 4700
  Iter 24000/50000 | Val Loss: 0.1272 | Val Acc: 97.96% | Best at iter 4700
  Iter 25000/50000 | Val Loss: 0.1286 | Val Acc: 98.04% | Best at iter 4700
  Iter 26000/50000 | Val Loss: 0.1240 | Val Acc: 98.04% | Best at iter 4700
  Iter 27000/50000 | Val Loss: 0.1249 | Val Acc: 98.06% | Best at iter 4700
  Iter 28000/50000 | Val Loss: 0.1259 | Val Acc: 98.04% | Best at iter 4700
  Iter 29000/50000 | Val Loss: 0.1262 | Val Acc: 98.08% | Best at iter 4700
  Iter 30000/50000 | Val Loss: 0.1271 | Val Acc: 98.12% | Best at iter 4700
  Iter 31000/50000 | Val Loss: 0.1307 | Val Acc: 98.06% | Best at iter 4700
  Iter 32000/50000 | Val Loss: 0.1680 | Val Acc: 97.62% | Best at iter 4700
  Iter 33000/50000 | Val Loss: 0.1540 | Val Acc: 97.86% | Best at iter 4700
  Iter 34000/50000 | Val Loss: 0.1448 | Val Acc: 97.94% | Best at iter 4700
  Iter 35000/50000 | Val Loss: 0.1428 | Val Acc: 97.98% | Best at iter 4700
  Iter 36000/50000 | Val Loss: 0.1426 | Val Acc: 97.98% | Best at iter 4700
  Iter 37000/50000 | Val Loss: 0.1416 | Val Acc: 97.98% | Best at iter 4700
  Iter 38000/50000 | Val Loss: 0.1410 | Val Acc: 97.94% | Best at iter 4700
  Iter 39000/50000 | Val Loss: 0.1427 | Val Acc: 97.96% | Best at iter 4700
  Iter 40000/50000 | Val Loss: 0.1433 | Val Acc: 97.94% | Best at iter 4700
  Iter 41000/50000 | Val Loss: 0.1469 | Val Acc: 97.92% | Best at iter 4700
  Iter 42000/50000 | Val Loss: 0.1477 | Val Acc: 98.08% | Best at iter 4700
  Iter 43000/50000 | Val Loss: 0.1776 | Val Acc: 97.66% | Best at iter 4700
  Iter 44000/50000 | Val Loss: 0.1864 | Val Acc: 97.72% | Best at iter 4700
  Iter 45000/50000 | Val Loss: 0.1669 | Val Acc: 97.92% | Best at iter 4700
  Iter 46000/50000 | Val Loss: 0.1667 | Val Acc: 97.86% | Best at iter 4700
  Iter 47000/50000 | Val Loss: 0.1651 | Val Acc: 97.94% | Best at iter 4700
  Iter 48000/50000 | Val Loss: 0.1643 | Val Acc: 97.98% | Best at iter 4700
  Iter 49000/50000 | Val Loss: 0.1640 | Val Acc: 98.04% | Best at iter 4700
  Iter 50000/50000 | Val Loss: 0.1632 | Val Acc: 97.98% | Best at iter 4700

──────────────────────────────────────────────────────────────────────
Early stop: iteration 4700
Val loss at early stop: 0.0652
Test accuracy at early stop: 97.98%
──────────────────────────────────────────────────────────────────────

======================================================================
Iterative Winning Ticket
Sparsity: 3.5% | Trial: 3/3
======================================================================
[1] Saving initial weights...

--- Round 1 (current: 100.00%) ---
[TRAIN] Training...
  Iter 1000/50000 | Val Loss: 0.1231 | Val Acc: 96.26% | Best at iter 900
  Iter 2000/50000 | Val Loss: 0.0961 | Val Acc: 97.04% | Best at iter 1900
  Iter 3000/50000 | Val Loss: 0.0898 | Val Acc: 97.32% | Best at iter 3000
  Iter 4000/50000 | Val Loss: 0.0957 | Val Acc: 97.42% | Best at iter 3700
  Iter 5000/50000 | Val Loss: 0.0930 | Val Acc: 97.36% | Best at iter 4400
  Iter 6000/50000 | Val Loss: 0.1073 | Val Acc: 97.40% | Best at iter 5600
  Iter 7000/50000 | Val Loss: 0.0992 | Val Acc: 97.82% | Best at iter 5600
  Iter 8000/50000 | Val Loss: 0.0968 | Val Acc: 97.76% | Best at iter 5600
  Iter 9000/50000 | Val Loss: 0.1196 | Val Acc: 97.34% | Best at iter 5600
  Iter 10000/50000 | Val Loss: 0.1086 | Val Acc: 97.68% | Best at iter 9300
  Iter 11000/50000 | Val Loss: 0.1321 | Val Acc: 97.62% | Best at iter 9300
  Iter 12000/50000 | Val Loss: 0.1003 | Val Acc: 97.96% | Best at iter 9300
  Iter 13000/50000 | Val Loss: 0.0953 | Val Acc: 98.06% | Best at iter 9300
  Iter 14000/50000 | Val Loss: 0.0926 | Val Acc: 98.04% | Best at iter 9300
  Iter 15000/50000 | Val Loss: 0.1015 | Val Acc: 98.02% | Best at iter 9300
  Iter 16000/50000 | Val Loss: 0.1833 | Val Acc: 97.44% | Best at iter 9300
  Iter 17000/50000 | Val Loss: 0.1131 | Val Acc: 98.16% | Best at iter 9300
  Iter 18000/50000 | Val Loss: 0.1420 | Val Acc: 97.60% | Best at iter 9300
  Iter 19000/50000 | Val Loss: 0.1394 | Val Acc: 97.92% | Best at iter 9300
  Iter 20000/50000 | Val Loss: 0.1273 | Val Acc: 98.14% | Best at iter 9300
  Iter 21000/50000 | Val Loss: 0.1739 | Val Acc: 97.34% | Best at iter 9300
  Iter 22000/50000 | Val Loss: 0.1620 | Val Acc: 97.80% | Best at iter 9300
  Iter 23000/50000 | Val Loss: 0.1580 | Val Acc: 97.76% | Best at iter 9300
  Iter 24000/50000 | Val Loss: 0.1611 | Val Acc: 97.94% | Best at iter 9300
  Iter 25000/50000 | Val Loss: 0.1210 | Val Acc: 97.98% | Best at iter 9300
  Iter 26000/50000 | Val Loss: 0.1259 | Val Acc: 98.04% | Best at iter 9300
  Iter 27000/50000 | Val Loss: 0.1568 | Val Acc: 97.72% | Best at iter 9300
  Iter 28000/50000 | Val Loss: 0.1490 | Val Acc: 98.04% | Best at iter 9300
  Iter 29000/50000 | Val Loss: 0.1398 | Val Acc: 98.04% | Best at iter 9300
  Iter 30000/50000 | Val Loss: 0.1295 | Val Acc: 98.06% | Best at iter 9300
  Iter 31000/50000 | Val Loss: 0.1655 | Val Acc: 97.88% | Best at iter 9300
  Iter 32000/50000 | Val Loss: 0.2006 | Val Acc: 97.76% | Best at iter 9300
  Iter 33000/50000 | Val Loss: 0.2216 | Val Acc: 97.72% | Best at iter 9300
  Iter 34000/50000 | Val Loss: 0.1597 | Val Acc: 98.12% | Best at iter 9300
  Iter 35000/50000 | Val Loss: 0.1602 | Val Acc: 98.00% | Best at iter 9300
  Iter 36000/50000 | Val Loss: 0.1679 | Val Acc: 98.12% | Best at iter 9300
  Iter 37000/50000 | Val Loss: 0.1661 | Val Acc: 98.04% | Best at iter 9300
  Iter 38000/50000 | Val Loss: 0.1898 | Val Acc: 97.82% | Best at iter 9300
  Iter 39000/50000 | Val Loss: 0.1907 | Val Acc: 98.00% | Best at iter 9300
  Iter 40000/50000 | Val Loss: 0.1927 | Val Acc: 97.92% | Best at iter 9300
  Iter 41000/50000 | Val Loss: 0.1990 | Val Acc: 98.00% | Best at iter 9300
  Iter 42000/50000 | Val Loss: 0.1718 | Val Acc: 98.08% | Best at iter 9300
  Iter 43000/50000 | Val Loss: 0.2077 | Val Acc: 97.94% | Best at iter 9300
  Iter 44000/50000 | Val Loss: 0.2434 | Val Acc: 97.90% | Best at iter 9300
  Iter 45000/50000 | Val Loss: 0.2291 | Val Acc: 97.84% | Best at iter 9300
  Iter 46000/50000 | Val Loss: 0.2412 | Val Acc: 97.90% | Best at iter 9300
  Iter 47000/50000 | Val Loss: 0.2307 | Val Acc: 98.04% | Best at iter 9300
  Iter 48000/50000 | Val Loss: 0.2104 | Val Acc: 98.06% | Best at iter 9300
  Iter 49000/50000 | Val Loss: 0.2240 | Val Acc: 98.02% | Best at iter 9300
  Iter 50000/50000 | Val Loss: 0.2751 | Val Acc: 97.76% | Best at iter 9300
[PRUNE] Pruning to 80.00%...
[RESET] Resetting to initial weights...

--- Round 2 (current: 80.00%) ---
[TRAIN] Training...
  Iter 1000/50000 | Val Loss: 0.1136 | Val Acc: 96.76% | Best at iter 1000
  Iter 2000/50000 | Val Loss: 0.0836 | Val Acc: 97.56% | Best at iter 2000
  Iter 3000/50000 | Val Loss: 0.0912 | Val Acc: 97.28% | Best at iter 2000
  Iter 4000/50000 | Val Loss: 0.0929 | Val Acc: 97.42% | Best at iter 3900
  Iter 5000/50000 | Val Loss: 0.0974 | Val Acc: 97.54% | Best at iter 3900
  Iter 6000/50000 | Val Loss: 0.0789 | Val Acc: 97.92% | Best at iter 3900
  Iter 7000/50000 | Val Loss: 0.1016 | Val Acc: 97.66% | Best at iter 3900
  Iter 8000/50000 | Val Loss: 0.0999 | Val Acc: 97.46% | Best at iter 3900
  Iter 9000/50000 | Val Loss: 0.1108 | Val Acc: 97.42% | Best at iter 3900
  Iter 10000/50000 | Val Loss: 0.0989 | Val Acc: 97.80% | Best at iter 3900
  Iter 11000/50000 | Val Loss: 0.1030 | Val Acc: 97.98% | Best at iter 3900
  Iter 12000/50000 | Val Loss: 0.0991 | Val Acc: 97.94% | Best at iter 3900
  Iter 13000/50000 | Val Loss: 0.1075 | Val Acc: 97.80% | Best at iter 3900
  Iter 14000/50000 | Val Loss: 0.1068 | Val Acc: 97.80% | Best at iter 3900
  Iter 15000/50000 | Val Loss: 0.1421 | Val Acc: 97.62% | Best at iter 3900
  Iter 16000/50000 | Val Loss: 0.1245 | Val Acc: 97.88% | Best at iter 3900
  Iter 17000/50000 | Val Loss: 0.1370 | Val Acc: 97.72% | Best at iter 3900
  Iter 18000/50000 | Val Loss: 0.1320 | Val Acc: 97.70% | Best at iter 3900
  Iter 19000/50000 | Val Loss: 0.1318 | Val Acc: 97.82% | Best at iter 3900
  Iter 20000/50000 | Val Loss: 0.1309 | Val Acc: 97.86% | Best at iter 3900
  Iter 21000/50000 | Val Loss: 0.1128 | Val Acc: 98.16% | Best at iter 3900
  Iter 22000/50000 | Val Loss: 0.1410 | Val Acc: 97.76% | Best at iter 3900
  Iter 23000/50000 | Val Loss: 0.1262 | Val Acc: 97.86% | Best at iter 3900
  Iter 24000/50000 | Val Loss: 0.1469 | Val Acc: 97.72% | Best at iter 3900
  Iter 25000/50000 | Val Loss: 0.1704 | Val Acc: 97.60% | Best at iter 3900
  Iter 26000/50000 | Val Loss: 0.1383 | Val Acc: 98.00% | Best at iter 3900
  Iter 27000/50000 | Val Loss: 0.2083 | Val Acc: 97.14% | Best at iter 3900
  Iter 28000/50000 | Val Loss: 0.1413 | Val Acc: 98.14% | Best at iter 3900
  Iter 29000/50000 | Val Loss: 0.1679 | Val Acc: 97.88% | Best at iter 3900
  Iter 30000/50000 | Val Loss: 0.1715 | Val Acc: 97.94% | Best at iter 3900
  Iter 31000/50000 | Val Loss: 0.1900 | Val Acc: 97.60% | Best at iter 3900
  Iter 32000/50000 | Val Loss: 0.1616 | Val Acc: 97.80% | Best at iter 3900
  Iter 33000/50000 | Val Loss: 0.1576 | Val Acc: 98.12% | Best at iter 3900
  Iter 34000/50000 | Val Loss: 0.1721 | Val Acc: 98.14% | Best at iter 3900
  Iter 35000/50000 | Val Loss: 0.1799 | Val Acc: 97.74% | Best at iter 3900
  Iter 36000/50000 | Val Loss: 0.1977 | Val Acc: 97.82% | Best at iter 3900
  Iter 37000/50000 | Val Loss: 0.1930 | Val Acc: 97.64% | Best at iter 3900
  Iter 38000/50000 | Val Loss: 0.1948 | Val Acc: 97.84% | Best at iter 3900
  Iter 39000/50000 | Val Loss: 0.1346 | Val Acc: 98.22% | Best at iter 3900
  Iter 40000/50000 | Val Loss: 0.1968 | Val Acc: 97.98% | Best at iter 3900
  Iter 41000/50000 | Val Loss: 0.1872 | Val Acc: 97.92% | Best at iter 3900
  Iter 42000/50000 | Val Loss: 0.2079 | Val Acc: 97.82% | Best at iter 3900
  Iter 43000/50000 | Val Loss: 0.2175 | Val Acc: 97.52% | Best at iter 3900
  Iter 44000/50000 | Val Loss: 0.1755 | Val Acc: 98.02% | Best at iter 3900
  Iter 45000/50000 | Val Loss: 0.1919 | Val Acc: 97.88% | Best at iter 3900
  Iter 46000/50000 | Val Loss: 0.1822 | Val Acc: 98.28% | Best at iter 3900
  Iter 47000/50000 | Val Loss: 0.2056 | Val Acc: 97.88% | Best at iter 3900
  Iter 48000/50000 | Val Loss: 0.1804 | Val Acc: 98.16% | Best at iter 3900
  Iter 49000/50000 | Val Loss: 0.2082 | Val Acc: 98.06% | Best at iter 3900
  Iter 50000/50000 | Val Loss: 0.1674 | Val Acc: 98.32% | Best at iter 3900
[PRUNE] Pruning to 64.00%...
[RESET] Resetting to initial weights...

--- Round 3 (current: 64.00%) ---
[TRAIN] Training...
  Iter 1000/50000 | Val Loss: 0.1081 | Val Acc: 96.96% | Best at iter 1000
  Iter 2000/50000 | Val Loss: 0.0873 | Val Acc: 97.38% | Best at iter 1900
  Iter 3000/50000 | Val Loss: 0.0808 | Val Acc: 97.64% | Best at iter 2700
  Iter 4000/50000 | Val Loss: 0.0926 | Val Acc: 97.20% | Best at iter 3900
  Iter 5000/50000 | Val Loss: 0.0927 | Val Acc: 97.44% | Best at iter 4100
  Iter 6000/50000 | Val Loss: 0.0932 | Val Acc: 97.66% | Best at iter 5400
  Iter 7000/50000 | Val Loss: 0.0877 | Val Acc: 97.88% | Best at iter 5400
  Iter 8000/50000 | Val Loss: 0.0922 | Val Acc: 97.76% | Best at iter 5400
  Iter 9000/50000 | Val Loss: 0.1158 | Val Acc: 97.38% | Best at iter 5400
  Iter 10000/50000 | Val Loss: 0.0990 | Val Acc: 97.64% | Best at iter 5400
  Iter 11000/50000 | Val Loss: 0.0894 | Val Acc: 97.98% | Best at iter 5400
  Iter 12000/50000 | Val Loss: 0.1235 | Val Acc: 97.70% | Best at iter 5400
  Iter 13000/50000 | Val Loss: 0.1205 | Val Acc: 97.66% | Best at iter 5400
  Iter 14000/50000 | Val Loss: 0.1001 | Val Acc: 97.94% | Best at iter 5400
  Iter 15000/50000 | Val Loss: 0.1254 | Val Acc: 97.82% | Best at iter 5400
  Iter 16000/50000 | Val Loss: 0.1013 | Val Acc: 98.20% | Best at iter 5400
  Iter 17000/50000 | Val Loss: 0.1398 | Val Acc: 97.80% | Best at iter 5400
  Iter 18000/50000 | Val Loss: 0.1489 | Val Acc: 97.74% | Best at iter 5400
  Iter 19000/50000 | Val Loss: 0.1536 | Val Acc: 97.48% | Best at iter 5400
  Iter 20000/50000 | Val Loss: 0.1487 | Val Acc: 97.70% | Best at iter 5400
  Iter 21000/50000 | Val Loss: 0.1369 | Val Acc: 98.04% | Best at iter 5400
  Iter 22000/50000 | Val Loss: 0.1370 | Val Acc: 97.94% | Best at iter 5400
  Iter 23000/50000 | Val Loss: 0.1319 | Val Acc: 98.04% | Best at iter 5400
  Iter 24000/50000 | Val Loss: 0.1406 | Val Acc: 97.98% | Best at iter 5400
  Iter 25000/50000 | Val Loss: 0.1534 | Val Acc: 97.96% | Best at iter 5400
  Iter 26000/50000 | Val Loss: 0.1637 | Val Acc: 98.14% | Best at iter 5400
  Iter 27000/50000 | Val Loss: 0.1533 | Val Acc: 98.04% | Best at iter 5400
  Iter 28000/50000 | Val Loss: 0.1592 | Val Acc: 97.96% | Best at iter 5400
  Iter 29000/50000 | Val Loss: 0.1881 | Val Acc: 97.68% | Best at iter 5400
  Iter 30000/50000 | Val Loss: 0.1541 | Val Acc: 98.06% | Best at iter 5400
  Iter 31000/50000 | Val Loss: 0.1796 | Val Acc: 97.98% | Best at iter 5400
  Iter 32000/50000 | Val Loss: 0.1961 | Val Acc: 97.78% | Best at iter 5400
  Iter 33000/50000 | Val Loss: 0.1696 | Val Acc: 98.28% | Best at iter 5400
  Iter 34000/50000 | Val Loss: 0.1689 | Val Acc: 97.90% | Best at iter 5400
  Iter 35000/50000 | Val Loss: 0.2133 | Val Acc: 97.84% | Best at iter 5400
  Iter 36000/50000 | Val Loss: 0.1687 | Val Acc: 97.88% | Best at iter 5400
  Iter 37000/50000 | Val Loss: 0.1577 | Val Acc: 98.10% | Best at iter 5400
  Iter 38000/50000 | Val Loss: 0.1902 | Val Acc: 97.58% | Best at iter 5400
  Iter 39000/50000 | Val Loss: 0.1514 | Val Acc: 98.22% | Best at iter 5400
  Iter 40000/50000 | Val Loss: 0.1579 | Val Acc: 98.04% | Best at iter 5400
  Iter 41000/50000 | Val Loss: 0.1808 | Val Acc: 97.92% | Best at iter 5400
  Iter 42000/50000 | Val Loss: 0.1933 | Val Acc: 97.84% | Best at iter 5400
  Iter 43000/50000 | Val Loss: 0.1799 | Val Acc: 97.90% | Best at iter 5400
  Iter 44000/50000 | Val Loss: 0.2175 | Val Acc: 97.68% | Best at iter 5400
  Iter 45000/50000 | Val Loss: 0.1877 | Val Acc: 98.04% | Best at iter 5400
  Iter 46000/50000 | Val Loss: 0.1994 | Val Acc: 97.92% | Best at iter 5400
  Iter 47000/50000 | Val Loss: 0.1990 | Val Acc: 98.06% | Best at iter 5400
  Iter 48000/50000 | Val Loss: 0.1703 | Val Acc: 98.36% | Best at iter 5400
  Iter 49000/50000 | Val Loss: 0.1977 | Val Acc: 98.08% | Best at iter 5400
  Iter 50000/50000 | Val Loss: 0.1980 | Val Acc: 98.16% | Best at iter 5400
[PRUNE] Pruning to 51.20%...
[RESET] Resetting to initial weights...

--- Round 4 (current: 51.20%) ---
[TRAIN] Training...
  Iter 1000/50000 | Val Loss: 0.0991 | Val Acc: 96.72% | Best at iter 1000
  Iter 2000/50000 | Val Loss: 0.0776 | Val Acc: 97.64% | Best at iter 1700
  Iter 3000/50000 | Val Loss: 0.0844 | Val Acc: 97.66% | Best at iter 2500
  Iter 4000/50000 | Val Loss: 0.0826 | Val Acc: 97.54% | Best at iter 2500
  Iter 5000/50000 | Val Loss: 0.0875 | Val Acc: 97.60% | Best at iter 4200
  Iter 6000/50000 | Val Loss: 0.0871 | Val Acc: 97.76% | Best at iter 4200
  Iter 7000/50000 | Val Loss: 0.0920 | Val Acc: 97.72% | Best at iter 4200
  Iter 8000/50000 | Val Loss: 0.1074 | Val Acc: 97.62% | Best at iter 4200
  Iter 9000/50000 | Val Loss: 0.1052 | Val Acc: 97.52% | Best at iter 4200
  Iter 10000/50000 | Val Loss: 0.1055 | Val Acc: 97.80% | Best at iter 4200
  Iter 11000/50000 | Val Loss: 0.1189 | Val Acc: 97.68% | Best at iter 4200
  Iter 12000/50000 | Val Loss: 0.1027 | Val Acc: 98.04% | Best at iter 4200
  Iter 13000/50000 | Val Loss: 0.1178 | Val Acc: 97.62% | Best at iter 4200
  Iter 14000/50000 | Val Loss: 0.1195 | Val Acc: 97.76% | Best at iter 4200
  Iter 15000/50000 | Val Loss: 0.1150 | Val Acc: 98.06% | Best at iter 4200
  Iter 16000/50000 | Val Loss: 0.1144 | Val Acc: 98.02% | Best at iter 4200
  Iter 17000/50000 | Val Loss: 0.1623 | Val Acc: 97.74% | Best at iter 4200
  Iter 18000/50000 | Val Loss: 0.1269 | Val Acc: 97.88% | Best at iter 4200
  Iter 19000/50000 | Val Loss: 0.1469 | Val Acc: 97.52% | Best at iter 4200
  Iter 20000/50000 | Val Loss: 0.1236 | Val Acc: 97.86% | Best at iter 4200
  Iter 21000/50000 | Val Loss: 0.1295 | Val Acc: 98.12% | Best at iter 4200
  Iter 22000/50000 | Val Loss: 0.1521 | Val Acc: 97.80% | Best at iter 4200
  Iter 23000/50000 | Val Loss: 0.1390 | Val Acc: 97.94% | Best at iter 4200
  Iter 24000/50000 | Val Loss: 0.1404 | Val Acc: 97.86% | Best at iter 4200
  Iter 25000/50000 | Val Loss: 0.1282 | Val Acc: 98.04% | Best at iter 4200
  Iter 26000/50000 | Val Loss: 0.1446 | Val Acc: 98.16% | Best at iter 4200
  Iter 27000/50000 | Val Loss: 0.1370 | Val Acc: 98.16% | Best at iter 4200
  Iter 28000/50000 | Val Loss: 0.1388 | Val Acc: 98.20% | Best at iter 4200
  Iter 29000/50000 | Val Loss: 0.1631 | Val Acc: 98.00% | Best at iter 4200
  Iter 30000/50000 | Val Loss: 0.1580 | Val Acc: 98.14% | Best at iter 4200
  Iter 31000/50000 | Val Loss: 0.1543 | Val Acc: 98.04% | Best at iter 4200
  Iter 32000/50000 | Val Loss: 0.1614 | Val Acc: 98.12% | Best at iter 4200
  Iter 33000/50000 | Val Loss: 0.1606 | Val Acc: 97.70% | Best at iter 4200
  Iter 34000/50000 | Val Loss: 0.1573 | Val Acc: 97.98% | Best at iter 4200
  Iter 35000/50000 | Val Loss: 0.1683 | Val Acc: 98.08% | Best at iter 4200
  Iter 36000/50000 | Val Loss: 0.1758 | Val Acc: 98.00% | Best at iter 4200
  Iter 37000/50000 | Val Loss: 0.1833 | Val Acc: 98.00% | Best at iter 4200
  Iter 38000/50000 | Val Loss: 0.1788 | Val Acc: 97.80% | Best at iter 4200
  Iter 39000/50000 | Val Loss: 0.1799 | Val Acc: 97.94% | Best at iter 4200
  Iter 40000/50000 | Val Loss: 0.2038 | Val Acc: 97.92% | Best at iter 4200
  Iter 41000/50000 | Val Loss: 0.2059 | Val Acc: 97.82% | Best at iter 4200
  Iter 42000/50000 | Val Loss: 0.1853 | Val Acc: 97.88% | Best at iter 4200
  Iter 43000/50000 | Val Loss: 0.2136 | Val Acc: 97.86% | Best at iter 4200
  Iter 44000/50000 | Val Loss: 0.2018 | Val Acc: 98.18% | Best at iter 4200
  Iter 45000/50000 | Val Loss: 0.1968 | Val Acc: 98.14% | Best at iter 4200
  Iter 46000/50000 | Val Loss: 0.2247 | Val Acc: 97.90% | Best at iter 4200
  Iter 47000/50000 | Val Loss: 0.1982 | Val Acc: 98.20% | Best at iter 4200
  Iter 48000/50000 | Val Loss: 0.1990 | Val Acc: 98.12% | Best at iter 4200
  Iter 49000/50000 | Val Loss: 0.2163 | Val Acc: 98.02% | Best at iter 4200
  Iter 50000/50000 | Val Loss: 0.2241 | Val Acc: 98.06% | Best at iter 4200
[PRUNE] Pruning to 40.96%...
[RESET] Resetting to initial weights...

--- Round 5 (current: 40.96%) ---
[TRAIN] Training...
  Iter 1000/50000 | Val Loss: 0.1054 | Val Acc: 96.66% | Best at iter 900
  Iter 2000/50000 | Val Loss: 0.0763 | Val Acc: 97.62% | Best at iter 2000
  Iter 3000/50000 | Val Loss: 0.0749 | Val Acc: 97.90% | Best at iter 2700
  Iter 4000/50000 | Val Loss: 0.0715 | Val Acc: 97.94% | Best at iter 2700
  Iter 5000/50000 | Val Loss: 0.0973 | Val Acc: 97.58% | Best at iter 4700
  Iter 6000/50000 | Val Loss: 0.0978 | Val Acc: 97.54% | Best at iter 4700
  Iter 7000/50000 | Val Loss: 0.0957 | Val Acc: 97.76% | Best at iter 4700
  Iter 8000/50000 | Val Loss: 0.0849 | Val Acc: 98.12% | Best at iter 4700
  Iter 9000/50000 | Val Loss: 0.0979 | Val Acc: 97.94% | Best at iter 4700
  Iter 10000/50000 | Val Loss: 0.1149 | Val Acc: 97.94% | Best at iter 4700
  Iter 11000/50000 | Val Loss: 0.1181 | Val Acc: 97.64% | Best at iter 4700
  Iter 12000/50000 | Val Loss: 0.1053 | Val Acc: 97.90% | Best at iter 4700
  Iter 13000/50000 | Val Loss: 0.1081 | Val Acc: 97.84% | Best at iter 4700
  Iter 14000/50000 | Val Loss: 0.1052 | Val Acc: 97.90% | Best at iter 4700
  Iter 15000/50000 | Val Loss: 0.1240 | Val Acc: 97.84% | Best at iter 4700
  Iter 16000/50000 | Val Loss: 0.1003 | Val Acc: 98.02% | Best at iter 4700
  Iter 17000/50000 | Val Loss: 0.1537 | Val Acc: 97.70% | Best at iter 4700
  Iter 18000/50000 | Val Loss: 0.1196 | Val Acc: 97.96% | Best at iter 4700
  Iter 19000/50000 | Val Loss: 0.1169 | Val Acc: 98.02% | Best at iter 4700
  Iter 20000/50000 | Val Loss: 0.1304 | Val Acc: 97.74% | Best at iter 4700
  Iter 21000/50000 | Val Loss: 0.1115 | Val Acc: 98.06% | Best at iter 4700
  Iter 22000/50000 | Val Loss: 0.1430 | Val Acc: 97.88% | Best at iter 4700
  Iter 23000/50000 | Val Loss: 0.1493 | Val Acc: 97.92% | Best at iter 4700
  Iter 24000/50000 | Val Loss: 0.1409 | Val Acc: 98.08% | Best at iter 4700
  Iter 25000/50000 | Val Loss: 0.1662 | Val Acc: 97.96% | Best at iter 4700
  Iter 26000/50000 | Val Loss: 0.1454 | Val Acc: 98.12% | Best at iter 4700
  Iter 27000/50000 | Val Loss: 0.1302 | Val Acc: 98.14% | Best at iter 4700
  Iter 28000/50000 | Val Loss: 0.1758 | Val Acc: 97.60% | Best at iter 4700
  Iter 29000/50000 | Val Loss: 0.1456 | Val Acc: 98.14% | Best at iter 4700
  Iter 30000/50000 | Val Loss: 0.1690 | Val Acc: 97.90% | Best at iter 4700
  Iter 31000/50000 | Val Loss: 0.1781 | Val Acc: 97.78% | Best at iter 4700
  Iter 32000/50000 | Val Loss: 0.1662 | Val Acc: 97.84% | Best at iter 4700
  Iter 33000/50000 | Val Loss: 0.1597 | Val Acc: 98.22% | Best at iter 4700
  Iter 34000/50000 | Val Loss: 0.1869 | Val Acc: 97.92% | Best at iter 4700
  Iter 35000/50000 | Val Loss: 0.1948 | Val Acc: 97.90% | Best at iter 4700
  Iter 36000/50000 | Val Loss: 0.1783 | Val Acc: 97.80% | Best at iter 4700
  Iter 37000/50000 | Val Loss: 0.1922 | Val Acc: 97.86% | Best at iter 4700
  Iter 38000/50000 | Val Loss: 0.1977 | Val Acc: 97.86% | Best at iter 4700
  Iter 39000/50000 | Val Loss: 0.1610 | Val Acc: 98.20% | Best at iter 4700
  Iter 40000/50000 | Val Loss: 0.1970 | Val Acc: 97.94% | Best at iter 4700
  Iter 41000/50000 | Val Loss: 0.2100 | Val Acc: 97.92% | Best at iter 4700
  Iter 42000/50000 | Val Loss: 0.1885 | Val Acc: 98.02% | Best at iter 4700
  Iter 43000/50000 | Val Loss: 0.2042 | Val Acc: 98.04% | Best at iter 4700
  Iter 44000/50000 | Val Loss: 0.2078 | Val Acc: 98.08% | Best at iter 4700
  Iter 45000/50000 | Val Loss: 0.2076 | Val Acc: 97.94% | Best at iter 4700
  Iter 46000/50000 | Val Loss: 0.1883 | Val Acc: 98.04% | Best at iter 4700
  Iter 47000/50000 | Val Loss: 0.1965 | Val Acc: 98.02% | Best at iter 4700
  Iter 48000/50000 | Val Loss: 0.2047 | Val Acc: 98.00% | Best at iter 4700
  Iter 49000/50000 | Val Loss: 0.2806 | Val Acc: 97.34% | Best at iter 4700
  Iter 50000/50000 | Val Loss: 0.2060 | Val Acc: 98.06% | Best at iter 4700
[PRUNE] Pruning to 32.77%...
[RESET] Resetting to initial weights...

--- Round 6 (current: 32.77%) ---
[TRAIN] Training...
  Iter 1000/50000 | Val Loss: 0.0864 | Val Acc: 97.26% | Best at iter 1000
  Iter 2000/50000 | Val Loss: 0.0795 | Val Acc: 97.40% | Best at iter 1700
  Iter 3000/50000 | Val Loss: 0.0682 | Val Acc: 97.92% | Best at iter 2800
  Iter 4000/50000 | Val Loss: 0.0738 | Val Acc: 97.90% | Best at iter 2800
  Iter 5000/50000 | Val Loss: 0.0792 | Val Acc: 98.06% | Best at iter 2800
  Iter 6000/50000 | Val Loss: 0.0827 | Val Acc: 97.82% | Best at iter 2800
  Iter 7000/50000 | Val Loss: 0.0828 | Val Acc: 98.06% | Best at iter 2800
  Iter 8000/50000 | Val Loss: 0.0819 | Val Acc: 98.12% | Best at iter 2800
  Iter 9000/50000 | Val Loss: 0.0900 | Val Acc: 97.96% | Best at iter 2800
  Iter 10000/50000 | Val Loss: 0.1043 | Val Acc: 97.96% | Best at iter 2800
  Iter 11000/50000 | Val Loss: 0.1149 | Val Acc: 97.80% | Best at iter 2800
  Iter 12000/50000 | Val Loss: 0.1039 | Val Acc: 97.80% | Best at iter 2800
  Iter 13000/50000 | Val Loss: 0.1092 | Val Acc: 97.84% | Best at iter 2800
  Iter 14000/50000 | Val Loss: 0.1130 | Val Acc: 98.00% | Best at iter 2800
  Iter 15000/50000 | Val Loss: 0.1195 | Val Acc: 98.02% | Best at iter 2800
  Iter 16000/50000 | Val Loss: 0.1154 | Val Acc: 97.96% | Best at iter 2800
  Iter 17000/50000 | Val Loss: 0.1444 | Val Acc: 97.46% | Best at iter 2800
  Iter 18000/50000 | Val Loss: 0.1288 | Val Acc: 97.62% | Best at iter 2800
  Iter 19000/50000 | Val Loss: 0.1186 | Val Acc: 98.06% | Best at iter 2800
  Iter 20000/50000 | Val Loss: 0.1181 | Val Acc: 98.18% | Best at iter 2800
  Iter 21000/50000 | Val Loss: 0.1310 | Val Acc: 98.14% | Best at iter 2800
  Iter 22000/50000 | Val Loss: 0.1262 | Val Acc: 98.14% | Best at iter 2800
  Iter 23000/50000 | Val Loss: 0.1374 | Val Acc: 97.88% | Best at iter 2800
  Iter 24000/50000 | Val Loss: 0.1679 | Val Acc: 97.62% | Best at iter 2800
  Iter 25000/50000 | Val Loss: 0.1446 | Val Acc: 97.96% | Best at iter 2800
  Iter 26000/50000 | Val Loss: 0.1483 | Val Acc: 98.04% | Best at iter 2800
  Iter 27000/50000 | Val Loss: 0.1451 | Val Acc: 97.84% | Best at iter 2800
  Iter 28000/50000 | Val Loss: 0.1675 | Val Acc: 97.84% | Best at iter 2800
  Iter 29000/50000 | Val Loss: 0.1739 | Val Acc: 97.84% | Best at iter 2800
  Iter 30000/50000 | Val Loss: 0.1751 | Val Acc: 97.88% | Best at iter 2800
  Iter 31000/50000 | Val Loss: 0.1611 | Val Acc: 98.04% | Best at iter 2800
  Iter 32000/50000 | Val Loss: 0.2001 | Val Acc: 97.44% | Best at iter 2800
  Iter 33000/50000 | Val Loss: 0.1533 | Val Acc: 98.20% | Best at iter 2800
  Iter 34000/50000 | Val Loss: 0.1547 | Val Acc: 98.08% | Best at iter 2800
  Iter 35000/50000 | Val Loss: 0.1706 | Val Acc: 97.84% | Best at iter 2800
  Iter 36000/50000 | Val Loss: 0.1562 | Val Acc: 98.28% | Best at iter 2800
  Iter 37000/50000 | Val Loss: 0.1741 | Val Acc: 98.12% | Best at iter 2800
  Iter 38000/50000 | Val Loss: 0.1844 | Val Acc: 98.02% | Best at iter 2800
  Iter 39000/50000 | Val Loss: 0.1815 | Val Acc: 98.22% | Best at iter 2800
  Iter 40000/50000 | Val Loss: 0.1875 | Val Acc: 98.20% | Best at iter 2800
  Iter 41000/50000 | Val Loss: 0.1875 | Val Acc: 97.96% | Best at iter 2800
  Iter 42000/50000 | Val Loss: 0.1739 | Val Acc: 98.20% | Best at iter 2800
  Iter 43000/50000 | Val Loss: 0.1711 | Val Acc: 98.02% | Best at iter 2800
  Iter 44000/50000 | Val Loss: 0.1842 | Val Acc: 98.08% | Best at iter 2800
  Iter 45000/50000 | Val Loss: 0.1795 | Val Acc: 97.96% | Best at iter 2800
  Iter 46000/50000 | Val Loss: 0.1833 | Val Acc: 98.16% | Best at iter 2800
  Iter 47000/50000 | Val Loss: 0.1901 | Val Acc: 97.92% | Best at iter 2800
  Iter 48000/50000 | Val Loss: 0.1991 | Val Acc: 97.92% | Best at iter 2800
  Iter 49000/50000 | Val Loss: 0.1986 | Val Acc: 98.00% | Best at iter 2800
  Iter 50000/50000 | Val Loss: 0.1974 | Val Acc: 98.14% | Best at iter 2800
[PRUNE] Pruning to 26.21%...
[RESET] Resetting to initial weights...

--- Round 7 (current: 26.21%) ---
[TRAIN] Training...
  Iter 1000/50000 | Val Loss: 0.0826 | Val Acc: 97.32% | Best at iter 1000
  Iter 2000/50000 | Val Loss: 0.0698 | Val Acc: 97.80% | Best at iter 1900
  Iter 3000/50000 | Val Loss: 0.0609 | Val Acc: 98.28% | Best at iter 3000
  Iter 4000/50000 | Val Loss: 0.0716 | Val Acc: 97.80% | Best at iter 3000
  Iter 5000/50000 | Val Loss: 0.0673 | Val Acc: 98.34% | Best at iter 3000
  Iter 6000/50000 | Val Loss: 0.0849 | Val Acc: 98.12% | Best at iter 3000
  Iter 7000/50000 | Val Loss: 0.0830 | Val Acc: 98.06% | Best at iter 3000
  Iter 8000/50000 | Val Loss: 0.0823 | Val Acc: 98.02% | Best at iter 3000
  Iter 9000/50000 | Val Loss: 0.1003 | Val Acc: 97.84% | Best at iter 3000
  Iter 10000/50000 | Val Loss: 0.0907 | Val Acc: 98.04% | Best at iter 3000
  Iter 11000/50000 | Val Loss: 0.1420 | Val Acc: 97.50% | Best at iter 3000
  Iter 12000/50000 | Val Loss: 0.0994 | Val Acc: 97.98% | Best at iter 3000
  Iter 13000/50000 | Val Loss: 0.1009 | Val Acc: 98.18% | Best at iter 3000
  Iter 14000/50000 | Val Loss: 0.1084 | Val Acc: 98.16% | Best at iter 3000
  Iter 15000/50000 | Val Loss: 0.0912 | Val Acc: 98.30% | Best at iter 3000
  Iter 16000/50000 | Val Loss: 0.1184 | Val Acc: 97.88% | Best at iter 3000
  Iter 17000/50000 | Val Loss: 0.1227 | Val Acc: 97.90% | Best at iter 3000
  Iter 18000/50000 | Val Loss: 0.1139 | Val Acc: 97.92% | Best at iter 3000
  Iter 19000/50000 | Val Loss: 0.1263 | Val Acc: 98.02% | Best at iter 3000
  Iter 20000/50000 | Val Loss: 0.1272 | Val Acc: 98.12% | Best at iter 3000
  Iter 21000/50000 | Val Loss: 0.1393 | Val Acc: 97.96% | Best at iter 3000
  Iter 22000/50000 | Val Loss: 0.1509 | Val Acc: 98.04% | Best at iter 3000
  Iter 23000/50000 | Val Loss: 0.1360 | Val Acc: 98.06% | Best at iter 3000
  Iter 24000/50000 | Val Loss: 0.1381 | Val Acc: 98.24% | Best at iter 3000
  Iter 25000/50000 | Val Loss: 0.1333 | Val Acc: 98.22% | Best at iter 3000
  Iter 26000/50000 | Val Loss: 0.1673 | Val Acc: 97.78% | Best at iter 3000
  Iter 27000/50000 | Val Loss: 0.1239 | Val Acc: 98.22% | Best at iter 3000
  Iter 28000/50000 | Val Loss: 0.1457 | Val Acc: 98.16% | Best at iter 3000
  Iter 29000/50000 | Val Loss: 0.1378 | Val Acc: 98.24% | Best at iter 3000
  Iter 30000/50000 | Val Loss: 0.1494 | Val Acc: 98.04% | Best at iter 3000
  Iter 31000/50000 | Val Loss: 0.1542 | Val Acc: 97.96% | Best at iter 3000
  Iter 32000/50000 | Val Loss: 0.1521 | Val Acc: 98.00% | Best at iter 3000
  Iter 33000/50000 | Val Loss: 0.1422 | Val Acc: 97.98% | Best at iter 3000
  Iter 34000/50000 | Val Loss: 0.1555 | Val Acc: 98.22% | Best at iter 3000
  Iter 35000/50000 | Val Loss: 0.1522 | Val Acc: 98.00% | Best at iter 3000
  Iter 36000/50000 | Val Loss: 0.1656 | Val Acc: 97.98% | Best at iter 3000
  Iter 37000/50000 | Val Loss: 0.1668 | Val Acc: 98.32% | Best at iter 3000
  Iter 38000/50000 | Val Loss: 0.1427 | Val Acc: 98.26% | Best at iter 3000
  Iter 39000/50000 | Val Loss: 0.1877 | Val Acc: 98.08% | Best at iter 3000
  Iter 40000/50000 | Val Loss: 0.1570 | Val Acc: 98.06% | Best at iter 3000
  Iter 41000/50000 | Val Loss: 0.1583 | Val Acc: 98.30% | Best at iter 3000
  Iter 42000/50000 | Val Loss: 0.2255 | Val Acc: 97.64% | Best at iter 3000
  Iter 43000/50000 | Val Loss: 0.1507 | Val Acc: 98.14% | Best at iter 3000
  Iter 44000/50000 | Val Loss: 0.1701 | Val Acc: 98.16% | Best at iter 3000
  Iter 45000/50000 | Val Loss: 0.1627 | Val Acc: 98.18% | Best at iter 3000
  Iter 46000/50000 | Val Loss: 0.1735 | Val Acc: 98.18% | Best at iter 3000
  Iter 47000/50000 | Val Loss: 0.1743 | Val Acc: 98.00% | Best at iter 3000
  Iter 48000/50000 | Val Loss: 0.1986 | Val Acc: 97.98% | Best at iter 3000
  Iter 49000/50000 | Val Loss: 0.1887 | Val Acc: 98.16% | Best at iter 3000
  Iter 50000/50000 | Val Loss: 0.1820 | Val Acc: 98.16% | Best at iter 3000
[PRUNE] Pruning to 20.97%...
[RESET] Resetting to initial weights...

--- Round 8 (current: 20.97%) ---
[TRAIN] Training...
  Iter 1000/50000 | Val Loss: 0.0845 | Val Acc: 97.46% | Best at iter 1000
  Iter 2000/50000 | Val Loss: 0.0756 | Val Acc: 97.78% | Best at iter 1900
  Iter 3000/50000 | Val Loss: 0.0640 | Val Acc: 98.20% | Best at iter 2800
  Iter 4000/50000 | Val Loss: 0.0723 | Val Acc: 98.00% | Best at iter 3100
  Iter 5000/50000 | Val Loss: 0.0649 | Val Acc: 98.12% | Best at iter 4400
  Iter 6000/50000 | Val Loss: 0.0956 | Val Acc: 97.70% | Best at iter 4400
  Iter 7000/50000 | Val Loss: 0.0930 | Val Acc: 97.92% | Best at iter 4400
  Iter 8000/50000 | Val Loss: 0.0927 | Val Acc: 98.04% | Best at iter 4400
  Iter 9000/50000 | Val Loss: 0.0974 | Val Acc: 97.94% | Best at iter 4400
  Iter 10000/50000 | Val Loss: 0.1099 | Val Acc: 97.90% | Best at iter 4400
  Iter 11000/50000 | Val Loss: 0.1208 | Val Acc: 97.70% | Best at iter 4400
  Iter 12000/50000 | Val Loss: 0.0996 | Val Acc: 97.98% | Best at iter 4400
  Iter 13000/50000 | Val Loss: 0.1127 | Val Acc: 98.04% | Best at iter 4400
  Iter 14000/50000 | Val Loss: 0.1207 | Val Acc: 97.82% | Best at iter 4400
  Iter 15000/50000 | Val Loss: 0.1175 | Val Acc: 98.10% | Best at iter 4400
  Iter 16000/50000 | Val Loss: 0.1532 | Val Acc: 97.86% | Best at iter 4400
  Iter 17000/50000 | Val Loss: 0.1302 | Val Acc: 97.96% | Best at iter 4400
  Iter 18000/50000 | Val Loss: 0.1299 | Val Acc: 98.12% | Best at iter 4400
  Iter 19000/50000 | Val Loss: 0.1288 | Val Acc: 98.06% | Best at iter 4400
  Iter 20000/50000 | Val Loss: 0.1228 | Val Acc: 98.10% | Best at iter 4400
  Iter 21000/50000 | Val Loss: 0.1337 | Val Acc: 97.98% | Best at iter 4400
  Iter 22000/50000 | Val Loss: 0.1354 | Val Acc: 97.90% | Best at iter 4400
  Iter 23000/50000 | Val Loss: 0.1172 | Val Acc: 98.28% | Best at iter 4400
  Iter 24000/50000 | Val Loss: 0.1311 | Val Acc: 98.28% | Best at iter 4400
  Iter 25000/50000 | Val Loss: 0.1762 | Val Acc: 97.80% | Best at iter 4400
  Iter 26000/50000 | Val Loss: 0.1616 | Val Acc: 97.96% | Best at iter 4400
  Iter 27000/50000 | Val Loss: 0.1450 | Val Acc: 98.14% | Best at iter 4400
  Iter 28000/50000 | Val Loss: 0.1549 | Val Acc: 97.86% | Best at iter 4400
  Iter 29000/50000 | Val Loss: 0.1343 | Val Acc: 98.14% | Best at iter 4400
  Iter 30000/50000 | Val Loss: 0.1530 | Val Acc: 98.06% | Best at iter 4400
  Iter 31000/50000 | Val Loss: 0.1497 | Val Acc: 98.08% | Best at iter 4400
  Iter 32000/50000 | Val Loss: 0.1372 | Val Acc: 98.22% | Best at iter 4400
  Iter 33000/50000 | Val Loss: 0.1304 | Val Acc: 98.44% | Best at iter 4400
  Iter 34000/50000 | Val Loss: 0.1274 | Val Acc: 98.38% | Best at iter 4400
  Iter 35000/50000 | Val Loss: 0.1278 | Val Acc: 98.40% | Best at iter 4400
  Iter 36000/50000 | Val Loss: 0.1285 | Val Acc: 98.46% | Best at iter 4400
  Iter 37000/50000 | Val Loss: 0.1293 | Val Acc: 98.46% | Best at iter 4400
  Iter 38000/50000 | Val Loss: 0.1306 | Val Acc: 98.46% | Best at iter 4400
  Iter 39000/50000 | Val Loss: 0.1320 | Val Acc: 98.46% | Best at iter 4400
  Iter 40000/50000 | Val Loss: 0.1333 | Val Acc: 98.50% | Best at iter 4400
  Iter 41000/50000 | Val Loss: 0.1345 | Val Acc: 98.54% | Best at iter 4400
  Iter 42000/50000 | Val Loss: 0.1377 | Val Acc: 98.50% | Best at iter 4400
  Iter 43000/50000 | Val Loss: 0.1391 | Val Acc: 98.50% | Best at iter 4400
  Iter 44000/50000 | Val Loss: 0.1414 | Val Acc: 98.52% | Best at iter 4400
  Iter 45000/50000 | Val Loss: 0.1440 | Val Acc: 98.54% | Best at iter 4400
  Iter 46000/50000 | Val Loss: 0.1831 | Val Acc: 97.88% | Best at iter 4400
  Iter 47000/50000 | Val Loss: 0.1812 | Val Acc: 98.18% | Best at iter 4400
  Iter 48000/50000 | Val Loss: 0.1903 | Val Acc: 98.04% | Best at iter 4400
  Iter 49000/50000 | Val Loss: 0.2250 | Val Acc: 97.92% | Best at iter 4400
  Iter 50000/50000 | Val Loss: 0.1838 | Val Acc: 98.02% | Best at iter 4400
[PRUNE] Pruning to 16.78%...
[RESET] Resetting to initial weights...

--- Round 9 (current: 16.78%) ---
[TRAIN] Training...
  Iter 1000/50000 | Val Loss: 0.0828 | Val Acc: 97.50% | Best at iter 1000
  Iter 2000/50000 | Val Loss: 0.0665 | Val Acc: 97.92% | Best at iter 2000
  Iter 3000/50000 | Val Loss: 0.0648 | Val Acc: 98.18% | Best at iter 2900
  Iter 4000/50000 | Val Loss: 0.0708 | Val Acc: 98.02% | Best at iter 2900
  Iter 5000/50000 | Val Loss: 0.0719 | Val Acc: 97.98% | Best at iter 2900
  Iter 6000/50000 | Val Loss: 0.0839 | Val Acc: 98.00% | Best at iter 2900
  Iter 7000/50000 | Val Loss: 0.0876 | Val Acc: 98.02% | Best at iter 2900
  Iter 8000/50000 | Val Loss: 0.0836 | Val Acc: 97.98% | Best at iter 2900
  Iter 9000/50000 | Val Loss: 0.0954 | Val Acc: 97.88% | Best at iter 2900
  Iter 10000/50000 | Val Loss: 0.1041 | Val Acc: 97.86% | Best at iter 2900
  Iter 11000/50000 | Val Loss: 0.1134 | Val Acc: 97.78% | Best at iter 2900
  Iter 12000/50000 | Val Loss: 0.0997 | Val Acc: 98.06% | Best at iter 2900
  Iter 13000/50000 | Val Loss: 0.0999 | Val Acc: 98.16% | Best at iter 2900
  Iter 14000/50000 | Val Loss: 0.1257 | Val Acc: 97.94% | Best at iter 2900
  Iter 15000/50000 | Val Loss: 0.1218 | Val Acc: 97.90% | Best at iter 2900
  Iter 16000/50000 | Val Loss: 0.1389 | Val Acc: 97.74% | Best at iter 2900
  Iter 17000/50000 | Val Loss: 0.1364 | Val Acc: 97.88% | Best at iter 2900
  Iter 18000/50000 | Val Loss: 0.1406 | Val Acc: 97.76% | Best at iter 2900
  Iter 19000/50000 | Val Loss: 0.1394 | Val Acc: 97.90% | Best at iter 2900
  Iter 20000/50000 | Val Loss: 0.1194 | Val Acc: 98.24% | Best at iter 2900
  Iter 21000/50000 | Val Loss: 0.1529 | Val Acc: 97.88% | Best at iter 2900
  Iter 22000/50000 | Val Loss: 0.1367 | Val Acc: 98.10% | Best at iter 2900
  Iter 23000/50000 | Val Loss: 0.1531 | Val Acc: 97.94% | Best at iter 2900
  Iter 24000/50000 | Val Loss: 0.1423 | Val Acc: 98.08% | Best at iter 2900
  Iter 25000/50000 | Val Loss: 0.1369 | Val Acc: 98.06% | Best at iter 2900
  Iter 26000/50000 | Val Loss: 0.1365 | Val Acc: 98.06% | Best at iter 2900
  Iter 27000/50000 | Val Loss: 0.1364 | Val Acc: 98.08% | Best at iter 2900
  Iter 28000/50000 | Val Loss: 0.1371 | Val Acc: 98.12% | Best at iter 2900
  Iter 29000/50000 | Val Loss: 0.1380 | Val Acc: 98.20% | Best at iter 2900
  Iter 30000/50000 | Val Loss: 0.1386 | Val Acc: 98.18% | Best at iter 2900
  Iter 31000/50000 | Val Loss: 0.1405 | Val Acc: 98.26% | Best at iter 2900
  Iter 32000/50000 | Val Loss: 0.1419 | Val Acc: 98.36% | Best at iter 2900
  Iter 33000/50000 | Val Loss: 0.1808 | Val Acc: 97.64% | Best at iter 2900
  Iter 34000/50000 | Val Loss: 0.1457 | Val Acc: 98.16% | Best at iter 2900
  Iter 35000/50000 | Val Loss: 0.1476 | Val Acc: 98.22% | Best at iter 2900
  Iter 36000/50000 | Val Loss: 0.1436 | Val Acc: 98.14% | Best at iter 2900
  Iter 37000/50000 | Val Loss: 0.1599 | Val Acc: 98.08% | Best at iter 2900
  Iter 38000/50000 | Val Loss: 0.2020 | Val Acc: 97.88% | Best at iter 2900
  Iter 39000/50000 | Val Loss: 0.1785 | Val Acc: 98.12% | Best at iter 2900
  Iter 40000/50000 | Val Loss: 0.1708 | Val Acc: 98.26% | Best at iter 2900
  Iter 41000/50000 | Val Loss: 0.1658 | Val Acc: 98.16% | Best at iter 2900
  Iter 42000/50000 | Val Loss: 0.1751 | Val Acc: 98.08% | Best at iter 2900
  Iter 43000/50000 | Val Loss: 0.1871 | Val Acc: 98.00% | Best at iter 2900
  Iter 44000/50000 | Val Loss: 0.1965 | Val Acc: 97.96% | Best at iter 2900
  Iter 45000/50000 | Val Loss: 0.1800 | Val Acc: 98.10% | Best at iter 2900
  Iter 46000/50000 | Val Loss: 0.1863 | Val Acc: 98.08% | Best at iter 2900
  Iter 47000/50000 | Val Loss: 0.2160 | Val Acc: 98.04% | Best at iter 2900
  Iter 48000/50000 | Val Loss: 0.1960 | Val Acc: 98.12% | Best at iter 2900
  Iter 49000/50000 | Val Loss: 0.2128 | Val Acc: 97.98% | Best at iter 2900
  Iter 50000/50000 | Val Loss: 0.1989 | Val Acc: 98.06% | Best at iter 2900
[PRUNE] Pruning to 13.42%...
[RESET] Resetting to initial weights...

--- Round 10 (current: 13.42%) ---
[TRAIN] Training...
  Iter 1000/50000 | Val Loss: 0.0762 | Val Acc: 97.72% | Best at iter 1000
  Iter 2000/50000 | Val Loss: 0.0670 | Val Acc: 98.08% | Best at iter 1900
  Iter 3000/50000 | Val Loss: 0.0710 | Val Acc: 97.94% | Best at iter 2900
  Iter 4000/50000 | Val Loss: 0.0764 | Val Acc: 97.92% | Best at iter 2900
  Iter 5000/50000 | Val Loss: 0.0762 | Val Acc: 98.02% | Best at iter 2900
  Iter 6000/50000 | Val Loss: 0.0801 | Val Acc: 98.02% | Best at iter 2900
  Iter 7000/50000 | Val Loss: 0.0800 | Val Acc: 98.16% | Best at iter 2900
  Iter 8000/50000 | Val Loss: 0.1047 | Val Acc: 97.84% | Best at iter 2900
  Iter 9000/50000 | Val Loss: 0.0984 | Val Acc: 97.86% | Best at iter 2900
  Iter 10000/50000 | Val Loss: 0.1125 | Val Acc: 97.80% | Best at iter 2900
  Iter 11000/50000 | Val Loss: 0.1009 | Val Acc: 98.06% | Best at iter 2900
  Iter 12000/50000 | Val Loss: 0.0979 | Val Acc: 98.16% | Best at iter 2900
  Iter 13000/50000 | Val Loss: 0.1191 | Val Acc: 97.94% | Best at iter 2900
  Iter 14000/50000 | Val Loss: 0.1131 | Val Acc: 98.10% | Best at iter 2900
  Iter 15000/50000 | Val Loss: 0.1087 | Val Acc: 98.06% | Best at iter 2900
  Iter 16000/50000 | Val Loss: 0.1081 | Val Acc: 98.22% | Best at iter 2900
  Iter 17000/50000 | Val Loss: 0.1173 | Val Acc: 98.12% | Best at iter 2900
  Iter 18000/50000 | Val Loss: 0.1152 | Val Acc: 98.04% | Best at iter 2900
  Iter 19000/50000 | Val Loss: 0.1134 | Val Acc: 98.26% | Best at iter 2900
  Iter 20000/50000 | Val Loss: 0.1136 | Val Acc: 98.26% | Best at iter 2900
  Iter 21000/50000 | Val Loss: 0.1144 | Val Acc: 98.24% | Best at iter 2900
  Iter 22000/50000 | Val Loss: 0.1154 | Val Acc: 98.28% | Best at iter 2900
  Iter 23000/50000 | Val Loss: 0.1169 | Val Acc: 98.28% | Best at iter 2900
  Iter 24000/50000 | Val Loss: 0.1193 | Val Acc: 98.24% | Best at iter 2900
  Iter 25000/50000 | Val Loss: 0.1216 | Val Acc: 98.26% | Best at iter 2900
  Iter 26000/50000 | Val Loss: 0.1240 | Val Acc: 98.28% | Best at iter 2900
  Iter 27000/50000 | Val Loss: 0.1276 | Val Acc: 98.30% | Best at iter 2900
  Iter 28000/50000 | Val Loss: 0.1293 | Val Acc: 98.30% | Best at iter 2900
  Iter 29000/50000 | Val Loss: 0.1505 | Val Acc: 97.80% | Best at iter 2900
  Iter 30000/50000 | Val Loss: 0.1641 | Val Acc: 97.86% | Best at iter 2900
  Iter 31000/50000 | Val Loss: 0.1476 | Val Acc: 98.04% | Best at iter 2900
  Iter 32000/50000 | Val Loss: 0.1789 | Val Acc: 97.62% | Best at iter 2900
  Iter 33000/50000 | Val Loss: 0.1560 | Val Acc: 97.90% | Best at iter 2900
  Iter 34000/50000 | Val Loss: 0.1565 | Val Acc: 98.18% | Best at iter 2900
  Iter 35000/50000 | Val Loss: 0.1618 | Val Acc: 97.74% | Best at iter 2900
  Iter 36000/50000 | Val Loss: 0.1633 | Val Acc: 98.00% | Best at iter 2900
  Iter 37000/50000 | Val Loss: 0.1613 | Val Acc: 98.04% | Best at iter 2900
  Iter 38000/50000 | Val Loss: 0.1883 | Val Acc: 97.78% | Best at iter 2900
  Iter 39000/50000 | Val Loss: 0.1683 | Val Acc: 98.00% | Best at iter 2900
  Iter 40000/50000 | Val Loss: 0.1663 | Val Acc: 97.92% | Best at iter 2900
  Iter 41000/50000 | Val Loss: 0.1723 | Val Acc: 97.98% | Best at iter 2900
  Iter 42000/50000 | Val Loss: 0.1707 | Val Acc: 98.14% | Best at iter 2900
  Iter 43000/50000 | Val Loss: 0.1685 | Val Acc: 98.14% | Best at iter 2900
  Iter 44000/50000 | Val Loss: 0.1676 | Val Acc: 98.12% | Best at iter 2900
  Iter 45000/50000 | Val Loss: 0.1673 | Val Acc: 98.12% | Best at iter 2900
  Iter 46000/50000 | Val Loss: 0.1668 | Val Acc: 98.10% | Best at iter 2900
  Iter 47000/50000 | Val Loss: 0.1672 | Val Acc: 98.12% | Best at iter 2900
  Iter 48000/50000 | Val Loss: 0.1675 | Val Acc: 98.18% | Best at iter 2900
  Iter 49000/50000 | Val Loss: 0.1679 | Val Acc: 98.16% | Best at iter 2900
  Iter 50000/50000 | Val Loss: 0.1683 | Val Acc: 98.18% | Best at iter 2900
[PRUNE] Pruning to 10.74%...
[RESET] Resetting to initial weights...

--- Round 11 (current: 10.74%) ---
[TRAIN] Training...
  Iter 1000/50000 | Val Loss: 0.0822 | Val Acc: 97.38% | Best at iter 1000
  Iter 2000/50000 | Val Loss: 0.0666 | Val Acc: 97.84% | Best at iter 2000
  Iter 3000/50000 | Val Loss: 0.0690 | Val Acc: 98.04% | Best at iter 2000
  Iter 4000/50000 | Val Loss: 0.0680 | Val Acc: 98.14% | Best at iter 2000
  Iter 5000/50000 | Val Loss: 0.0802 | Val Acc: 98.12% | Best at iter 2000
  Iter 6000/50000 | Val Loss: 0.0776 | Val Acc: 98.14% | Best at iter 2000
  Iter 7000/50000 | Val Loss: 0.0856 | Val Acc: 98.02% | Best at iter 2000
  Iter 8000/50000 | Val Loss: 0.0906 | Val Acc: 98.20% | Best at iter 2000
  Iter 9000/50000 | Val Loss: 0.1007 | Val Acc: 98.22% | Best at iter 2000
  Iter 10000/50000 | Val Loss: 0.1042 | Val Acc: 97.84% | Best at iter 2000
  Iter 11000/50000 | Val Loss: 0.1114 | Val Acc: 97.86% | Best at iter 2000
  Iter 12000/50000 | Val Loss: 0.1015 | Val Acc: 98.02% | Best at iter 2000
  Iter 13000/50000 | Val Loss: 0.1201 | Val Acc: 97.88% | Best at iter 2000
  Iter 14000/50000 | Val Loss: 0.1226 | Val Acc: 97.94% | Best at iter 2000
  Iter 15000/50000 | Val Loss: 0.1207 | Val Acc: 98.08% | Best at iter 2000
  Iter 16000/50000 | Val Loss: 0.1297 | Val Acc: 97.78% | Best at iter 2000
  Iter 17000/50000 | Val Loss: 0.1371 | Val Acc: 98.02% | Best at iter 2000
  Iter 18000/50000 | Val Loss: 0.1331 | Val Acc: 98.16% | Best at iter 2000
  Iter 19000/50000 | Val Loss: 0.1630 | Val Acc: 97.42% | Best at iter 2000
  Iter 20000/50000 | Val Loss: 0.1360 | Val Acc: 98.06% | Best at iter 2000
  Iter 21000/50000 | Val Loss: 0.1431 | Val Acc: 97.76% | Best at iter 2000
  Iter 22000/50000 | Val Loss: 0.1556 | Val Acc: 98.00% | Best at iter 2000
  Iter 23000/50000 | Val Loss: 0.1446 | Val Acc: 98.14% | Best at iter 2000
  Iter 24000/50000 | Val Loss: 0.1809 | Val Acc: 97.52% | Best at iter 2000
  Iter 25000/50000 | Val Loss: 0.1520 | Val Acc: 98.06% | Best at iter 2000
  Iter 26000/50000 | Val Loss: 0.1456 | Val Acc: 98.02% | Best at iter 2000
  Iter 27000/50000 | Val Loss: 0.1536 | Val Acc: 98.12% | Best at iter 2000
  Iter 28000/50000 | Val Loss: 0.1757 | Val Acc: 97.86% | Best at iter 2000
  Iter 29000/50000 | Val Loss: 0.1647 | Val Acc: 97.98% | Best at iter 2000
  Iter 30000/50000 | Val Loss: 0.1575 | Val Acc: 97.98% | Best at iter 2000
  Iter 31000/50000 | Val Loss: 0.1808 | Val Acc: 97.92% | Best at iter 2000
  Iter 32000/50000 | Val Loss: 0.1614 | Val Acc: 97.96% | Best at iter 2000
  Iter 33000/50000 | Val Loss: 0.2065 | Val Acc: 97.50% | Best at iter 2000
  Iter 34000/50000 | Val Loss: 0.1837 | Val Acc: 97.88% | Best at iter 2000
  Iter 35000/50000 | Val Loss: 0.1695 | Val Acc: 98.14% | Best at iter 2000
  Iter 36000/50000 | Val Loss: 0.1707 | Val Acc: 98.22% | Best at iter 2000
  Iter 37000/50000 | Val Loss: 0.1768 | Val Acc: 97.98% | Best at iter 2000
  Iter 38000/50000 | Val Loss: 0.2053 | Val Acc: 98.00% | Best at iter 2000
  Iter 39000/50000 | Val Loss: 0.1889 | Val Acc: 98.14% | Best at iter 2000
  Iter 40000/50000 | Val Loss: 0.2142 | Val Acc: 97.96% | Best at iter 2000
  Iter 41000/50000 | Val Loss: 0.2135 | Val Acc: 97.72% | Best at iter 2000
  Iter 42000/50000 | Val Loss: 0.1948 | Val Acc: 98.10% | Best at iter 2000
  Iter 43000/50000 | Val Loss: 0.2039 | Val Acc: 98.04% | Best at iter 2000
  Iter 44000/50000 | Val Loss: 0.1869 | Val Acc: 98.08% | Best at iter 2000
  Iter 45000/50000 | Val Loss: 0.2034 | Val Acc: 98.12% | Best at iter 2000
  Iter 46000/50000 | Val Loss: 0.2121 | Val Acc: 97.90% | Best at iter 2000
  Iter 47000/50000 | Val Loss: 0.1925 | Val Acc: 98.06% | Best at iter 2000
  Iter 48000/50000 | Val Loss: 0.1864 | Val Acc: 98.22% | Best at iter 2000
  Iter 49000/50000 | Val Loss: 0.1878 | Val Acc: 98.18% | Best at iter 2000
  Iter 50000/50000 | Val Loss: 0.1818 | Val Acc: 98.22% | Best at iter 2000
[PRUNE] Pruning to 8.59%...
[RESET] Resetting to initial weights...

--- Round 12 (current: 8.59%) ---
[TRAIN] Training...
  Iter 1000/50000 | Val Loss: 0.0815 | Val Acc: 97.36% | Best at iter 1000
  Iter 2000/50000 | Val Loss: 0.0682 | Val Acc: 97.96% | Best at iter 1700
  Iter 3000/50000 | Val Loss: 0.0684 | Val Acc: 97.94% | Best at iter 2700
  Iter 4000/50000 | Val Loss: 0.0720 | Val Acc: 98.02% | Best at iter 2700
  Iter 5000/50000 | Val Loss: 0.0774 | Val Acc: 97.92% | Best at iter 2700
  Iter 6000/50000 | Val Loss: 0.0873 | Val Acc: 98.02% | Best at iter 2700
  Iter 7000/50000 | Val Loss: 0.1054 | Val Acc: 97.78% | Best at iter 2700
  Iter 8000/50000 | Val Loss: 0.0975 | Val Acc: 97.96% | Best at iter 2700
  Iter 9000/50000 | Val Loss: 0.1151 | Val Acc: 97.64% | Best at iter 2700
  Iter 10000/50000 | Val Loss: 0.1120 | Val Acc: 97.90% | Best at iter 2700
  Iter 11000/50000 | Val Loss: 0.1104 | Val Acc: 97.94% | Best at iter 2700
  Iter 12000/50000 | Val Loss: 0.1061 | Val Acc: 98.10% | Best at iter 2700
  Iter 13000/50000 | Val Loss: 0.1102 | Val Acc: 98.06% | Best at iter 2700
  Iter 14000/50000 | Val Loss: 0.1112 | Val Acc: 98.06% | Best at iter 2700
  Iter 15000/50000 | Val Loss: 0.1143 | Val Acc: 98.06% | Best at iter 2700
  Iter 16000/50000 | Val Loss: 0.1335 | Val Acc: 97.82% | Best at iter 2700
  Iter 17000/50000 | Val Loss: 0.1262 | Val Acc: 97.94% | Best at iter 2700
  Iter 18000/50000 | Val Loss: 0.1296 | Val Acc: 98.04% | Best at iter 2700
  Iter 19000/50000 | Val Loss: 0.1347 | Val Acc: 97.88% | Best at iter 2700
  Iter 20000/50000 | Val Loss: 0.1344 | Val Acc: 97.98% | Best at iter 2700
  Iter 21000/50000 | Val Loss: 0.1341 | Val Acc: 98.06% | Best at iter 2700
  Iter 22000/50000 | Val Loss: 0.1349 | Val Acc: 98.10% | Best at iter 2700
  Iter 23000/50000 | Val Loss: 0.1368 | Val Acc: 98.08% | Best at iter 2700
  Iter 24000/50000 | Val Loss: 0.1395 | Val Acc: 98.04% | Best at iter 2700
  Iter 25000/50000 | Val Loss: 0.1435 | Val Acc: 98.04% | Best at iter 2700
  Iter 26000/50000 | Val Loss: 0.1472 | Val Acc: 98.06% | Best at iter 2700
  Iter 27000/50000 | Val Loss: 0.1547 | Val Acc: 98.14% | Best at iter 2700
  Iter 28000/50000 | Val Loss: 0.1508 | Val Acc: 97.90% | Best at iter 2700
  Iter 29000/50000 | Val Loss: 0.1458 | Val Acc: 98.16% | Best at iter 2700
  Iter 30000/50000 | Val Loss: 0.1396 | Val Acc: 98.22% | Best at iter 2700
  Iter 31000/50000 | Val Loss: 0.1405 | Val Acc: 98.22% | Best at iter 2700
  Iter 32000/50000 | Val Loss: 0.1411 | Val Acc: 98.18% | Best at iter 2700
  Iter 33000/50000 | Val Loss: 0.1426 | Val Acc: 98.20% | Best at iter 2700
  Iter 34000/50000 | Val Loss: 0.1438 | Val Acc: 98.16% | Best at iter 2700
  Iter 35000/50000 | Val Loss: 0.1458 | Val Acc: 98.16% | Best at iter 2700
  Iter 36000/50000 | Val Loss: 0.1476 | Val Acc: 98.18% | Best at iter 2700
  Iter 37000/50000 | Val Loss: 0.1496 | Val Acc: 98.12% | Best at iter 2700
  Iter 38000/50000 | Val Loss: 0.1743 | Val Acc: 97.84% | Best at iter 2700
  Iter 39000/50000 | Val Loss: 0.1783 | Val Acc: 97.92% | Best at iter 2700
  Iter 40000/50000 | Val Loss: 0.1654 | Val Acc: 98.18% | Best at iter 2700
  Iter 41000/50000 | Val Loss: 0.1617 | Val Acc: 98.18% | Best at iter 2700
  Iter 42000/50000 | Val Loss: 0.1628 | Val Acc: 98.10% | Best at iter 2700
  Iter 43000/50000 | Val Loss: 0.1638 | Val Acc: 98.14% | Best at iter 2700
  Iter 44000/50000 | Val Loss: 0.1648 | Val Acc: 98.16% | Best at iter 2700
  Iter 45000/50000 | Val Loss: 0.1662 | Val Acc: 98.20% | Best at iter 2700
  Iter 46000/50000 | Val Loss: 0.1676 | Val Acc: 98.18% | Best at iter 2700
  Iter 47000/50000 | Val Loss: 0.1691 | Val Acc: 98.20% | Best at iter 2700
  Iter 48000/50000 | Val Loss: 0.1727 | Val Acc: 98.18% | Best at iter 2700
  Iter 49000/50000 | Val Loss: 0.1749 | Val Acc: 98.16% | Best at iter 2700
  Iter 50000/50000 | Val Loss: 0.1776 | Val Acc: 98.12% | Best at iter 2700
[PRUNE] Pruning to 6.87%...
[RESET] Resetting to initial weights...

--- Round 13 (current: 6.87%) ---
[TRAIN] Training...
  Iter 1000/50000 | Val Loss: 0.0894 | Val Acc: 97.38% | Best at iter 1000
  Iter 2000/50000 | Val Loss: 0.0739 | Val Acc: 97.74% | Best at iter 1900
  Iter 3000/50000 | Val Loss: 0.0709 | Val Acc: 97.94% | Best at iter 2400
  Iter 4000/50000 | Val Loss: 0.0723 | Val Acc: 97.94% | Best at iter 3600
  Iter 5000/50000 | Val Loss: 0.0786 | Val Acc: 97.86% | Best at iter 3600
  Iter 6000/50000 | Val Loss: 0.0807 | Val Acc: 98.00% | Best at iter 3600
  Iter 7000/50000 | Val Loss: 0.0886 | Val Acc: 98.12% | Best at iter 3600
  Iter 8000/50000 | Val Loss: 0.0989 | Val Acc: 97.90% | Best at iter 3600
  Iter 9000/50000 | Val Loss: 0.1085 | Val Acc: 97.80% | Best at iter 3600
  Iter 10000/50000 | Val Loss: 0.1047 | Val Acc: 97.98% | Best at iter 3600
  Iter 11000/50000 | Val Loss: 0.1164 | Val Acc: 97.82% | Best at iter 3600
  Iter 12000/50000 | Val Loss: 0.1056 | Val Acc: 98.08% | Best at iter 3600
  Iter 13000/50000 | Val Loss: 0.1079 | Val Acc: 98.06% | Best at iter 3600
  Iter 14000/50000 | Val Loss: 0.1110 | Val Acc: 98.14% | Best at iter 3600
  Iter 15000/50000 | Val Loss: 0.1321 | Val Acc: 97.66% | Best at iter 3600
  Iter 16000/50000 | Val Loss: 0.1190 | Val Acc: 97.98% | Best at iter 3600
  Iter 17000/50000 | Val Loss: 0.1200 | Val Acc: 98.06% | Best at iter 3600
  Iter 18000/50000 | Val Loss: 0.1199 | Val Acc: 98.02% | Best at iter 3600
  Iter 19000/50000 | Val Loss: 0.1217 | Val Acc: 98.10% | Best at iter 3600
  Iter 20000/50000 | Val Loss: 0.1235 | Val Acc: 98.14% | Best at iter 3600
  Iter 21000/50000 | Val Loss: 0.1271 | Val Acc: 98.10% | Best at iter 3600
  Iter 22000/50000 | Val Loss: 0.1309 | Val Acc: 98.16% | Best at iter 3600
  Iter 23000/50000 | Val Loss: 0.1359 | Val Acc: 98.14% | Best at iter 3600
  Iter 24000/50000 | Val Loss: 0.1602 | Val Acc: 97.74% | Best at iter 3600
  Iter 25000/50000 | Val Loss: 0.1454 | Val Acc: 97.90% | Best at iter 3600
  Iter 26000/50000 | Val Loss: 0.1344 | Val Acc: 98.02% | Best at iter 3600
  Iter 27000/50000 | Val Loss: 0.1352 | Val Acc: 98.04% | Best at iter 3600
  Iter 28000/50000 | Val Loss: 0.1559 | Val Acc: 97.86% | Best at iter 3600
  Iter 29000/50000 | Val Loss: 0.1684 | Val Acc: 97.80% | Best at iter 3600
  Iter 30000/50000 | Val Loss: 0.1583 | Val Acc: 97.86% | Best at iter 3600
  Iter 31000/50000 | Val Loss: 0.1627 | Val Acc: 97.82% | Best at iter 3600
  Iter 32000/50000 | Val Loss: 0.1601 | Val Acc: 97.90% | Best at iter 3600
  Iter 33000/50000 | Val Loss: 0.1590 | Val Acc: 97.94% | Best at iter 3600
  Iter 34000/50000 | Val Loss: 0.1590 | Val Acc: 97.88% | Best at iter 3600
  Iter 35000/50000 | Val Loss: 0.1595 | Val Acc: 97.96% | Best at iter 3600
  Iter 36000/50000 | Val Loss: 0.1598 | Val Acc: 97.98% | Best at iter 3600
  Iter 37000/50000 | Val Loss: 0.1617 | Val Acc: 97.94% | Best at iter 3600
  Iter 38000/50000 | Val Loss: 0.1619 | Val Acc: 98.04% | Best at iter 3600
  Iter 39000/50000 | Val Loss: 0.1643 | Val Acc: 97.96% | Best at iter 3600
  Iter 40000/50000 | Val Loss: 0.1670 | Val Acc: 98.02% | Best at iter 3600
  Iter 41000/50000 | Val Loss: 0.1733 | Val Acc: 97.98% | Best at iter 3600
  Iter 42000/50000 | Val Loss: 0.1874 | Val Acc: 98.08% | Best at iter 3600
  Iter 43000/50000 | Val Loss: 0.1988 | Val Acc: 97.82% | Best at iter 3600
  Iter 44000/50000 | Val Loss: 0.1942 | Val Acc: 98.02% | Best at iter 3600
  Iter 45000/50000 | Val Loss: 0.1926 | Val Acc: 98.04% | Best at iter 3600
  Iter 46000/50000 | Val Loss: 0.1919 | Val Acc: 98.04% | Best at iter 3600
  Iter 47000/50000 | Val Loss: 0.1911 | Val Acc: 98.04% | Best at iter 3600
  Iter 48000/50000 | Val Loss: 0.1909 | Val Acc: 98.04% | Best at iter 3600
  Iter 49000/50000 | Val Loss: 0.1909 | Val Acc: 97.98% | Best at iter 3600
  Iter 50000/50000 | Val Loss: 0.1907 | Val Acc: 98.02% | Best at iter 3600
[PRUNE] Pruning to 5.50%...
[RESET] Resetting to initial weights...

--- Round 14 (current: 5.50%) ---
[TRAIN] Training...
  Iter 1000/50000 | Val Loss: 0.0924 | Val Acc: 97.22% | Best at iter 1000
  Iter 2000/50000 | Val Loss: 0.0742 | Val Acc: 97.76% | Best at iter 1900
  Iter 3000/50000 | Val Loss: 0.0693 | Val Acc: 97.96% | Best at iter 2800
  Iter 4000/50000 | Val Loss: 0.0728 | Val Acc: 97.98% | Best at iter 3700
  Iter 5000/50000 | Val Loss: 0.0774 | Val Acc: 98.08% | Best at iter 3700
  Iter 6000/50000 | Val Loss: 0.0787 | Val Acc: 98.00% | Best at iter 3700
  Iter 7000/50000 | Val Loss: 0.0850 | Val Acc: 98.16% | Best at iter 3700
  Iter 8000/50000 | Val Loss: 0.0936 | Val Acc: 98.10% | Best at iter 3700
  Iter 9000/50000 | Val Loss: 0.0996 | Val Acc: 98.00% | Best at iter 3700
  Iter 10000/50000 | Val Loss: 0.1015 | Val Acc: 98.02% | Best at iter 3700
  Iter 11000/50000 | Val Loss: 0.1030 | Val Acc: 98.12% | Best at iter 3700
  Iter 12000/50000 | Val Loss: 0.1089 | Val Acc: 98.14% | Best at iter 3700
  Iter 13000/50000 | Val Loss: 0.1129 | Val Acc: 98.12% | Best at iter 3700
  Iter 14000/50000 | Val Loss: 0.1133 | Val Acc: 98.14% | Best at iter 3700
  Iter 15000/50000 | Val Loss: 0.1164 | Val Acc: 98.10% | Best at iter 3700
  Iter 16000/50000 | Val Loss: 0.1199 | Val Acc: 98.12% | Best at iter 3700
  Iter 17000/50000 | Val Loss: 0.1253 | Val Acc: 97.92% | Best at iter 3700
  Iter 18000/50000 | Val Loss: 0.1274 | Val Acc: 97.90% | Best at iter 3700
  Iter 19000/50000 | Val Loss: 0.1255 | Val Acc: 98.04% | Best at iter 3700
  Iter 20000/50000 | Val Loss: 0.1244 | Val Acc: 98.12% | Best at iter 3700
  Iter 21000/50000 | Val Loss: 0.1276 | Val Acc: 98.10% | Best at iter 3700
  Iter 22000/50000 | Val Loss: 0.1287 | Val Acc: 98.02% | Best at iter 3700
  Iter 23000/50000 | Val Loss: 0.1322 | Val Acc: 98.12% | Best at iter 3700
  Iter 24000/50000 | Val Loss: 0.1344 | Val Acc: 98.12% | Best at iter 3700
  Iter 25000/50000 | Val Loss: 0.1395 | Val Acc: 98.16% | Best at iter 3700
  Iter 26000/50000 | Val Loss: 0.1588 | Val Acc: 97.80% | Best at iter 3700
  Iter 27000/50000 | Val Loss: 0.1633 | Val Acc: 97.86% | Best at iter 3700
  Iter 28000/50000 | Val Loss: 0.1600 | Val Acc: 97.94% | Best at iter 3700
  Iter 29000/50000 | Val Loss: 0.1614 | Val Acc: 97.96% | Best at iter 3700
  Iter 30000/50000 | Val Loss: 0.1602 | Val Acc: 98.02% | Best at iter 3700
  Iter 31000/50000 | Val Loss: 0.1619 | Val Acc: 97.98% | Best at iter 3700
  Iter 32000/50000 | Val Loss: 0.1630 | Val Acc: 97.96% | Best at iter 3700
  Iter 33000/50000 | Val Loss: 0.1620 | Val Acc: 98.02% | Best at iter 3700
  Iter 34000/50000 | Val Loss: 0.1643 | Val Acc: 98.00% | Best at iter 3700
  Iter 35000/50000 | Val Loss: 0.1675 | Val Acc: 98.00% | Best at iter 3700
  Iter 36000/50000 | Val Loss: 0.1699 | Val Acc: 98.00% | Best at iter 3700
  Iter 37000/50000 | Val Loss: 0.1910 | Val Acc: 97.94% | Best at iter 3700
  Iter 38000/50000 | Val Loss: 0.1752 | Val Acc: 98.04% | Best at iter 3700
  Iter 39000/50000 | Val Loss: 0.1764 | Val Acc: 98.12% | Best at iter 3700
  Iter 40000/50000 | Val Loss: 0.1722 | Val Acc: 98.12% | Best at iter 3700
  Iter 41000/50000 | Val Loss: 0.1718 | Val Acc: 98.14% | Best at iter 3700
  Iter 42000/50000 | Val Loss: 0.1722 | Val Acc: 98.18% | Best at iter 3700
  Iter 43000/50000 | Val Loss: 0.1726 | Val Acc: 98.22% | Best at iter 3700
  Iter 44000/50000 | Val Loss: 0.1735 | Val Acc: 98.20% | Best at iter 3700
  Iter 45000/50000 | Val Loss: 0.1736 | Val Acc: 98.18% | Best at iter 3700
  Iter 46000/50000 | Val Loss: 0.1764 | Val Acc: 98.16% | Best at iter 3700
  Iter 47000/50000 | Val Loss: 0.1789 | Val Acc: 98.20% | Best at iter 3700
  Iter 48000/50000 | Val Loss: 0.1813 | Val Acc: 98.18% | Best at iter 3700
  Iter 49000/50000 | Val Loss: 0.1848 | Val Acc: 98.20% | Best at iter 3700
  Iter 50000/50000 | Val Loss: 0.1893 | Val Acc: 98.20% | Best at iter 3700
[PRUNE] Pruning to 4.40%...
[RESET] Resetting to initial weights...

--- Round 15 (current: 4.40%) ---
[TRAIN] Training...
  Iter 1000/50000 | Val Loss: 0.0947 | Val Acc: 97.32% | Best at iter 1000
  Iter 2000/50000 | Val Loss: 0.0754 | Val Acc: 97.68% | Best at iter 2000
  Iter 3000/50000 | Val Loss: 0.0701 | Val Acc: 97.80% | Best at iter 3000
  Iter 4000/50000 | Val Loss: 0.0739 | Val Acc: 97.90% | Best at iter 3700
  Iter 5000/50000 | Val Loss: 0.0769 | Val Acc: 97.88% | Best at iter 3700
  Iter 6000/50000 | Val Loss: 0.0811 | Val Acc: 97.86% | Best at iter 3700
  Iter 7000/50000 | Val Loss: 0.0860 | Val Acc: 97.98% | Best at iter 3700
  Iter 8000/50000 | Val Loss: 0.0929 | Val Acc: 97.94% | Best at iter 3700
  Iter 9000/50000 | Val Loss: 0.1011 | Val Acc: 98.00% | Best at iter 3700
  Iter 10000/50000 | Val Loss: 0.1053 | Val Acc: 97.96% | Best at iter 3700
  Iter 11000/50000 | Val Loss: 0.1102 | Val Acc: 98.00% | Best at iter 3700
  Iter 12000/50000 | Val Loss: 0.1170 | Val Acc: 97.80% | Best at iter 3700
  Iter 13000/50000 | Val Loss: 0.1144 | Val Acc: 98.16% | Best at iter 3700
  Iter 14000/50000 | Val Loss: 0.1186 | Val Acc: 98.02% | Best at iter 3700
  Iter 15000/50000 | Val Loss: 0.1259 | Val Acc: 97.98% | Best at iter 3700
  Iter 16000/50000 | Val Loss: 0.1248 | Val Acc: 98.00% | Best at iter 3700
  Iter 17000/50000 | Val Loss: 0.1303 | Val Acc: 98.04% | Best at iter 3700
  Iter 18000/50000 | Val Loss: 0.1297 | Val Acc: 98.08% | Best at iter 3700
  Iter 19000/50000 | Val Loss: 0.1329 | Val Acc: 98.12% | Best at iter 3700
  Iter 20000/50000 | Val Loss: 0.1378 | Val Acc: 98.10% | Best at iter 3700
  Iter 21000/50000 | Val Loss: 0.1403 | Val Acc: 98.16% | Best at iter 3700
  Iter 22000/50000 | Val Loss: 0.1560 | Val Acc: 97.84% | Best at iter 3700
  Iter 23000/50000 | Val Loss: 0.1657 | Val Acc: 97.84% | Best at iter 3700
  Iter 24000/50000 | Val Loss: 0.1556 | Val Acc: 97.86% | Best at iter 3700
  Iter 25000/50000 | Val Loss: 0.1604 | Val Acc: 97.88% | Best at iter 3700
  Iter 26000/50000 | Val Loss: 0.1546 | Val Acc: 97.96% | Best at iter 3700
  Iter 27000/50000 | Val Loss: 0.1566 | Val Acc: 97.92% | Best at iter 3700
  Iter 28000/50000 | Val Loss: 0.1570 | Val Acc: 97.96% | Best at iter 3700
  Iter 29000/50000 | Val Loss: 0.1579 | Val Acc: 98.04% | Best at iter 3700
  Iter 30000/50000 | Val Loss: 0.1608 | Val Acc: 98.00% | Best at iter 3700
  Iter 31000/50000 | Val Loss: 0.1639 | Val Acc: 97.98% | Best at iter 3700
  Iter 32000/50000 | Val Loss: 0.2576 | Val Acc: 96.92% | Best at iter 3700
  Iter 33000/50000 | Val Loss: 0.1896 | Val Acc: 97.74% | Best at iter 3700
  Iter 34000/50000 | Val Loss: 0.1811 | Val Acc: 97.84% | Best at iter 3700
  Iter 35000/50000 | Val Loss: 0.1779 | Val Acc: 97.86% | Best at iter 3700
  Iter 36000/50000 | Val Loss: 0.1778 | Val Acc: 97.82% | Best at iter 3700
  Iter 37000/50000 | Val Loss: 0.1776 | Val Acc: 97.82% | Best at iter 3700
  Iter 38000/50000 | Val Loss: 0.1778 | Val Acc: 97.84% | Best at iter 3700
  Iter 39000/50000 | Val Loss: 0.1782 | Val Acc: 97.82% | Best at iter 3700
  Iter 40000/50000 | Val Loss: 0.1798 | Val Acc: 97.84% | Best at iter 3700
  Iter 41000/50000 | Val Loss: 0.1810 | Val Acc: 97.84% | Best at iter 3700
  Iter 42000/50000 | Val Loss: 0.1813 | Val Acc: 97.84% | Best at iter 3700
  Iter 43000/50000 | Val Loss: 0.1847 | Val Acc: 97.86% | Best at iter 3700
  Iter 44000/50000 | Val Loss: 0.2021 | Val Acc: 97.78% | Best at iter 3700
  Iter 45000/50000 | Val Loss: 0.1950 | Val Acc: 97.76% | Best at iter 3700
  Iter 46000/50000 | Val Loss: 0.1857 | Val Acc: 97.88% | Best at iter 3700
  Iter 47000/50000 | Val Loss: 0.1842 | Val Acc: 97.94% | Best at iter 3700
  Iter 48000/50000 | Val Loss: 0.1842 | Val Acc: 98.00% | Best at iter 3700
  Iter 49000/50000 | Val Loss: 0.1845 | Val Acc: 98.02% | Best at iter 3700
  Iter 50000/50000 | Val Loss: 0.1855 | Val Acc: 98.08% | Best at iter 3700
[PRUNE] Pruning to 3.52%...
[RESET] Resetting to initial weights...

==================================================
FINAL TRAINING at 3.52%
==================================================
  Iter 1000/50000 | Val Loss: 0.1003 | Val Acc: 97.14% | Best at iter 1000
  Iter 2000/50000 | Val Loss: 0.0802 | Val Acc: 97.36% | Best at iter 1900
  Iter 3000/50000 | Val Loss: 0.0737 | Val Acc: 97.82% | Best at iter 3000
  Iter 4000/50000 | Val Loss: 0.0766 | Val Acc: 97.80% | Best at iter 3800
  Iter 5000/50000 | Val Loss: 0.0759 | Val Acc: 97.88% | Best at iter 3800
  Iter 6000/50000 | Val Loss: 0.0816 | Val Acc: 97.84% | Best at iter 3800
  Iter 7000/50000 | Val Loss: 0.0901 | Val Acc: 97.88% | Best at iter 3800
  Iter 8000/50000 | Val Loss: 0.0875 | Val Acc: 97.92% | Best at iter 3800
  Iter 9000/50000 | Val Loss: 0.0949 | Val Acc: 97.86% | Best at iter 3800
  Iter 10000/50000 | Val Loss: 0.1050 | Val Acc: 97.84% | Best at iter 3800
  Iter 11000/50000 | Val Loss: 0.1060 | Val Acc: 97.74% | Best at iter 3800
  Iter 12000/50000 | Val Loss: 0.1139 | Val Acc: 97.76% | Best at iter 3800
  Iter 13000/50000 | Val Loss: 0.1123 | Val Acc: 97.94% | Best at iter 3800
  Iter 14000/50000 | Val Loss: 0.1172 | Val Acc: 97.88% | Best at iter 3800
  Iter 15000/50000 | Val Loss: 0.1187 | Val Acc: 97.98% | Best at iter 3800
  Iter 16000/50000 | Val Loss: 0.1253 | Val Acc: 97.88% | Best at iter 3800
  Iter 17000/50000 | Val Loss: 0.1536 | Val Acc: 97.52% | Best at iter 3800
  Iter 18000/50000 | Val Loss: 0.1336 | Val Acc: 97.88% | Best at iter 3800
  Iter 19000/50000 | Val Loss: 0.1316 | Val Acc: 97.78% | Best at iter 3800
  Iter 20000/50000 | Val Loss: 0.1319 | Val Acc: 97.84% | Best at iter 3800
  Iter 21000/50000 | Val Loss: 0.1395 | Val Acc: 97.94% | Best at iter 3800
  Iter 22000/50000 | Val Loss: 0.1383 | Val Acc: 97.94% | Best at iter 3800
  Iter 23000/50000 | Val Loss: 0.1392 | Val Acc: 97.94% | Best at iter 3800
  Iter 24000/50000 | Val Loss: 0.1393 | Val Acc: 97.92% | Best at iter 3800
  Iter 25000/50000 | Val Loss: 0.1437 | Val Acc: 97.90% | Best at iter 3800
  Iter 26000/50000 | Val Loss: 0.1475 | Val Acc: 97.90% | Best at iter 3800
  Iter 27000/50000 | Val Loss: 0.1763 | Val Acc: 97.70% | Best at iter 3800
  Iter 28000/50000 | Val Loss: 0.1657 | Val Acc: 97.86% | Best at iter 3800
  Iter 29000/50000 | Val Loss: 0.1606 | Val Acc: 97.82% | Best at iter 3800
  Iter 30000/50000 | Val Loss: 0.1593 | Val Acc: 97.84% | Best at iter 3800
  Iter 31000/50000 | Val Loss: 0.1594 | Val Acc: 97.84% | Best at iter 3800
  Iter 32000/50000 | Val Loss: 0.1603 | Val Acc: 97.86% | Best at iter 3800
  Iter 33000/50000 | Val Loss: 0.1625 | Val Acc: 97.86% | Best at iter 3800
  Iter 34000/50000 | Val Loss: 0.1642 | Val Acc: 97.86% | Best at iter 3800
  Iter 35000/50000 | Val Loss: 0.1655 | Val Acc: 97.96% | Best at iter 3800
  Iter 36000/50000 | Val Loss: 0.1674 | Val Acc: 97.90% | Best at iter 3800
  Iter 37000/50000 | Val Loss: 0.1953 | Val Acc: 97.40% | Best at iter 3800
  Iter 38000/50000 | Val Loss: 0.1849 | Val Acc: 97.62% | Best at iter 3800
  Iter 39000/50000 | Val Loss: 0.1844 | Val Acc: 97.64% | Best at iter 3800
  Iter 40000/50000 | Val Loss: 0.1846 | Val Acc: 97.66% | Best at iter 3800
  Iter 41000/50000 | Val Loss: 0.1840 | Val Acc: 97.66% | Best at iter 3800
  Iter 42000/50000 | Val Loss: 0.1846 | Val Acc: 97.68% | Best at iter 3800
  Iter 43000/50000 | Val Loss: 0.1842 | Val Acc: 97.76% | Best at iter 3800
  Iter 44000/50000 | Val Loss: 0.1838 | Val Acc: 97.72% | Best at iter 3800
  Iter 45000/50000 | Val Loss: 0.1862 | Val Acc: 97.68% | Best at iter 3800
  Iter 46000/50000 | Val Loss: 0.1876 | Val Acc: 97.76% | Best at iter 3800
  Iter 47000/50000 | Val Loss: 0.1905 | Val Acc: 97.72% | Best at iter 3800
  Iter 48000/50000 | Val Loss: 0.2157 | Val Acc: 97.58% | Best at iter 3800
  Iter 49000/50000 | Val Loss: 0.2063 | Val Acc: 97.74% | Best at iter 3800
  Iter 50000/50000 | Val Loss: 0.2010 | Val Acc: 97.70% | Best at iter 3800

──────────────────────────────────────────────────────────────────────
Early stop: iteration 3800
Val loss at early stop: 0.0726
Test accuracy at early stop: 97.78%
──────────────────────────────────────────────────────────────────────
✓ Saved results to ./results/full/exp3_iterative_winning.pt

======================================================================
STARTING EXP4 (One-Shot Reinit)
======================================================================

======================================================================
EXPERIMENT 4: ONE-SHOT RANDOM REINITIALIZATION
======================================================================

======================================================================
One-Shot Reinit
Sparsity: 100.0% | Trial: 1.1/3x2
======================================================================
  Iter 1000/50000 | Val Loss: 0.1128 | Val Acc: 96.58% | Best at iter 1000
  Iter 2000/50000 | Val Loss: 0.0952 | Val Acc: 97.06% | Best at iter 1700
  Iter 3000/50000 | Val Loss: 0.0988 | Val Acc: 97.20% | Best at iter 2800
  Iter 4000/50000 | Val Loss: 0.0868 | Val Acc: 97.50% | Best at iter 2800
  Iter 5000/50000 | Val Loss: 0.1099 | Val Acc: 97.24% | Best at iter 2800
  Iter 6000/50000 | Val Loss: 0.1457 | Val Acc: 96.64% | Best at iter 2800
  Iter 7000/50000 | Val Loss: 0.1180 | Val Acc: 97.46% | Best at iter 2800
  Iter 8000/50000 | Val Loss: 0.1136 | Val Acc: 97.72% | Best at iter 2800
  Iter 9000/50000 | Val Loss: 0.1455 | Val Acc: 97.24% | Best at iter 2800
  Iter 10000/50000 | Val Loss: 0.1037 | Val Acc: 97.68% | Best at iter 2800
  Iter 11000/50000 | Val Loss: 0.1111 | Val Acc: 97.60% | Best at iter 2800
  Iter 12000/50000 | Val Loss: 0.1077 | Val Acc: 97.84% | Best at iter 2800
  Iter 13000/50000 | Val Loss: 0.1359 | Val Acc: 97.52% | Best at iter 2800
  Iter 14000/50000 | Val Loss: 0.1252 | Val Acc: 97.66% | Best at iter 2800
  Iter 15000/50000 | Val Loss: 0.1707 | Val Acc: 97.24% | Best at iter 2800
  Iter 16000/50000 | Val Loss: 0.1818 | Val Acc: 97.04% | Best at iter 2800
  Iter 17000/50000 | Val Loss: 0.1375 | Val Acc: 97.90% | Best at iter 2800
  Iter 18000/50000 | Val Loss: 0.1202 | Val Acc: 98.10% | Best at iter 2800
  Iter 19000/50000 | Val Loss: 0.1562 | Val Acc: 97.74% | Best at iter 2800
  Iter 20000/50000 | Val Loss: 0.1703 | Val Acc: 97.54% | Best at iter 2800
  Iter 21000/50000 | Val Loss: 0.2128 | Val Acc: 97.22% | Best at iter 2800
  Iter 22000/50000 | Val Loss: 0.1664 | Val Acc: 97.56% | Best at iter 2800
  Iter 23000/50000 | Val Loss: 0.1605 | Val Acc: 97.66% | Best at iter 2800
  Iter 24000/50000 | Val Loss: 0.1403 | Val Acc: 97.90% | Best at iter 2800
  Iter 25000/50000 | Val Loss: 0.1640 | Val Acc: 97.60% | Best at iter 2800
  Iter 26000/50000 | Val Loss: 0.2096 | Val Acc: 97.58% | Best at iter 2800
  Iter 27000/50000 | Val Loss: 0.1800 | Val Acc: 97.56% | Best at iter 2800
  Iter 28000/50000 | Val Loss: 0.1698 | Val Acc: 97.68% | Best at iter 2800
  Iter 29000/50000 | Val Loss: 0.2106 | Val Acc: 97.70% | Best at iter 2800
  Iter 30000/50000 | Val Loss: 0.1818 | Val Acc: 97.94% | Best at iter 2800
  Iter 31000/50000 | Val Loss: 0.1826 | Val Acc: 97.80% | Best at iter 2800
  Iter 32000/50000 | Val Loss: 0.1899 | Val Acc: 97.58% | Best at iter 2800
  Iter 33000/50000 | Val Loss: 0.2553 | Val Acc: 97.32% | Best at iter 2800
  Iter 34000/50000 | Val Loss: 0.2271 | Val Acc: 97.50% | Best at iter 2800
  Iter 35000/50000 | Val Loss: 0.2136 | Val Acc: 97.94% | Best at iter 2800
  Iter 36000/50000 | Val Loss: 0.2257 | Val Acc: 97.86% | Best at iter 2800
  Iter 37000/50000 | Val Loss: 0.1921 | Val Acc: 97.88% | Best at iter 2800
  Iter 38000/50000 | Val Loss: 0.2770 | Val Acc: 97.56% | Best at iter 2800
  Iter 39000/50000 | Val Loss: 0.2074 | Val Acc: 97.96% | Best at iter 2800
  Iter 40000/50000 | Val Loss: 0.1980 | Val Acc: 97.88% | Best at iter 2800
  Iter 41000/50000 | Val Loss: 0.2687 | Val Acc: 97.52% | Best at iter 2800
  Iter 42000/50000 | Val Loss: 0.2361 | Val Acc: 97.50% | Best at iter 2800
  Iter 43000/50000 | Val Loss: 0.2550 | Val Acc: 97.78% | Best at iter 2800
  Iter 44000/50000 | Val Loss: 0.2271 | Val Acc: 97.90% | Best at iter 2800
  Iter 45000/50000 | Val Loss: 0.1965 | Val Acc: 98.04% | Best at iter 2800
  Iter 46000/50000 | Val Loss: 0.2745 | Val Acc: 97.40% | Best at iter 2800
  Iter 47000/50000 | Val Loss: 0.2354 | Val Acc: 97.96% | Best at iter 2800
  Iter 48000/50000 | Val Loss: 0.2284 | Val Acc: 97.92% | Best at iter 2800
  Iter 49000/50000 | Val Loss: 0.2688 | Val Acc: 97.80% | Best at iter 2800
  Iter 50000/50000 | Val Loss: 0.2533 | Val Acc: 98.00% | Best at iter 2800

──────────────────────────────────────────────────────────────────────
Early stop: iteration 2800
Val loss at early stop: 0.0814
Test accuracy at early stop: 97.50%
──────────────────────────────────────────────────────────────────────

======================================================================
One-Shot Reinit
Sparsity: 100.0% | Trial: 1.2/3x2
======================================================================
  Iter 1000/50000 | Val Loss: 0.1141 | Val Acc: 96.60% | Best at iter 1000
  Iter 2000/50000 | Val Loss: 0.1047 | Val Acc: 97.24% | Best at iter 2000
  Iter 3000/50000 | Val Loss: 0.1159 | Val Acc: 96.80% | Best at iter 2900
  Iter 4000/50000 | Val Loss: 0.0933 | Val Acc: 97.40% | Best at iter 3900
  Iter 5000/50000 | Val Loss: 0.1228 | Val Acc: 96.98% | Best at iter 3900
  Iter 6000/50000 | Val Loss: 0.0953 | Val Acc: 97.64% | Best at iter 3900
  Iter 7000/50000 | Val Loss: 0.1257 | Val Acc: 97.08% | Best at iter 3900
  Iter 8000/50000 | Val Loss: 0.1102 | Val Acc: 97.74% | Best at iter 3900
  Iter 9000/50000 | Val Loss: 0.1281 | Val Acc: 97.38% | Best at iter 3900
  Iter 10000/50000 | Val Loss: 0.1247 | Val Acc: 97.52% | Best at iter 3900
  Iter 11000/50000 | Val Loss: 0.1373 | Val Acc: 97.48% | Best at iter 3900
  Iter 12000/50000 | Val Loss: 0.1479 | Val Acc: 97.40% | Best at iter 3900
  Iter 13000/50000 | Val Loss: 0.1531 | Val Acc: 97.42% | Best at iter 3900
  Iter 14000/50000 | Val Loss: 0.1328 | Val Acc: 97.62% | Best at iter 3900
  Iter 15000/50000 | Val Loss: 0.1245 | Val Acc: 98.04% | Best at iter 3900
  Iter 16000/50000 | Val Loss: 0.1382 | Val Acc: 97.68% | Best at iter 3900
  Iter 17000/50000 | Val Loss: 0.1463 | Val Acc: 97.66% | Best at iter 3900
  Iter 18000/50000 | Val Loss: 0.1641 | Val Acc: 97.48% | Best at iter 3900
  Iter 19000/50000 | Val Loss: 0.1578 | Val Acc: 97.72% | Best at iter 3900
  Iter 20000/50000 | Val Loss: 0.1757 | Val Acc: 97.70% | Best at iter 3900
  Iter 21000/50000 | Val Loss: 0.1447 | Val Acc: 97.96% | Best at iter 3900
  Iter 22000/50000 | Val Loss: 0.1784 | Val Acc: 97.72% | Best at iter 3900
  Iter 23000/50000 | Val Loss: 0.1603 | Val Acc: 97.82% | Best at iter 3900
  Iter 24000/50000 | Val Loss: 0.1764 | Val Acc: 97.64% | Best at iter 3900
  Iter 25000/50000 | Val Loss: 0.1831 | Val Acc: 97.98% | Best at iter 3900
  Iter 26000/50000 | Val Loss: 0.1826 | Val Acc: 97.64% | Best at iter 3900
  Iter 27000/50000 | Val Loss: 0.1818 | Val Acc: 97.72% | Best at iter 3900
  Iter 28000/50000 | Val Loss: 0.2039 | Val Acc: 97.28% | Best at iter 3900
  Iter 29000/50000 | Val Loss: 0.2092 | Val Acc: 97.46% | Best at iter 3900
  Iter 30000/50000 | Val Loss: 0.2092 | Val Acc: 97.48% | Best at iter 3900
  Iter 31000/50000 | Val Loss: 0.1588 | Val Acc: 97.84% | Best at iter 3900
  Iter 32000/50000 | Val Loss: 0.1625 | Val Acc: 97.86% | Best at iter 3900
  Iter 33000/50000 | Val Loss: 0.2234 | Val Acc: 97.64% | Best at iter 3900
  Iter 34000/50000 | Val Loss: 0.1864 | Val Acc: 97.88% | Best at iter 3900
  Iter 35000/50000 | Val Loss: 0.2082 | Val Acc: 97.60% | Best at iter 3900
  Iter 36000/50000 | Val Loss: 0.2016 | Val Acc: 97.84% | Best at iter 3900
  Iter 37000/50000 | Val Loss: 0.2380 | Val Acc: 97.60% | Best at iter 3900
  Iter 38000/50000 | Val Loss: 0.2017 | Val Acc: 97.96% | Best at iter 3900
  Iter 39000/50000 | Val Loss: 0.1852 | Val Acc: 97.92% | Best at iter 3900
  Iter 40000/50000 | Val Loss: 0.1877 | Val Acc: 98.16% | Best at iter 3900
  Iter 41000/50000 | Val Loss: 0.2647 | Val Acc: 97.76% | Best at iter 3900
  Iter 42000/50000 | Val Loss: 0.2313 | Val Acc: 97.56% | Best at iter 3900
  Iter 43000/50000 | Val Loss: 0.2216 | Val Acc: 97.62% | Best at iter 3900
  Iter 44000/50000 | Val Loss: 0.2350 | Val Acc: 97.86% | Best at iter 3900
  Iter 45000/50000 | Val Loss: 0.2337 | Val Acc: 97.84% | Best at iter 3900
  Iter 46000/50000 | Val Loss: 0.2563 | Val Acc: 97.60% | Best at iter 3900
  Iter 47000/50000 | Val Loss: 0.2653 | Val Acc: 97.88% | Best at iter 3900
  Iter 48000/50000 | Val Loss: 0.2465 | Val Acc: 98.10% | Best at iter 3900
  Iter 49000/50000 | Val Loss: 0.2259 | Val Acc: 98.24% | Best at iter 3900
  Iter 50000/50000 | Val Loss: 0.2553 | Val Acc: 97.84% | Best at iter 3900

──────────────────────────────────────────────────────────────────────
Early stop: iteration 3900
Val loss at early stop: 0.0845
Test accuracy at early stop: 97.68%
──────────────────────────────────────────────────────────────────────

======================================================================
One-Shot Reinit
Sparsity: 100.0% | Trial: 2.1/3x2
======================================================================
  Iter 1000/50000 | Val Loss: 0.1336 | Val Acc: 96.06% | Best at iter 900
  Iter 2000/50000 | Val Loss: 0.1014 | Val Acc: 97.12% | Best at iter 2000
  Iter 3000/50000 | Val Loss: 0.0868 | Val Acc: 97.48% | Best at iter 2800
  Iter 4000/50000 | Val Loss: 0.0860 | Val Acc: 97.68% | Best at iter 3800
  Iter 5000/50000 | Val Loss: 0.0883 | Val Acc: 97.24% | Best at iter 4200
  Iter 6000/50000 | Val Loss: 0.1073 | Val Acc: 97.48% | Best at iter 4200
  Iter 7000/50000 | Val Loss: 0.1137 | Val Acc: 97.26% | Best at iter 4200
  Iter 8000/50000 | Val Loss: 0.1208 | Val Acc: 97.58% | Best at iter 4200
  Iter 9000/50000 | Val Loss: 0.1319 | Val Acc: 97.20% | Best at iter 4200
  Iter 10000/50000 | Val Loss: 0.1212 | Val Acc: 97.54% | Best at iter 4200
  Iter 11000/50000 | Val Loss: 0.1170 | Val Acc: 97.46% | Best at iter 4200
  Iter 12000/50000 | Val Loss: 0.1035 | Val Acc: 98.00% | Best at iter 4200
  Iter 13000/50000 | Val Loss: 0.1199 | Val Acc: 97.56% | Best at iter 4200
  Iter 14000/50000 | Val Loss: 0.0926 | Val Acc: 97.86% | Best at iter 4200
  Iter 15000/50000 | Val Loss: 0.1136 | Val Acc: 97.60% | Best at iter 4200
  Iter 16000/50000 | Val Loss: 0.1311 | Val Acc: 97.50% | Best at iter 4200
  Iter 17000/50000 | Val Loss: 0.1780 | Val Acc: 97.68% | Best at iter 4200
  Iter 18000/50000 | Val Loss: 0.1557 | Val Acc: 97.50% | Best at iter 4200
  Iter 19000/50000 | Val Loss: 0.1453 | Val Acc: 97.74% | Best at iter 4200
  Iter 20000/50000 | Val Loss: 0.1509 | Val Acc: 97.80% | Best at iter 4200
  Iter 21000/50000 | Val Loss: 0.1448 | Val Acc: 97.56% | Best at iter 4200
  Iter 22000/50000 | Val Loss: 0.1802 | Val Acc: 97.38% | Best at iter 4200
  Iter 23000/50000 | Val Loss: 0.1297 | Val Acc: 97.92% | Best at iter 4200
  Iter 24000/50000 | Val Loss: 0.1467 | Val Acc: 98.00% | Best at iter 4200
  Iter 25000/50000 | Val Loss: 0.1741 | Val Acc: 97.82% | Best at iter 4200
  Iter 26000/50000 | Val Loss: 0.1710 | Val Acc: 97.42% | Best at iter 4200
  Iter 27000/50000 | Val Loss: 0.1537 | Val Acc: 97.68% | Best at iter 4200
  Iter 28000/50000 | Val Loss: 0.1896 | Val Acc: 97.86% | Best at iter 4200
  Iter 29000/50000 | Val Loss: 0.1758 | Val Acc: 97.58% | Best at iter 4200
  Iter 30000/50000 | Val Loss: 0.1801 | Val Acc: 97.60% | Best at iter 4200
  Iter 31000/50000 | Val Loss: 0.2370 | Val Acc: 97.14% | Best at iter 4200
  Iter 32000/50000 | Val Loss: 0.1946 | Val Acc: 97.54% | Best at iter 4200
  Iter 33000/50000 | Val Loss: 0.2182 | Val Acc: 97.44% | Best at iter 4200
  Iter 34000/50000 | Val Loss: 0.2033 | Val Acc: 97.70% | Best at iter 4200
  Iter 35000/50000 | Val Loss: 0.1716 | Val Acc: 97.88% | Best at iter 4200
  Iter 36000/50000 | Val Loss: 0.2116 | Val Acc: 97.64% | Best at iter 4200
  Iter 37000/50000 | Val Loss: 0.2110 | Val Acc: 97.98% | Best at iter 4200
  Iter 38000/50000 | Val Loss: 0.1742 | Val Acc: 98.24% | Best at iter 4200
  Iter 39000/50000 | Val Loss: 0.2072 | Val Acc: 97.90% | Best at iter 4200
  Iter 40000/50000 | Val Loss: 0.2684 | Val Acc: 97.62% | Best at iter 4200
  Iter 41000/50000 | Val Loss: 0.2181 | Val Acc: 97.88% | Best at iter 4200
  Iter 42000/50000 | Val Loss: 0.2582 | Val Acc: 97.58% | Best at iter 4200
  Iter 43000/50000 | Val Loss: 0.2698 | Val Acc: 97.38% | Best at iter 4200
  Iter 44000/50000 | Val Loss: 0.2658 | Val Acc: 97.58% | Best at iter 4200
  Iter 45000/50000 | Val Loss: 0.2853 | Val Acc: 97.68% | Best at iter 4200
  Iter 46000/50000 | Val Loss: 0.2818 | Val Acc: 97.42% | Best at iter 4200
  Iter 47000/50000 | Val Loss: 0.2374 | Val Acc: 97.94% | Best at iter 4200
  Iter 48000/50000 | Val Loss: 0.2510 | Val Acc: 98.04% | Best at iter 4200
  Iter 49000/50000 | Val Loss: 0.2865 | Val Acc: 97.70% | Best at iter 4200
  Iter 50000/50000 | Val Loss: 0.2582 | Val Acc: 97.98% | Best at iter 4200

──────────────────────────────────────────────────────────────────────
Early stop: iteration 4200
Val loss at early stop: 0.0801
Test accuracy at early stop: 97.70%
──────────────────────────────────────────────────────────────────────

======================================================================
One-Shot Reinit
Sparsity: 100.0% | Trial: 2.2/3x2
======================================================================
  Iter 1000/50000 | Val Loss: 0.1171 | Val Acc: 96.42% | Best at iter 1000
  Iter 2000/50000 | Val Loss: 0.1045 | Val Acc: 96.58% | Best at iter 1500
  Iter 3000/50000 | Val Loss: 0.0894 | Val Acc: 97.10% | Best at iter 2900
  Iter 4000/50000 | Val Loss: 0.0918 | Val Acc: 97.60% | Best at iter 3800
  Iter 5000/50000 | Val Loss: 0.0970 | Val Acc: 97.64% | Best at iter 3800
  Iter 6000/50000 | Val Loss: 0.1106 | Val Acc: 96.92% | Best at iter 5600
  Iter 7000/50000 | Val Loss: 0.0953 | Val Acc: 97.40% | Best at iter 5600
  Iter 8000/50000 | Val Loss: 0.1158 | Val Acc: 97.54% | Best at iter 5600
  Iter 9000/50000 | Val Loss: 0.1118 | Val Acc: 97.46% | Best at iter 5600
  Iter 10000/50000 | Val Loss: 0.1039 | Val Acc: 97.72% | Best at iter 5600
  Iter 11000/50000 | Val Loss: 0.1208 | Val Acc: 97.76% | Best at iter 5600
  Iter 12000/50000 | Val Loss: 0.0975 | Val Acc: 97.86% | Best at iter 5600
  Iter 13000/50000 | Val Loss: 0.1136 | Val Acc: 97.70% | Best at iter 5600
  Iter 14000/50000 | Val Loss: 0.1109 | Val Acc: 97.88% | Best at iter 5600
  Iter 15000/50000 | Val Loss: 0.1063 | Val Acc: 97.82% | Best at iter 5600
  Iter 16000/50000 | Val Loss: 0.1247 | Val Acc: 97.92% | Best at iter 5600
  Iter 17000/50000 | Val Loss: 0.1172 | Val Acc: 97.94% | Best at iter 5600
  Iter 18000/50000 | Val Loss: 0.1139 | Val Acc: 97.94% | Best at iter 5600
  Iter 19000/50000 | Val Loss: 0.1641 | Val Acc: 97.36% | Best at iter 5600
  Iter 20000/50000 | Val Loss: 0.1299 | Val Acc: 97.92% | Best at iter 5600
  Iter 21000/50000 | Val Loss: 0.1728 | Val Acc: 97.20% | Best at iter 5600
  Iter 22000/50000 | Val Loss: 0.1744 | Val Acc: 97.62% | Best at iter 5600
  Iter 23000/50000 | Val Loss: 0.1729 | Val Acc: 97.66% | Best at iter 5600
  Iter 24000/50000 | Val Loss: 0.1494 | Val Acc: 97.70% | Best at iter 5600
  Iter 25000/50000 | Val Loss: 0.1438 | Val Acc: 97.86% | Best at iter 5600
  Iter 26000/50000 | Val Loss: 0.1512 | Val Acc: 98.04% | Best at iter 5600
  Iter 27000/50000 | Val Loss: 0.1594 | Val Acc: 97.90% | Best at iter 5600
  Iter 28000/50000 | Val Loss: 0.1637 | Val Acc: 97.86% | Best at iter 5600
  Iter 29000/50000 | Val Loss: 0.1625 | Val Acc: 97.84% | Best at iter 5600
  Iter 30000/50000 | Val Loss: 0.1508 | Val Acc: 98.06% | Best at iter 5600
  Iter 31000/50000 | Val Loss: 0.1663 | Val Acc: 97.94% | Best at iter 5600
  Iter 32000/50000 | Val Loss: 0.2161 | Val Acc: 97.52% | Best at iter 5600
  Iter 33000/50000 | Val Loss: 0.2253 | Val Acc: 97.48% | Best at iter 5600
  Iter 34000/50000 | Val Loss: 0.1648 | Val Acc: 97.92% | Best at iter 5600
  Iter 35000/50000 | Val Loss: 0.2058 | Val Acc: 97.72% | Best at iter 5600
  Iter 36000/50000 | Val Loss: 0.2131 | Val Acc: 97.30% | Best at iter 5600
  Iter 37000/50000 | Val Loss: 0.1804 | Val Acc: 98.02% | Best at iter 5600
  Iter 38000/50000 | Val Loss: 0.2260 | Val Acc: 97.68% | Best at iter 5600
  Iter 39000/50000 | Val Loss: 0.1926 | Val Acc: 97.90% | Best at iter 5600
  Iter 40000/50000 | Val Loss: 0.1668 | Val Acc: 98.30% | Best at iter 5600
  Iter 41000/50000 | Val Loss: 0.1957 | Val Acc: 97.74% | Best at iter 5600
  Iter 42000/50000 | Val Loss: 0.1611 | Val Acc: 98.30% | Best at iter 5600
  Iter 43000/50000 | Val Loss: 0.2104 | Val Acc: 97.94% | Best at iter 5600
  Iter 44000/50000 | Val Loss: 0.2518 | Val Acc: 97.50% | Best at iter 5600
  Iter 45000/50000 | Val Loss: 0.2054 | Val Acc: 98.00% | Best at iter 5600
  Iter 46000/50000 | Val Loss: 0.2398 | Val Acc: 98.04% | Best at iter 5600
  Iter 47000/50000 | Val Loss: 0.2478 | Val Acc: 98.06% | Best at iter 5600
  Iter 48000/50000 | Val Loss: 0.2236 | Val Acc: 98.08% | Best at iter 5600
  Iter 49000/50000 | Val Loss: 0.2733 | Val Acc: 97.88% | Best at iter 5600
  Iter 50000/50000 | Val Loss: 0.2512 | Val Acc: 98.02% | Best at iter 5600

──────────────────────────────────────────────────────────────────────
Early stop: iteration 5600
Val loss at early stop: 0.0794
Test accuracy at early stop: 97.70%
──────────────────────────────────────────────────────────────────────

======================================================================
One-Shot Reinit
Sparsity: 100.0% | Trial: 3.1/3x2
======================================================================
  Iter 1000/50000 | Val Loss: 0.1158 | Val Acc: 96.68% | Best at iter 1000
  Iter 2000/50000 | Val Loss: 0.0998 | Val Acc: 97.18% | Best at iter 1900
  Iter 3000/50000 | Val Loss: 0.1165 | Val Acc: 96.56% | Best at iter 2600
  Iter 4000/50000 | Val Loss: 0.0937 | Val Acc: 97.40% | Best at iter 2600
  Iter 5000/50000 | Val Loss: 0.0992 | Val Acc: 97.16% | Best at iter 4300
  Iter 6000/50000 | Val Loss: 0.0927 | Val Acc: 97.34% | Best at iter 4300
  Iter 7000/50000 | Val Loss: 0.0977 | Val Acc: 97.48% | Best at iter 6200
  Iter 8000/50000 | Val Loss: 0.0878 | Val Acc: 97.70% | Best at iter 7700
  Iter 9000/50000 | Val Loss: 0.1087 | Val Acc: 97.56% | Best at iter 7700
  Iter 10000/50000 | Val Loss: 0.0975 | Val Acc: 97.76% | Best at iter 7700
  Iter 11000/50000 | Val Loss: 0.1197 | Val Acc: 97.40% | Best at iter 7700
  Iter 12000/50000 | Val Loss: 0.1059 | Val Acc: 97.70% | Best at iter 7700
  Iter 13000/50000 | Val Loss: 0.0982 | Val Acc: 98.04% | Best at iter 7700
  Iter 14000/50000 | Val Loss: 0.1149 | Val Acc: 97.64% | Best at iter 7700
  Iter 15000/50000 | Val Loss: 0.1174 | Val Acc: 97.96% | Best at iter 7700
  Iter 16000/50000 | Val Loss: 0.1265 | Val Acc: 97.72% | Best at iter 7700
  Iter 17000/50000 | Val Loss: 0.1282 | Val Acc: 97.80% | Best at iter 7700
  Iter 18000/50000 | Val Loss: 0.1110 | Val Acc: 98.06% | Best at iter 7700
  Iter 19000/50000 | Val Loss: 0.1359 | Val Acc: 97.94% | Best at iter 7700
  Iter 20000/50000 | Val Loss: 0.1224 | Val Acc: 97.94% | Best at iter 7700
  Iter 21000/50000 | Val Loss: 0.1380 | Val Acc: 97.90% | Best at iter 7700
  Iter 22000/50000 | Val Loss: 0.1445 | Val Acc: 97.74% | Best at iter 7700
  Iter 23000/50000 | Val Loss: 0.1596 | Val Acc: 97.68% | Best at iter 7700
  Iter 24000/50000 | Val Loss: 0.1680 | Val Acc: 97.80% | Best at iter 7700
  Iter 25000/50000 | Val Loss: 0.1626 | Val Acc: 97.90% | Best at iter 7700
  Iter 26000/50000 | Val Loss: 0.1627 | Val Acc: 97.70% | Best at iter 7700
  Iter 27000/50000 | Val Loss: 0.1670 | Val Acc: 98.04% | Best at iter 7700
  Iter 28000/50000 | Val Loss: 0.1427 | Val Acc: 97.98% | Best at iter 7700
  Iter 29000/50000 | Val Loss: 0.1461 | Val Acc: 98.04% | Best at iter 7700
  Iter 30000/50000 | Val Loss: 0.1565 | Val Acc: 97.82% | Best at iter 7700
  Iter 31000/50000 | Val Loss: 0.1561 | Val Acc: 98.18% | Best at iter 7700
  Iter 32000/50000 | Val Loss: 0.2004 | Val Acc: 97.32% | Best at iter 7700
  Iter 33000/50000 | Val Loss: 0.1759 | Val Acc: 97.72% | Best at iter 7700
  Iter 34000/50000 | Val Loss: 0.1792 | Val Acc: 97.94% | Best at iter 7700
  Iter 35000/50000 | Val Loss: 0.1755 | Val Acc: 97.92% | Best at iter 7700
  Iter 36000/50000 | Val Loss: 0.1869 | Val Acc: 97.86% | Best at iter 7700
  Iter 37000/50000 | Val Loss: 0.2118 | Val Acc: 97.70% | Best at iter 7700
  Iter 38000/50000 | Val Loss: 0.2360 | Val Acc: 97.56% | Best at iter 7700
  Iter 39000/50000 | Val Loss: 0.2333 | Val Acc: 97.44% | Best at iter 7700
  Iter 40000/50000 | Val Loss: 0.2429 | Val Acc: 97.48% | Best at iter 7700
  Iter 41000/50000 | Val Loss: 0.2410 | Val Acc: 97.64% | Best at iter 7700
  Iter 42000/50000 | Val Loss: 0.2010 | Val Acc: 98.02% | Best at iter 7700
  Iter 43000/50000 | Val Loss: 0.2283 | Val Acc: 97.44% | Best at iter 7700
  Iter 44000/50000 | Val Loss: 0.1683 | Val Acc: 97.76% | Best at iter 7700
  Iter 45000/50000 | Val Loss: 0.2465 | Val Acc: 97.54% | Best at iter 7700
  Iter 46000/50000 | Val Loss: 0.2037 | Val Acc: 97.84% | Best at iter 7700
  Iter 47000/50000 | Val Loss: 0.2109 | Val Acc: 98.04% | Best at iter 7700
  Iter 48000/50000 | Val Loss: 0.2332 | Val Acc: 97.64% | Best at iter 7700
  Iter 49000/50000 | Val Loss: 0.2089 | Val Acc: 97.92% | Best at iter 7700
  Iter 50000/50000 | Val Loss: 0.2590 | Val Acc: 97.64% | Best at iter 7700

──────────────────────────────────────────────────────────────────────
Early stop: iteration 7700
Val loss at early stop: 0.0835
Test accuracy at early stop: 97.72%
──────────────────────────────────────────────────────────────────────

======================================================================
One-Shot Reinit
Sparsity: 100.0% | Trial: 3.2/3x2
======================================================================
  Iter 1000/50000 | Val Loss: 0.1206 | Val Acc: 96.34% | Best at iter 800
  Iter 2000/50000 | Val Loss: 0.0935 | Val Acc: 97.06% | Best at iter 1900
  Iter 3000/50000 | Val Loss: 0.1020 | Val Acc: 96.86% | Best at iter 2900
  Iter 4000/50000 | Val Loss: 0.1057 | Val Acc: 97.14% | Best at iter 2900
  Iter 5000/50000 | Val Loss: 0.1105 | Val Acc: 97.04% | Best at iter 2900
  Iter 6000/50000 | Val Loss: 0.0958 | Val Acc: 97.34% | Best at iter 2900
  Iter 7000/50000 | Val Loss: 0.1261 | Val Acc: 97.20% | Best at iter 2900
  Iter 8000/50000 | Val Loss: 0.1265 | Val Acc: 97.34% | Best at iter 2900
  Iter 9000/50000 | Val Loss: 0.1300 | Val Acc: 97.22% | Best at iter 2900
  Iter 10000/50000 | Val Loss: 0.1170 | Val Acc: 97.52% | Best at iter 2900
  Iter 11000/50000 | Val Loss: 0.1086 | Val Acc: 97.54% | Best at iter 2900
  Iter 12000/50000 | Val Loss: 0.1097 | Val Acc: 97.64% | Best at iter 2900
  Iter 13000/50000 | Val Loss: 0.1062 | Val Acc: 97.88% | Best at iter 2900
  Iter 14000/50000 | Val Loss: 0.1068 | Val Acc: 97.78% | Best at iter 2900
  Iter 15000/50000 | Val Loss: 0.1294 | Val Acc: 97.24% | Best at iter 2900
  Iter 16000/50000 | Val Loss: 0.1435 | Val Acc: 97.70% | Best at iter 2900
  Iter 17000/50000 | Val Loss: 0.1300 | Val Acc: 97.78% | Best at iter 2900
  Iter 18000/50000 | Val Loss: 0.1621 | Val Acc: 97.50% | Best at iter 2900
  Iter 19000/50000 | Val Loss: 0.1451 | Val Acc: 97.74% | Best at iter 2900
  Iter 20000/50000 | Val Loss: 0.1497 | Val Acc: 97.46% | Best at iter 2900
  Iter 21000/50000 | Val Loss: 0.1657 | Val Acc: 97.46% | Best at iter 2900
  Iter 22000/50000 | Val Loss: 0.1500 | Val Acc: 97.78% | Best at iter 2900
  Iter 23000/50000 | Val Loss: 0.1504 | Val Acc: 98.10% | Best at iter 2900
  Iter 24000/50000 | Val Loss: 0.1579 | Val Acc: 97.76% | Best at iter 2900
  Iter 25000/50000 | Val Loss: 0.1619 | Val Acc: 97.98% | Best at iter 2900
  Iter 26000/50000 | Val Loss: 0.1400 | Val Acc: 97.98% | Best at iter 2900
  Iter 27000/50000 | Val Loss: 0.1538 | Val Acc: 97.90% | Best at iter 2900
  Iter 28000/50000 | Val Loss: 0.1481 | Val Acc: 97.92% | Best at iter 2900
  Iter 29000/50000 | Val Loss: 0.1637 | Val Acc: 97.68% | Best at iter 2900
  Iter 30000/50000 | Val Loss: 0.1537 | Val Acc: 97.92% | Best at iter 2900
  Iter 31000/50000 | Val Loss: 0.1781 | Val Acc: 97.74% | Best at iter 2900
  Iter 32000/50000 | Val Loss: 0.1700 | Val Acc: 97.92% | Best at iter 2900
  Iter 33000/50000 | Val Loss: 0.2012 | Val Acc: 97.78% | Best at iter 2900
  Iter 34000/50000 | Val Loss: 0.1722 | Val Acc: 97.70% | Best at iter 2900
  Iter 35000/50000 | Val Loss: 0.1683 | Val Acc: 97.76% | Best at iter 2900
  Iter 36000/50000 | Val Loss: 0.2028 | Val Acc: 97.62% | Best at iter 2900
  Iter 37000/50000 | Val Loss: 0.1667 | Val Acc: 97.86% | Best at iter 2900
  Iter 38000/50000 | Val Loss: 0.1864 | Val Acc: 97.52% | Best at iter 2900
  Iter 39000/50000 | Val Loss: 0.2132 | Val Acc: 97.66% | Best at iter 2900
  Iter 40000/50000 | Val Loss: 0.1993 | Val Acc: 97.82% | Best at iter 2900
  Iter 41000/50000 | Val Loss: 0.2193 | Val Acc: 97.68% | Best at iter 2900
  Iter 42000/50000 | Val Loss: 0.2461 | Val Acc: 97.42% | Best at iter 2900
  Iter 43000/50000 | Val Loss: 0.2158 | Val Acc: 97.76% | Best at iter 2900
  Iter 44000/50000 | Val Loss: 0.2129 | Val Acc: 97.90% | Best at iter 2900
  Iter 45000/50000 | Val Loss: 0.2394 | Val Acc: 97.58% | Best at iter 2900
  Iter 46000/50000 | Val Loss: 0.2539 | Val Acc: 97.80% | Best at iter 2900
  Iter 47000/50000 | Val Loss: 0.2864 | Val Acc: 97.10% | Best at iter 2900
  Iter 48000/50000 | Val Loss: 0.2229 | Val Acc: 98.00% | Best at iter 2900
  Iter 49000/50000 | Val Loss: 0.2233 | Val Acc: 97.88% | Best at iter 2900
  Iter 50000/50000 | Val Loss: 0.2245 | Val Acc: 98.02% | Best at iter 2900

──────────────────────────────────────────────────────────────────────
Early stop: iteration 2900
Val loss at early stop: 0.0810
Test accuracy at early stop: 97.58%
──────────────────────────────────────────────────────────────────────

======================================================================
One-Shot Reinit
Sparsity: 75.0% | Trial: 1.1/3x2
======================================================================
  Iter 1000/50000 | Val Loss: 0.1288 | Val Acc: 95.94% | Best at iter 900
  Iter 2000/50000 | Val Loss: 0.1138 | Val Acc: 96.60% | Best at iter 1900
  Iter 3000/50000 | Val Loss: 0.0818 | Val Acc: 97.60% | Best at iter 3000
  Iter 4000/50000 | Val Loss: 0.0863 | Val Acc: 97.36% | Best at iter 3600
  Iter 5000/50000 | Val Loss: 0.0887 | Val Acc: 97.72% | Best at iter 3600
  Iter 6000/50000 | Val Loss: 0.0770 | Val Acc: 97.84% | Best at iter 6000
  Iter 7000/50000 | Val Loss: 0.1018 | Val Acc: 97.78% | Best at iter 6000
  Iter 8000/50000 | Val Loss: 0.1069 | Val Acc: 97.58% | Best at iter 6000
  Iter 9000/50000 | Val Loss: 0.1066 | Val Acc: 97.82% | Best at iter 6000
  Iter 10000/50000 | Val Loss: 0.1164 | Val Acc: 97.46% | Best at iter 6000
  Iter 11000/50000 | Val Loss: 0.1008 | Val Acc: 98.10% | Best at iter 6000
  Iter 12000/50000 | Val Loss: 0.1236 | Val Acc: 97.92% | Best at iter 6000
  Iter 13000/50000 | Val Loss: 0.1213 | Val Acc: 97.62% | Best at iter 6000
  Iter 14000/50000 | Val Loss: 0.1074 | Val Acc: 97.82% | Best at iter 6000
  Iter 15000/50000 | Val Loss: 0.1192 | Val Acc: 98.08% | Best at iter 6000
  Iter 16000/50000 | Val Loss: 0.1457 | Val Acc: 97.76% | Best at iter 6000
  Iter 17000/50000 | Val Loss: 0.1095 | Val Acc: 97.92% | Best at iter 6000
  Iter 18000/50000 | Val Loss: 0.1291 | Val Acc: 97.98% | Best at iter 6000
  Iter 19000/50000 | Val Loss: 0.1281 | Val Acc: 97.88% | Best at iter 6000
  Iter 20000/50000 | Val Loss: 0.1155 | Val Acc: 97.98% | Best at iter 6000
  Iter 21000/50000 | Val Loss: 0.1280 | Val Acc: 98.00% | Best at iter 6000
  Iter 22000/50000 | Val Loss: 0.1093 | Val Acc: 98.08% | Best at iter 6000
  Iter 23000/50000 | Val Loss: 0.1139 | Val Acc: 98.14% | Best at iter 6000
  Iter 24000/50000 | Val Loss: 0.1226 | Val Acc: 97.98% | Best at iter 6000
  Iter 25000/50000 | Val Loss: 0.1346 | Val Acc: 97.78% | Best at iter 6000
  Iter 26000/50000 | Val Loss: 0.1468 | Val Acc: 97.76% | Best at iter 6000
  Iter 27000/50000 | Val Loss: 0.1607 | Val Acc: 97.86% | Best at iter 6000
  Iter 28000/50000 | Val Loss: 0.1416 | Val Acc: 97.96% | Best at iter 6000
  Iter 29000/50000 | Val Loss: 0.1357 | Val Acc: 97.98% | Best at iter 6000
  Iter 30000/50000 | Val Loss: 0.1711 | Val Acc: 97.68% | Best at iter 6000
  Iter 31000/50000 | Val Loss: 0.1422 | Val Acc: 98.22% | Best at iter 6000
  Iter 32000/50000 | Val Loss: 0.1667 | Val Acc: 98.04% | Best at iter 6000
  Iter 33000/50000 | Val Loss: 0.1798 | Val Acc: 97.90% | Best at iter 6000
  Iter 34000/50000 | Val Loss: 0.2019 | Val Acc: 97.62% | Best at iter 6000
  Iter 35000/50000 | Val Loss: 0.1730 | Val Acc: 97.92% | Best at iter 6000
  Iter 36000/50000 | Val Loss: 0.1758 | Val Acc: 98.00% | Best at iter 6000
  Iter 37000/50000 | Val Loss: 0.1826 | Val Acc: 98.06% | Best at iter 6000
  Iter 38000/50000 | Val Loss: 0.2102 | Val Acc: 97.70% | Best at iter 6000
  Iter 39000/50000 | Val Loss: 0.1920 | Val Acc: 97.82% | Best at iter 6000
  Iter 40000/50000 | Val Loss: 0.1797 | Val Acc: 98.20% | Best at iter 6000
  Iter 41000/50000 | Val Loss: 0.2135 | Val Acc: 97.72% | Best at iter 6000
  Iter 42000/50000 | Val Loss: 0.1790 | Val Acc: 97.98% | Best at iter 6000
  Iter 43000/50000 | Val Loss: 0.2362 | Val Acc: 97.70% | Best at iter 6000
  Iter 44000/50000 | Val Loss: 0.2181 | Val Acc: 97.86% | Best at iter 6000
  Iter 45000/50000 | Val Loss: 0.1940 | Val Acc: 98.08% | Best at iter 6000
  Iter 46000/50000 | Val Loss: 0.2258 | Val Acc: 97.76% | Best at iter 6000
  Iter 47000/50000 | Val Loss: 0.2355 | Val Acc: 97.78% | Best at iter 6000
  Iter 48000/50000 | Val Loss: 0.2471 | Val Acc: 97.80% | Best at iter 6000
  Iter 49000/50000 | Val Loss: 0.2465 | Val Acc: 97.84% | Best at iter 6000
  Iter 50000/50000 | Val Loss: 0.2494 | Val Acc: 98.06% | Best at iter 6000

──────────────────────────────────────────────────────────────────────
Early stop: iteration 6000
Val loss at early stop: 0.0770
Test accuracy at early stop: 97.84%
──────────────────────────────────────────────────────────────────────

======================================================================
One-Shot Reinit
Sparsity: 75.0% | Trial: 1.2/3x2
======================================================================
  Iter 1000/50000 | Val Loss: 0.1117 | Val Acc: 96.52% | Best at iter 1000
  Iter 2000/50000 | Val Loss: 0.0841 | Val Acc: 97.38% | Best at iter 2000
  Iter 3000/50000 | Val Loss: 0.1017 | Val Acc: 96.96% | Best at iter 2900
  Iter 4000/50000 | Val Loss: 0.0804 | Val Acc: 97.72% | Best at iter 2900
  Iter 5000/50000 | Val Loss: 0.0985 | Val Acc: 97.44% | Best at iter 4900
  Iter 6000/50000 | Val Loss: 0.0870 | Val Acc: 97.52% | Best at iter 5500
  Iter 7000/50000 | Val Loss: 0.0895 | Val Acc: 97.76% | Best at iter 5500
  Iter 8000/50000 | Val Loss: 0.1138 | Val Acc: 97.60% | Best at iter 5500
  Iter 9000/50000 | Val Loss: 0.1107 | Val Acc: 97.60% | Best at iter 5500
  Iter 10000/50000 | Val Loss: 0.1138 | Val Acc: 97.44% | Best at iter 5500
  Iter 11000/50000 | Val Loss: 0.1020 | Val Acc: 97.64% | Best at iter 5500
  Iter 12000/50000 | Val Loss: 0.1224 | Val Acc: 97.60% | Best at iter 5500
  Iter 13000/50000 | Val Loss: 0.1159 | Val Acc: 97.38% | Best at iter 5500
  Iter 14000/50000 | Val Loss: 0.1205 | Val Acc: 97.62% | Best at iter 5500
  Iter 15000/50000 | Val Loss: 0.1344 | Val Acc: 97.62% | Best at iter 5500
  Iter 16000/50000 | Val Loss: 0.1113 | Val Acc: 97.96% | Best at iter 5500
  Iter 17000/50000 | Val Loss: 0.1255 | Val Acc: 97.66% | Best at iter 5500
  Iter 18000/50000 | Val Loss: 0.1177 | Val Acc: 97.98% | Best at iter 5500
  Iter 19000/50000 | Val Loss: 0.1338 | Val Acc: 97.92% | Best at iter 5500
  Iter 20000/50000 | Val Loss: 0.1572 | Val Acc: 97.54% | Best at iter 5500
  Iter 21000/50000 | Val Loss: 0.1344 | Val Acc: 97.96% | Best at iter 5500
  Iter 22000/50000 | Val Loss: 0.1407 | Val Acc: 97.72% | Best at iter 5500
  Iter 23000/50000 | Val Loss: 0.1643 | Val Acc: 97.58% | Best at iter 5500
  Iter 24000/50000 | Val Loss: 0.1531 | Val Acc: 97.90% | Best at iter 5500
  Iter 25000/50000 | Val Loss: 0.1255 | Val Acc: 98.10% | Best at iter 5500
  Iter 26000/50000 | Val Loss: 0.1501 | Val Acc: 97.94% | Best at iter 5500
  Iter 27000/50000 | Val Loss: 0.1385 | Val Acc: 97.96% | Best at iter 5500
  Iter 28000/50000 | Val Loss: 0.1841 | Val Acc: 97.68% | Best at iter 5500
  Iter 29000/50000 | Val Loss: 0.1696 | Val Acc: 97.84% | Best at iter 5500
  Iter 30000/50000 | Val Loss: 0.1991 | Val Acc: 97.56% | Best at iter 5500
  Iter 31000/50000 | Val Loss: 0.1997 | Val Acc: 97.42% | Best at iter 5500
  Iter 32000/50000 | Val Loss: 0.1978 | Val Acc: 97.76% | Best at iter 5500
  Iter 33000/50000 | Val Loss: 0.2127 | Val Acc: 97.50% | Best at iter 5500
  Iter 34000/50000 | Val Loss: 0.1600 | Val Acc: 98.06% | Best at iter 5500
  Iter 35000/50000 | Val Loss: 0.1578 | Val Acc: 98.04% | Best at iter 5500
  Iter 36000/50000 | Val Loss: 0.1800 | Val Acc: 97.90% | Best at iter 5500
  Iter 37000/50000 | Val Loss: 0.2060 | Val Acc: 97.80% | Best at iter 5500
  Iter 38000/50000 | Val Loss: 0.1812 | Val Acc: 97.90% | Best at iter 5500
  Iter 39000/50000 | Val Loss: 0.1685 | Val Acc: 98.08% | Best at iter 5500
  Iter 40000/50000 | Val Loss: 0.2131 | Val Acc: 97.76% | Best at iter 5500
  Iter 41000/50000 | Val Loss: 0.2156 | Val Acc: 97.80% | Best at iter 5500
  Iter 42000/50000 | Val Loss: 0.1978 | Val Acc: 97.96% | Best at iter 5500
  Iter 43000/50000 | Val Loss: 0.1864 | Val Acc: 98.06% | Best at iter 5500
  Iter 44000/50000 | Val Loss: 0.2038 | Val Acc: 98.28% | Best at iter 5500
  Iter 45000/50000 | Val Loss: 0.1930 | Val Acc: 98.12% | Best at iter 5500
  Iter 46000/50000 | Val Loss: 0.2093 | Val Acc: 97.98% | Best at iter 5500
  Iter 47000/50000 | Val Loss: 0.2141 | Val Acc: 98.26% | Best at iter 5500
  Iter 48000/50000 | Val Loss: 0.2484 | Val Acc: 97.86% | Best at iter 5500
  Iter 49000/50000 | Val Loss: 0.2453 | Val Acc: 98.02% | Best at iter 5500
  Iter 50000/50000 | Val Loss: 0.2735 | Val Acc: 97.88% | Best at iter 5500

──────────────────────────────────────────────────────────────────────
Early stop: iteration 5500
Val loss at early stop: 0.0752
Test accuracy at early stop: 98.04%
──────────────────────────────────────────────────────────────────────

======================================================================
One-Shot Reinit
Sparsity: 75.0% | Trial: 2.1/3x2
======================================================================
  Iter 1000/50000 | Val Loss: 0.1228 | Val Acc: 96.10% | Best at iter 1000
  Iter 2000/50000 | Val Loss: 0.1032 | Val Acc: 97.08% | Best at iter 1800
  Iter 3000/50000 | Val Loss: 0.0866 | Val Acc: 97.58% | Best at iter 2700
  Iter 4000/50000 | Val Loss: 0.1001 | Val Acc: 97.24% | Best at iter 2700
  Iter 5000/50000 | Val Loss: 0.0954 | Val Acc: 97.30% | Best at iter 2700
  Iter 6000/50000 | Val Loss: 0.1112 | Val Acc: 97.28% | Best at iter 2700
  Iter 7000/50000 | Val Loss: 0.0919 | Val Acc: 97.60% | Best at iter 2700
  Iter 8000/50000 | Val Loss: 0.0967 | Val Acc: 97.58% | Best at iter 7200
  Iter 9000/50000 | Val Loss: 0.0974 | Val Acc: 97.88% | Best at iter 7200
  Iter 10000/50000 | Val Loss: 0.1120 | Val Acc: 97.70% | Best at iter 7200
  Iter 11000/50000 | Val Loss: 0.1225 | Val Acc: 97.68% | Best at iter 7200
  Iter 12000/50000 | Val Loss: 0.1185 | Val Acc: 97.72% | Best at iter 7200
  Iter 13000/50000 | Val Loss: 0.1188 | Val Acc: 97.60% | Best at iter 7200
  Iter 14000/50000 | Val Loss: 0.1228 | Val Acc: 97.80% | Best at iter 7200
  Iter 15000/50000 | Val Loss: 0.1043 | Val Acc: 97.82% | Best at iter 7200
  Iter 16000/50000 | Val Loss: 0.1419 | Val Acc: 97.72% | Best at iter 7200
  Iter 17000/50000 | Val Loss: 0.1126 | Val Acc: 98.02% | Best at iter 7200
  Iter 18000/50000 | Val Loss: 0.1503 | Val Acc: 97.52% | Best at iter 7200
  Iter 19000/50000 | Val Loss: 0.1354 | Val Acc: 97.92% | Best at iter 7200
  Iter 20000/50000 | Val Loss: 0.1485 | Val Acc: 97.78% | Best at iter 7200
  Iter 21000/50000 | Val Loss: 0.1408 | Val Acc: 97.68% | Best at iter 7200
  Iter 22000/50000 | Val Loss: 0.1674 | Val Acc: 97.54% | Best at iter 7200
  Iter 23000/50000 | Val Loss: 0.1521 | Val Acc: 97.86% | Best at iter 7200
  Iter 24000/50000 | Val Loss: 0.1791 | Val Acc: 97.68% | Best at iter 7200
  Iter 25000/50000 | Val Loss: 0.1584 | Val Acc: 97.80% | Best at iter 7200
  Iter 26000/50000 | Val Loss: 0.1835 | Val Acc: 97.58% | Best at iter 7200
  Iter 27000/50000 | Val Loss: 0.1361 | Val Acc: 97.88% | Best at iter 7200
  Iter 28000/50000 | Val Loss: 0.1708 | Val Acc: 97.64% | Best at iter 7200
  Iter 29000/50000 | Val Loss: 0.1754 | Val Acc: 97.80% | Best at iter 7200
  Iter 30000/50000 | Val Loss: 0.1579 | Val Acc: 97.96% | Best at iter 7200
  Iter 31000/50000 | Val Loss: 0.2040 | Val Acc: 97.58% | Best at iter 7200
  Iter 32000/50000 | Val Loss: 0.1705 | Val Acc: 98.00% | Best at iter 7200
  Iter 33000/50000 | Val Loss: 0.1873 | Val Acc: 97.66% | Best at iter 7200
  Iter 34000/50000 | Val Loss: 0.2135 | Val Acc: 97.60% | Best at iter 7200
  Iter 35000/50000 | Val Loss: 0.1713 | Val Acc: 97.90% | Best at iter 7200
  Iter 36000/50000 | Val Loss: 0.2024 | Val Acc: 97.62% | Best at iter 7200
  Iter 37000/50000 | Val Loss: 0.2046 | Val Acc: 97.72% | Best at iter 7200
  Iter 38000/50000 | Val Loss: 0.1748 | Val Acc: 97.86% | Best at iter 7200
  Iter 39000/50000 | Val Loss: 0.2175 | Val Acc: 97.80% | Best at iter 7200
  Iter 40000/50000 | Val Loss: 0.2029 | Val Acc: 97.82% | Best at iter 7200
  Iter 41000/50000 | Val Loss: 0.2134 | Val Acc: 97.92% | Best at iter 7200
  Iter 42000/50000 | Val Loss: 0.2117 | Val Acc: 97.96% | Best at iter 7200
  Iter 43000/50000 | Val Loss: 0.2029 | Val Acc: 97.64% | Best at iter 7200
  Iter 44000/50000 | Val Loss: 0.2414 | Val Acc: 97.86% | Best at iter 7200
  Iter 45000/50000 | Val Loss: 0.2062 | Val Acc: 98.06% | Best at iter 7200
  Iter 46000/50000 | Val Loss: 0.2483 | Val Acc: 97.76% | Best at iter 7200
  Iter 47000/50000 | Val Loss: 0.2314 | Val Acc: 97.84% | Best at iter 7200
  Iter 48000/50000 | Val Loss: 0.2218 | Val Acc: 97.84% | Best at iter 7200
  Iter 49000/50000 | Val Loss: 0.2069 | Val Acc: 97.80% | Best at iter 7200
  Iter 50000/50000 | Val Loss: 0.2666 | Val Acc: 97.46% | Best at iter 7200

──────────────────────────────────────────────────────────────────────
Early stop: iteration 7200
Val loss at early stop: 0.0810
Test accuracy at early stop: 97.86%
──────────────────────────────────────────────────────────────────────

======================================================================
One-Shot Reinit
Sparsity: 75.0% | Trial: 2.2/3x2
======================================================================
  Iter 1000/50000 | Val Loss: 0.1193 | Val Acc: 96.18% | Best at iter 1000
  Iter 2000/50000 | Val Loss: 0.1029 | Val Acc: 96.92% | Best at iter 1900
  Iter 3000/50000 | Val Loss: 0.1018 | Val Acc: 96.94% | Best at iter 2800
  Iter 4000/50000 | Val Loss: 0.0911 | Val Acc: 97.58% | Best at iter 2800
  Iter 5000/50000 | Val Loss: 0.0950 | Val Acc: 97.40% | Best at iter 4400
  Iter 6000/50000 | Val Loss: 0.0964 | Val Acc: 97.78% | Best at iter 4400
  Iter 7000/50000 | Val Loss: 0.1193 | Val Acc: 97.14% | Best at iter 4400
  Iter 8000/50000 | Val Loss: 0.1043 | Val Acc: 97.72% | Best at iter 4400
  Iter 9000/50000 | Val Loss: 0.1183 | Val Acc: 97.10% | Best at iter 4400
  Iter 10000/50000 | Val Loss: 0.1072 | Val Acc: 97.98% | Best at iter 4400
  Iter 11000/50000 | Val Loss: 0.1448 | Val Acc: 97.08% | Best at iter 4400
  Iter 12000/50000 | Val Loss: 0.1069 | Val Acc: 97.76% | Best at iter 4400
  Iter 13000/50000 | Val Loss: 0.1234 | Val Acc: 97.70% | Best at iter 4400
  Iter 14000/50000 | Val Loss: 0.1385 | Val Acc: 97.76% | Best at iter 4400
  Iter 15000/50000 | Val Loss: 0.1317 | Val Acc: 97.44% | Best at iter 4400
  Iter 16000/50000 | Val Loss: 0.1278 | Val Acc: 97.80% | Best at iter 4400
  Iter 17000/50000 | Val Loss: 0.1407 | Val Acc: 97.92% | Best at iter 4400
  Iter 18000/50000 | Val Loss: 0.1522 | Val Acc: 97.84% | Best at iter 4400
  Iter 19000/50000 | Val Loss: 0.1248 | Val Acc: 98.02% | Best at iter 4400
  Iter 20000/50000 | Val Loss: 0.1472 | Val Acc: 97.78% | Best at iter 4400
  Iter 21000/50000 | Val Loss: 0.2001 | Val Acc: 97.42% | Best at iter 4400
  Iter 22000/50000 | Val Loss: 0.1461 | Val Acc: 97.82% | Best at iter 4400
  Iter 23000/50000 | Val Loss: 0.1445 | Val Acc: 97.90% | Best at iter 4400
  Iter 24000/50000 | Val Loss: 0.1364 | Val Acc: 98.00% | Best at iter 4400
  Iter 25000/50000 | Val Loss: 0.1193 | Val Acc: 98.28% | Best at iter 4400
  Iter 26000/50000 | Val Loss: 0.1337 | Val Acc: 97.90% | Best at iter 4400
  Iter 27000/50000 | Val Loss: 0.1253 | Val Acc: 98.18% | Best at iter 4400
  Iter 28000/50000 | Val Loss: 0.1619 | Val Acc: 97.82% | Best at iter 4400
  Iter 29000/50000 | Val Loss: 0.1457 | Val Acc: 98.04% | Best at iter 4400
  Iter 30000/50000 | Val Loss: 0.1687 | Val Acc: 97.86% | Best at iter 4400
  Iter 31000/50000 | Val Loss: 0.1772 | Val Acc: 97.80% | Best at iter 4400
  Iter 32000/50000 | Val Loss: 0.1814 | Val Acc: 97.88% | Best at iter 4400
  Iter 33000/50000 | Val Loss: 0.1601 | Val Acc: 98.06% | Best at iter 4400
  Iter 34000/50000 | Val Loss: 0.1869 | Val Acc: 97.92% | Best at iter 4400
  Iter 35000/50000 | Val Loss: 0.1613 | Val Acc: 98.14% | Best at iter 4400
  Iter 36000/50000 | Val Loss: 0.1862 | Val Acc: 97.74% | Best at iter 4400
  Iter 37000/50000 | Val Loss: 0.2124 | Val Acc: 97.72% | Best at iter 4400
  Iter 38000/50000 | Val Loss: 0.1987 | Val Acc: 98.02% | Best at iter 4400
  Iter 39000/50000 | Val Loss: 0.2055 | Val Acc: 97.70% | Best at iter 4400
  Iter 40000/50000 | Val Loss: 0.1894 | Val Acc: 97.66% | Best at iter 4400
  Iter 41000/50000 | Val Loss: 0.1757 | Val Acc: 98.14% | Best at iter 4400
  Iter 42000/50000 | Val Loss: 0.1952 | Val Acc: 97.90% | Best at iter 4400
  Iter 43000/50000 | Val Loss: 0.1761 | Val Acc: 98.08% | Best at iter 4400
  Iter 44000/50000 | Val Loss: 0.1919 | Val Acc: 98.02% | Best at iter 4400
  Iter 45000/50000 | Val Loss: 0.2069 | Val Acc: 97.68% | Best at iter 4400
  Iter 46000/50000 | Val Loss: 0.1700 | Val Acc: 98.24% | Best at iter 4400
  Iter 47000/50000 | Val Loss: 0.2023 | Val Acc: 97.90% | Best at iter 4400
  Iter 48000/50000 | Val Loss: 0.2031 | Val Acc: 97.82% | Best at iter 4400
  Iter 49000/50000 | Val Loss: 0.1851 | Val Acc: 97.90% | Best at iter 4400
  Iter 50000/50000 | Val Loss: 0.1575 | Val Acc: 98.06% | Best at iter 4400

──────────────────────────────────────────────────────────────────────
Early stop: iteration 4400
Val loss at early stop: 0.0758
Test accuracy at early stop: 97.82%
──────────────────────────────────────────────────────────────────────

======================================================================
One-Shot Reinit
Sparsity: 75.0% | Trial: 3.1/3x2
======================================================================
  Iter 1000/50000 | Val Loss: 0.1107 | Val Acc: 96.62% | Best at iter 1000
  Iter 2000/50000 | Val Loss: 0.1075 | Val Acc: 96.76% | Best at iter 1900
  Iter 3000/50000 | Val Loss: 0.0863 | Val Acc: 97.60% | Best at iter 2900
  Iter 4000/50000 | Val Loss: 0.0958 | Val Acc: 97.14% | Best at iter 3200
  Iter 5000/50000 | Val Loss: 0.1152 | Val Acc: 96.82% | Best at iter 3200
  Iter 6000/50000 | Val Loss: 0.1182 | Val Acc: 97.00% | Best at iter 3200
  Iter 7000/50000 | Val Loss: 0.1074 | Val Acc: 97.26% | Best at iter 3200
  Iter 8000/50000 | Val Loss: 0.0936 | Val Acc: 97.78% | Best at iter 3200
  Iter 9000/50000 | Val Loss: 0.1017 | Val Acc: 97.60% | Best at iter 3200
  Iter 10000/50000 | Val Loss: 0.1033 | Val Acc: 97.68% | Best at iter 3200
  Iter 11000/50000 | Val Loss: 0.1173 | Val Acc: 97.54% | Best at iter 3200
  Iter 12000/50000 | Val Loss: 0.1167 | Val Acc: 98.02% | Best at iter 3200
  Iter 13000/50000 | Val Loss: 0.1247 | Val Acc: 97.80% | Best at iter 3200
  Iter 14000/50000 | Val Loss: 0.1284 | Val Acc: 97.62% | Best at iter 3200
  Iter 15000/50000 | Val Loss: 0.1093 | Val Acc: 97.70% | Best at iter 3200
  Iter 16000/50000 | Val Loss: 0.1301 | Val Acc: 97.74% | Best at iter 3200
  Iter 17000/50000 | Val Loss: 0.1411 | Val Acc: 97.82% | Best at iter 3200
  Iter 18000/50000 | Val Loss: 0.1294 | Val Acc: 97.78% | Best at iter 3200
  Iter 19000/50000 | Val Loss: 0.1236 | Val Acc: 97.72% | Best at iter 3200
  Iter 20000/50000 | Val Loss: 0.1370 | Val Acc: 97.82% | Best at iter 3200
  Iter 21000/50000 | Val Loss: 0.1262 | Val Acc: 97.88% | Best at iter 3200
  Iter 22000/50000 | Val Loss: 0.1683 | Val Acc: 97.52% | Best at iter 3200
  Iter 23000/50000 | Val Loss: 0.1431 | Val Acc: 97.78% | Best at iter 3200
  Iter 24000/50000 | Val Loss: 0.1407 | Val Acc: 97.98% | Best at iter 3200
  Iter 25000/50000 | Val Loss: 0.1359 | Val Acc: 97.90% | Best at iter 3200
  Iter 26000/50000 | Val Loss: 0.1464 | Val Acc: 97.88% | Best at iter 3200
  Iter 27000/50000 | Val Loss: 0.1647 | Val Acc: 97.82% | Best at iter 3200
  Iter 28000/50000 | Val Loss: 0.1714 | Val Acc: 97.90% | Best at iter 3200
  Iter 29000/50000 | Val Loss: 0.1399 | Val Acc: 98.06% | Best at iter 3200
  Iter 30000/50000 | Val Loss: 0.1485 | Val Acc: 98.00% | Best at iter 3200
  Iter 31000/50000 | Val Loss: 0.1836 | Val Acc: 97.54% | Best at iter 3200
  Iter 32000/50000 | Val Loss: 0.1762 | Val Acc: 97.78% | Best at iter 3200
  Iter 33000/50000 | Val Loss: 0.1698 | Val Acc: 97.86% | Best at iter 3200
  Iter 34000/50000 | Val Loss: 0.1707 | Val Acc: 97.96% | Best at iter 3200
  Iter 35000/50000 | Val Loss: 0.1950 | Val Acc: 97.84% | Best at iter 3200
  Iter 36000/50000 | Val Loss: 0.1862 | Val Acc: 97.76% | Best at iter 3200
  Iter 37000/50000 | Val Loss: 0.1795 | Val Acc: 97.86% | Best at iter 3200
  Iter 38000/50000 | Val Loss: 0.1834 | Val Acc: 97.92% | Best at iter 3200
  Iter 39000/50000 | Val Loss: 0.2000 | Val Acc: 97.72% | Best at iter 3200
  Iter 40000/50000 | Val Loss: 0.1979 | Val Acc: 97.78% | Best at iter 3200
  Iter 41000/50000 | Val Loss: 0.1875 | Val Acc: 97.62% | Best at iter 3200
  Iter 42000/50000 | Val Loss: 0.2009 | Val Acc: 97.96% | Best at iter 3200
  Iter 43000/50000 | Val Loss: 0.2027 | Val Acc: 97.80% | Best at iter 3200
  Iter 44000/50000 | Val Loss: 0.2061 | Val Acc: 97.52% | Best at iter 3200
  Iter 45000/50000 | Val Loss: 0.1803 | Val Acc: 98.12% | Best at iter 3200
  Iter 46000/50000 | Val Loss: 0.2323 | Val Acc: 97.86% | Best at iter 3200
  Iter 47000/50000 | Val Loss: 0.2280 | Val Acc: 97.90% | Best at iter 3200
  Iter 48000/50000 | Val Loss: 0.2365 | Val Acc: 97.74% | Best at iter 3200
  Iter 49000/50000 | Val Loss: 0.2074 | Val Acc: 97.88% | Best at iter 3200
  Iter 50000/50000 | Val Loss: 0.2067 | Val Acc: 97.90% | Best at iter 3200

──────────────────────────────────────────────────────────────────────
Early stop: iteration 3200
Val loss at early stop: 0.0747
Test accuracy at early stop: 97.82%
──────────────────────────────────────────────────────────────────────

======================================================================
One-Shot Reinit
Sparsity: 75.0% | Trial: 3.2/3x2
======================================================================
  Iter 1000/50000 | Val Loss: 0.1152 | Val Acc: 96.46% | Best at iter 1000
  Iter 2000/50000 | Val Loss: 0.1102 | Val Acc: 96.80% | Best at iter 1700
  Iter 3000/50000 | Val Loss: 0.1047 | Val Acc: 97.04% | Best at iter 2400
  Iter 4000/50000 | Val Loss: 0.0959 | Val Acc: 97.66% | Best at iter 3900
  Iter 5000/50000 | Val Loss: 0.0892 | Val Acc: 97.70% | Best at iter 3900
  Iter 6000/50000 | Val Loss: 0.0825 | Val Acc: 97.78% | Best at iter 3900
  Iter 7000/50000 | Val Loss: 0.1071 | Val Acc: 97.44% | Best at iter 3900
  Iter 8000/50000 | Val Loss: 0.1339 | Val Acc: 97.22% | Best at iter 3900
  Iter 9000/50000 | Val Loss: 0.1099 | Val Acc: 97.62% | Best at iter 3900
  Iter 10000/50000 | Val Loss: 0.1258 | Val Acc: 97.34% | Best at iter 3900
  Iter 11000/50000 | Val Loss: 0.1165 | Val Acc: 97.68% | Best at iter 3900
  Iter 12000/50000 | Val Loss: 0.1211 | Val Acc: 97.72% | Best at iter 3900
  Iter 13000/50000 | Val Loss: 0.1172 | Val Acc: 97.64% | Best at iter 3900
  Iter 14000/50000 | Val Loss: 0.0962 | Val Acc: 97.98% | Best at iter 3900
  Iter 15000/50000 | Val Loss: 0.1203 | Val Acc: 98.02% | Best at iter 3900
  Iter 16000/50000 | Val Loss: 0.1311 | Val Acc: 97.70% | Best at iter 3900
  Iter 17000/50000 | Val Loss: 0.1332 | Val Acc: 97.62% | Best at iter 3900
  Iter 18000/50000 | Val Loss: 0.1606 | Val Acc: 97.46% | Best at iter 3900
  Iter 19000/50000 | Val Loss: 0.1357 | Val Acc: 97.52% | Best at iter 3900
  Iter 20000/50000 | Val Loss: 0.1351 | Val Acc: 97.82% | Best at iter 3900
  Iter 21000/50000 | Val Loss: 0.1526 | Val Acc: 97.58% | Best at iter 3900
  Iter 22000/50000 | Val Loss: 0.1694 | Val Acc: 97.86% | Best at iter 3900
  Iter 23000/50000 | Val Loss: 0.1549 | Val Acc: 97.74% | Best at iter 3900
  Iter 24000/50000 | Val Loss: 0.1493 | Val Acc: 97.70% | Best at iter 3900
  Iter 25000/50000 | Val Loss: 0.1663 | Val Acc: 98.02% | Best at iter 3900
  Iter 26000/50000 | Val Loss: 0.1534 | Val Acc: 97.92% | Best at iter 3900
  Iter 27000/50000 | Val Loss: 0.1658 | Val Acc: 97.80% | Best at iter 3900
  Iter 28000/50000 | Val Loss: 0.1465 | Val Acc: 97.90% | Best at iter 3900
  Iter 29000/50000 | Val Loss: 0.1691 | Val Acc: 97.94% | Best at iter 3900
  Iter 30000/50000 | Val Loss: 0.1499 | Val Acc: 98.02% | Best at iter 3900
  Iter 31000/50000 | Val Loss: 0.1662 | Val Acc: 97.94% | Best at iter 3900
  Iter 32000/50000 | Val Loss: 0.2030 | Val Acc: 97.72% | Best at iter 3900
  Iter 33000/50000 | Val Loss: 0.2050 | Val Acc: 97.76% | Best at iter 3900
  Iter 34000/50000 | Val Loss: 0.2057 | Val Acc: 97.68% | Best at iter 3900
  Iter 35000/50000 | Val Loss: 0.1954 | Val Acc: 97.96% | Best at iter 3900
  Iter 36000/50000 | Val Loss: 0.2327 | Val Acc: 97.72% | Best at iter 3900
  Iter 37000/50000 | Val Loss: 0.1939 | Val Acc: 98.24% | Best at iter 3900
  Iter 38000/50000 | Val Loss: 0.1996 | Val Acc: 97.92% | Best at iter 3900
  Iter 39000/50000 | Val Loss: 0.2264 | Val Acc: 97.94% | Best at iter 3900
  Iter 40000/50000 | Val Loss: 0.2152 | Val Acc: 97.80% | Best at iter 3900
  Iter 41000/50000 | Val Loss: 0.1897 | Val Acc: 98.00% | Best at iter 3900
  Iter 42000/50000 | Val Loss: 0.2310 | Val Acc: 97.72% | Best at iter 3900
  Iter 43000/50000 | Val Loss: 0.2236 | Val Acc: 97.32% | Best at iter 3900
  Iter 44000/50000 | Val Loss: 0.1937 | Val Acc: 98.18% | Best at iter 3900
  Iter 45000/50000 | Val Loss: 0.2247 | Val Acc: 97.78% | Best at iter 3900
  Iter 46000/50000 | Val Loss: 0.2238 | Val Acc: 97.94% | Best at iter 3900
  Iter 47000/50000 | Val Loss: 0.2055 | Val Acc: 98.00% | Best at iter 3900
  Iter 48000/50000 | Val Loss: 0.1857 | Val Acc: 98.20% | Best at iter 3900
  Iter 49000/50000 | Val Loss: 0.2521 | Val Acc: 97.68% | Best at iter 3900
  Iter 50000/50000 | Val Loss: 0.2383 | Val Acc: 98.00% | Best at iter 3900

──────────────────────────────────────────────────────────────────────
Early stop: iteration 3900
Val loss at early stop: 0.0755
Test accuracy at early stop: 97.68%
──────────────────────────────────────────────────────────────────────

======================================================================
One-Shot Reinit
Sparsity: 50.0% | Trial: 1.1/3x2
======================================================================
  Iter 1000/50000 | Val Loss: 0.1169 | Val Acc: 96.46% | Best at iter 1000
  Iter 2000/50000 | Val Loss: 0.0958 | Val Acc: 97.26% | Best at iter 1800
  Iter 3000/50000 | Val Loss: 0.0805 | Val Acc: 97.60% | Best at iter 2900
  Iter 4000/50000 | Val Loss: 0.0881 | Val Acc: 97.68% | Best at iter 2900
  Iter 5000/50000 | Val Loss: 0.0942 | Val Acc: 97.64% | Best at iter 2900
  Iter 6000/50000 | Val Loss: 0.0971 | Val Acc: 97.62% | Best at iter 2900
  Iter 7000/50000 | Val Loss: 0.1071 | Val Acc: 97.58% | Best at iter 6700
  Iter 8000/50000 | Val Loss: 0.0907 | Val Acc: 97.82% | Best at iter 6700
  Iter 9000/50000 | Val Loss: 0.0924 | Val Acc: 97.80% | Best at iter 6700
  Iter 10000/50000 | Val Loss: 0.1042 | Val Acc: 97.76% | Best at iter 6700
  Iter 11000/50000 | Val Loss: 0.1232 | Val Acc: 97.56% | Best at iter 6700
  Iter 12000/50000 | Val Loss: 0.1086 | Val Acc: 97.66% | Best at iter 6700
  Iter 13000/50000 | Val Loss: 0.1013 | Val Acc: 98.00% | Best at iter 6700
  Iter 14000/50000 | Val Loss: 0.1119 | Val Acc: 97.84% | Best at iter 6700
  Iter 15000/50000 | Val Loss: 0.1029 | Val Acc: 97.96% | Best at iter 6700
  Iter 16000/50000 | Val Loss: 0.1327 | Val Acc: 97.76% | Best at iter 6700
  Iter 17000/50000 | Val Loss: 0.1234 | Val Acc: 97.80% | Best at iter 6700
  Iter 18000/50000 | Val Loss: 0.1185 | Val Acc: 97.92% | Best at iter 6700
  Iter 19000/50000 | Val Loss: 0.1285 | Val Acc: 97.84% | Best at iter 6700
  Iter 20000/50000 | Val Loss: 0.1217 | Val Acc: 97.96% | Best at iter 6700
  Iter 21000/50000 | Val Loss: 0.1610 | Val Acc: 97.94% | Best at iter 6700
  Iter 22000/50000 | Val Loss: 0.1675 | Val Acc: 97.50% | Best at iter 6700
  Iter 23000/50000 | Val Loss: 0.1233 | Val Acc: 97.94% | Best at iter 6700
  Iter 24000/50000 | Val Loss: 0.1469 | Val Acc: 97.92% | Best at iter 6700
  Iter 25000/50000 | Val Loss: 0.1150 | Val Acc: 98.20% | Best at iter 6700
  Iter 26000/50000 | Val Loss: 0.1216 | Val Acc: 98.22% | Best at iter 6700
  Iter 27000/50000 | Val Loss: 0.1332 | Val Acc: 98.20% | Best at iter 6700
  Iter 28000/50000 | Val Loss: 0.1732 | Val Acc: 98.02% | Best at iter 6700
  Iter 29000/50000 | Val Loss: 0.1310 | Val Acc: 98.08% | Best at iter 6700
  Iter 30000/50000 | Val Loss: 0.1256 | Val Acc: 98.14% | Best at iter 6700
  Iter 31000/50000 | Val Loss: 0.1653 | Val Acc: 97.84% | Best at iter 6700
  Iter 32000/50000 | Val Loss: 0.1628 | Val Acc: 97.82% | Best at iter 6700
  Iter 33000/50000 | Val Loss: 0.1613 | Val Acc: 97.82% | Best at iter 6700
  Iter 34000/50000 | Val Loss: 0.1422 | Val Acc: 97.98% | Best at iter 6700
  Iter 35000/50000 | Val Loss: 0.1633 | Val Acc: 97.96% | Best at iter 6700
  Iter 36000/50000 | Val Loss: 0.1620 | Val Acc: 98.04% | Best at iter 6700
  Iter 37000/50000 | Val Loss: 0.1747 | Val Acc: 97.72% | Best at iter 6700
  Iter 38000/50000 | Val Loss: 0.1634 | Val Acc: 98.16% | Best at iter 6700
  Iter 39000/50000 | Val Loss: 0.1774 | Val Acc: 97.90% | Best at iter 6700
  Iter 40000/50000 | Val Loss: 0.1878 | Val Acc: 97.98% | Best at iter 6700
  Iter 41000/50000 | Val Loss: 0.2049 | Val Acc: 97.66% | Best at iter 6700
  Iter 42000/50000 | Val Loss: 0.1593 | Val Acc: 98.20% | Best at iter 6700
  Iter 43000/50000 | Val Loss: 0.1919 | Val Acc: 97.88% | Best at iter 6700
  Iter 44000/50000 | Val Loss: 0.2054 | Val Acc: 97.86% | Best at iter 6700
  Iter 45000/50000 | Val Loss: 0.2323 | Val Acc: 97.50% | Best at iter 6700
  Iter 46000/50000 | Val Loss: 0.1967 | Val Acc: 97.94% | Best at iter 6700
  Iter 47000/50000 | Val Loss: 0.2415 | Val Acc: 97.86% | Best at iter 6700
  Iter 48000/50000 | Val Loss: 0.2080 | Val Acc: 97.90% | Best at iter 6700
  Iter 49000/50000 | Val Loss: 0.2119 | Val Acc: 98.00% | Best at iter 6700
  Iter 50000/50000 | Val Loss: 0.2396 | Val Acc: 97.84% | Best at iter 6700

──────────────────────────────────────────────────────────────────────
Early stop: iteration 6700
Val loss at early stop: 0.0746
Test accuracy at early stop: 97.90%
──────────────────────────────────────────────────────────────────────

======================================================================
One-Shot Reinit
Sparsity: 50.0% | Trial: 1.2/3x2
======================================================================
  Iter 1000/50000 | Val Loss: 0.1242 | Val Acc: 96.30% | Best at iter 1000
  Iter 2000/50000 | Val Loss: 0.1237 | Val Acc: 96.00% | Best at iter 1700
  Iter 3000/50000 | Val Loss: 0.0951 | Val Acc: 97.26% | Best at iter 2800
  Iter 4000/50000 | Val Loss: 0.0867 | Val Acc: 97.40% | Best at iter 2800
  Iter 5000/50000 | Val Loss: 0.0842 | Val Acc: 97.46% | Best at iter 2800
  Iter 6000/50000 | Val Loss: 0.0892 | Val Acc: 97.70% | Best at iter 2800
  Iter 7000/50000 | Val Loss: 0.0945 | Val Acc: 97.70% | Best at iter 2800
  Iter 8000/50000 | Val Loss: 0.0974 | Val Acc: 97.64% | Best at iter 2800
  Iter 9000/50000 | Val Loss: 0.1135 | Val Acc: 97.42% | Best at iter 2800
  Iter 10000/50000 | Val Loss: 0.1223 | Val Acc: 97.36% | Best at iter 2800
  Iter 11000/50000 | Val Loss: 0.1045 | Val Acc: 97.56% | Best at iter 2800
  Iter 12000/50000 | Val Loss: 0.0824 | Val Acc: 98.04% | Best at iter 2800
  Iter 13000/50000 | Val Loss: 0.1232 | Val Acc: 97.86% | Best at iter 2800
  Iter 14000/50000 | Val Loss: 0.1175 | Val Acc: 97.56% | Best at iter 2800
  Iter 15000/50000 | Val Loss: 0.1212 | Val Acc: 97.58% | Best at iter 2800
  Iter 16000/50000 | Val Loss: 0.1316 | Val Acc: 97.68% | Best at iter 2800
  Iter 17000/50000 | Val Loss: 0.1484 | Val Acc: 97.66% | Best at iter 2800
  Iter 18000/50000 | Val Loss: 0.1255 | Val Acc: 97.86% | Best at iter 2800
  Iter 19000/50000 | Val Loss: 0.1213 | Val Acc: 98.00% | Best at iter 2800
  Iter 20000/50000 | Val Loss: 0.1302 | Val Acc: 97.74% | Best at iter 2800
  Iter 21000/50000 | Val Loss: 0.1558 | Val Acc: 97.68% | Best at iter 2800
  Iter 22000/50000 | Val Loss: 0.1282 | Val Acc: 97.76% | Best at iter 2800
  Iter 23000/50000 | Val Loss: 0.1286 | Val Acc: 97.78% | Best at iter 2800
  Iter 24000/50000 | Val Loss: 0.1629 | Val Acc: 97.42% | Best at iter 2800
  Iter 25000/50000 | Val Loss: 0.1448 | Val Acc: 97.94% | Best at iter 2800
  Iter 26000/50000 | Val Loss: 0.1706 | Val Acc: 98.06% | Best at iter 2800
  Iter 27000/50000 | Val Loss: 0.1252 | Val Acc: 97.98% | Best at iter 2800
  Iter 28000/50000 | Val Loss: 0.1710 | Val Acc: 97.88% | Best at iter 2800
  Iter 29000/50000 | Val Loss: 0.1776 | Val Acc: 98.02% | Best at iter 2800
  Iter 30000/50000 | Val Loss: 0.1724 | Val Acc: 97.68% | Best at iter 2800
  Iter 31000/50000 | Val Loss: 0.1555 | Val Acc: 97.98% | Best at iter 2800
  Iter 32000/50000 | Val Loss: 0.1738 | Val Acc: 97.78% | Best at iter 2800
  Iter 33000/50000 | Val Loss: 0.1798 | Val Acc: 97.94% | Best at iter 2800
  Iter 34000/50000 | Val Loss: 0.1647 | Val Acc: 97.88% | Best at iter 2800
  Iter 35000/50000 | Val Loss: 0.2117 | Val Acc: 97.68% | Best at iter 2800
  Iter 36000/50000 | Val Loss: 0.2046 | Val Acc: 97.76% | Best at iter 2800
  Iter 37000/50000 | Val Loss: 0.1871 | Val Acc: 97.82% | Best at iter 2800
  Iter 38000/50000 | Val Loss: 0.1839 | Val Acc: 98.04% | Best at iter 2800
  Iter 39000/50000 | Val Loss: 0.2057 | Val Acc: 97.86% | Best at iter 2800
  Iter 40000/50000 | Val Loss: 0.1866 | Val Acc: 97.80% | Best at iter 2800
  Iter 41000/50000 | Val Loss: 0.1792 | Val Acc: 97.90% | Best at iter 2800
  Iter 42000/50000 | Val Loss: 0.2143 | Val Acc: 97.76% | Best at iter 2800
  Iter 43000/50000 | Val Loss: 0.2021 | Val Acc: 97.98% | Best at iter 2800
  Iter 44000/50000 | Val Loss: 0.1753 | Val Acc: 98.04% | Best at iter 2800
  Iter 45000/50000 | Val Loss: 0.2003 | Val Acc: 97.70% | Best at iter 2800
  Iter 46000/50000 | Val Loss: 0.2154 | Val Acc: 97.86% | Best at iter 2800
  Iter 47000/50000 | Val Loss: 0.1903 | Val Acc: 98.14% | Best at iter 2800
  Iter 48000/50000 | Val Loss: 0.2046 | Val Acc: 97.94% | Best at iter 2800
  Iter 49000/50000 | Val Loss: 0.2179 | Val Acc: 98.04% | Best at iter 2800
  Iter 50000/50000 | Val Loss: 0.2287 | Val Acc: 97.88% | Best at iter 2800

──────────────────────────────────────────────────────────────────────
Early stop: iteration 2800
Val loss at early stop: 0.0756
Test accuracy at early stop: 97.80%
──────────────────────────────────────────────────────────────────────

======================================================================
One-Shot Reinit
Sparsity: 50.0% | Trial: 2.1/3x2
======================================================================
  Iter 1000/50000 | Val Loss: 0.1187 | Val Acc: 96.46% | Best at iter 1000
  Iter 2000/50000 | Val Loss: 0.1002 | Val Acc: 96.84% | Best at iter 1900
  Iter 3000/50000 | Val Loss: 0.0916 | Val Acc: 97.08% | Best at iter 2400
  Iter 4000/50000 | Val Loss: 0.0850 | Val Acc: 97.58% | Best at iter 3700
  Iter 5000/50000 | Val Loss: 0.0943 | Val Acc: 97.46% | Best at iter 3700
  Iter 6000/50000 | Val Loss: 0.0766 | Val Acc: 97.84% | Best at iter 5700
  Iter 7000/50000 | Val Loss: 0.0905 | Val Acc: 97.60% | Best at iter 5700
  Iter 8000/50000 | Val Loss: 0.0870 | Val Acc: 97.90% | Best at iter 5700
  Iter 9000/50000 | Val Loss: 0.0921 | Val Acc: 98.00% | Best at iter 5700
  Iter 10000/50000 | Val Loss: 0.1022 | Val Acc: 97.88% | Best at iter 5700
  Iter 11000/50000 | Val Loss: 0.1134 | Val Acc: 97.46% | Best at iter 5700
  Iter 12000/50000 | Val Loss: 0.1034 | Val Acc: 97.94% | Best at iter 5700
  Iter 13000/50000 | Val Loss: 0.1080 | Val Acc: 97.92% | Best at iter 5700
  Iter 14000/50000 | Val Loss: 0.1089 | Val Acc: 98.04% | Best at iter 5700
  Iter 15000/50000 | Val Loss: 0.1043 | Val Acc: 98.12% | Best at iter 5700
  Iter 16000/50000 | Val Loss: 0.1178 | Val Acc: 97.92% | Best at iter 5700
  Iter 17000/50000 | Val Loss: 0.1164 | Val Acc: 97.90% | Best at iter 5700
  Iter 18000/50000 | Val Loss: 0.1382 | Val Acc: 97.82% | Best at iter 5700
  Iter 19000/50000 | Val Loss: 0.1118 | Val Acc: 97.88% | Best at iter 5700
  Iter 20000/50000 | Val Loss: 0.1213 | Val Acc: 98.06% | Best at iter 5700
  Iter 21000/50000 | Val Loss: 0.1635 | Val Acc: 97.48% | Best at iter 5700
  Iter 22000/50000 | Val Loss: 0.1396 | Val Acc: 97.84% | Best at iter 5700
  Iter 23000/50000 | Val Loss: 0.1346 | Val Acc: 97.88% | Best at iter 5700
  Iter 24000/50000 | Val Loss: 0.1576 | Val Acc: 97.60% | Best at iter 5700
  Iter 25000/50000 | Val Loss: 0.1715 | Val Acc: 97.72% | Best at iter 5700
  Iter 26000/50000 | Val Loss: 0.1606 | Val Acc: 97.84% | Best at iter 5700
  Iter 27000/50000 | Val Loss: 0.1803 | Val Acc: 97.62% | Best at iter 5700
  Iter 28000/50000 | Val Loss: 0.1443 | Val Acc: 97.82% | Best at iter 5700
  Iter 29000/50000 | Val Loss: 0.1383 | Val Acc: 98.12% | Best at iter 5700
  Iter 30000/50000 | Val Loss: 0.1469 | Val Acc: 98.00% | Best at iter 5700
  Iter 31000/50000 | Val Loss: 0.1594 | Val Acc: 97.80% | Best at iter 5700
  Iter 32000/50000 | Val Loss: 0.1538 | Val Acc: 97.62% | Best at iter 5700
  Iter 33000/50000 | Val Loss: 0.1716 | Val Acc: 97.82% | Best at iter 5700
  Iter 34000/50000 | Val Loss: 0.1590 | Val Acc: 97.92% | Best at iter 5700
  Iter 35000/50000 | Val Loss: 0.1549 | Val Acc: 97.98% | Best at iter 5700
  Iter 36000/50000 | Val Loss: 0.1440 | Val Acc: 97.98% | Best at iter 5700
  Iter 37000/50000 | Val Loss: 0.1644 | Val Acc: 97.76% | Best at iter 5700
  Iter 38000/50000 | Val Loss: 0.1840 | Val Acc: 97.54% | Best at iter 5700
  Iter 39000/50000 | Val Loss: 0.1658 | Val Acc: 97.84% | Best at iter 5700
  Iter 40000/50000 | Val Loss: 0.1617 | Val Acc: 97.98% | Best at iter 5700
  Iter 41000/50000 | Val Loss: 0.1841 | Val Acc: 98.06% | Best at iter 5700
  Iter 42000/50000 | Val Loss: 0.1546 | Val Acc: 98.04% | Best at iter 5700
  Iter 43000/50000 | Val Loss: 0.1860 | Val Acc: 97.80% | Best at iter 5700
  Iter 44000/50000 | Val Loss: 0.1780 | Val Acc: 97.68% | Best at iter 5700
  Iter 45000/50000 | Val Loss: 0.1941 | Val Acc: 97.80% | Best at iter 5700
  Iter 46000/50000 | Val Loss: 0.1867 | Val Acc: 97.88% | Best at iter 5700
  Iter 47000/50000 | Val Loss: 0.1933 | Val Acc: 97.84% | Best at iter 5700
  Iter 48000/50000 | Val Loss: 0.1836 | Val Acc: 97.86% | Best at iter 5700
  Iter 49000/50000 | Val Loss: 0.1993 | Val Acc: 97.90% | Best at iter 5700
  Iter 50000/50000 | Val Loss: 0.1909 | Val Acc: 97.82% | Best at iter 5700

──────────────────────────────────────────────────────────────────────
Early stop: iteration 5700
Val loss at early stop: 0.0710
Test accuracy at early stop: 98.18%
──────────────────────────────────────────────────────────────────────

======================================================================
One-Shot Reinit
Sparsity: 50.0% | Trial: 2.2/3x2
======================================================================
  Iter 1000/50000 | Val Loss: 0.1227 | Val Acc: 96.38% | Best at iter 1000
  Iter 2000/50000 | Val Loss: 0.1110 | Val Acc: 96.84% | Best at iter 1900
  Iter 3000/50000 | Val Loss: 0.1049 | Val Acc: 97.18% | Best at iter 2500
  Iter 4000/50000 | Val Loss: 0.0993 | Val Acc: 97.32% | Best at iter 3700
  Iter 5000/50000 | Val Loss: 0.0942 | Val Acc: 97.48% | Best at iter 4700
  Iter 6000/50000 | Val Loss: 0.1112 | Val Acc: 97.50% | Best at iter 4700
  Iter 7000/50000 | Val Loss: 0.1081 | Val Acc: 97.68% | Best at iter 4700
  Iter 8000/50000 | Val Loss: 0.1123 | Val Acc: 97.52% | Best at iter 4700
  Iter 9000/50000 | Val Loss: 0.1217 | Val Acc: 97.54% | Best at iter 4700
  Iter 10000/50000 | Val Loss: 0.1201 | Val Acc: 97.38% | Best at iter 4700
  Iter 11000/50000 | Val Loss: 0.0967 | Val Acc: 97.76% | Best at iter 4700
  Iter 12000/50000 | Val Loss: 0.1058 | Val Acc: 97.92% | Best at iter 4700
  Iter 13000/50000 | Val Loss: 0.1073 | Val Acc: 97.92% | Best at iter 4700
  Iter 14000/50000 | Val Loss: 0.1161 | Val Acc: 97.92% | Best at iter 4700
  Iter 15000/50000 | Val Loss: 0.1576 | Val Acc: 97.34% | Best at iter 4700
  Iter 16000/50000 | Val Loss: 0.1504 | Val Acc: 97.52% | Best at iter 4700
  Iter 17000/50000 | Val Loss: 0.1262 | Val Acc: 97.82% | Best at iter 4700
  Iter 18000/50000 | Val Loss: 0.1255 | Val Acc: 97.64% | Best at iter 4700
  Iter 19000/50000 | Val Loss: 0.1316 | Val Acc: 97.70% | Best at iter 4700
  Iter 20000/50000 | Val Loss: 0.1348 | Val Acc: 97.72% | Best at iter 4700
  Iter 21000/50000 | Val Loss: 0.1502 | Val Acc: 97.58% | Best at iter 4700
  Iter 22000/50000 | Val Loss: 0.1194 | Val Acc: 97.88% | Best at iter 4700
  Iter 23000/50000 | Val Loss: 0.1413 | Val Acc: 97.68% | Best at iter 4700
  Iter 24000/50000 | Val Loss: 0.1384 | Val Acc: 97.72% | Best at iter 4700
  Iter 25000/50000 | Val Loss: 0.1701 | Val Acc: 97.60% | Best at iter 4700
  Iter 26000/50000 | Val Loss: 0.1597 | Val Acc: 97.76% | Best at iter 4700
  Iter 27000/50000 | Val Loss: 0.1696 | Val Acc: 97.34% | Best at iter 4700
  Iter 28000/50000 | Val Loss: 0.1664 | Val Acc: 97.66% | Best at iter 4700
  Iter 29000/50000 | Val Loss: 0.1567 | Val Acc: 97.66% | Best at iter 4700
  Iter 30000/50000 | Val Loss: 0.1829 | Val Acc: 97.46% | Best at iter 4700
  Iter 31000/50000 | Val Loss: 0.1514 | Val Acc: 97.84% | Best at iter 4700
  Iter 32000/50000 | Val Loss: 0.1745 | Val Acc: 97.66% | Best at iter 4700
  Iter 33000/50000 | Val Loss: 0.1812 | Val Acc: 97.64% | Best at iter 4700
  Iter 34000/50000 | Val Loss: 0.1481 | Val Acc: 97.68% | Best at iter 4700
  Iter 35000/50000 | Val Loss: 0.1566 | Val Acc: 97.84% | Best at iter 4700
  Iter 36000/50000 | Val Loss: 0.1965 | Val Acc: 97.74% | Best at iter 4700
  Iter 37000/50000 | Val Loss: 0.1709 | Val Acc: 97.92% | Best at iter 4700
  Iter 38000/50000 | Val Loss: 0.1979 | Val Acc: 97.66% | Best at iter 4700
  Iter 39000/50000 | Val Loss: 0.1690 | Val Acc: 97.90% | Best at iter 4700
  Iter 40000/50000 | Val Loss: 0.1874 | Val Acc: 97.80% | Best at iter 4700
  Iter 41000/50000 | Val Loss: 0.2035 | Val Acc: 97.90% | Best at iter 4700
  Iter 42000/50000 | Val Loss: 0.2074 | Val Acc: 97.88% | Best at iter 4700
  Iter 43000/50000 | Val Loss: 0.1649 | Val Acc: 97.76% | Best at iter 4700
  Iter 44000/50000 | Val Loss: 0.2137 | Val Acc: 97.78% | Best at iter 4700
  Iter 45000/50000 | Val Loss: 0.1690 | Val Acc: 97.80% | Best at iter 4700
  Iter 46000/50000 | Val Loss: 0.2039 | Val Acc: 98.02% | Best at iter 4700
  Iter 47000/50000 | Val Loss: 0.2299 | Val Acc: 97.66% | Best at iter 4700
  Iter 48000/50000 | Val Loss: 0.1733 | Val Acc: 97.96% | Best at iter 4700
  Iter 49000/50000 | Val Loss: 0.1990 | Val Acc: 97.96% | Best at iter 4700
  Iter 50000/50000 | Val Loss: 0.1855 | Val Acc: 98.12% | Best at iter 4700

──────────────────────────────────────────────────────────────────────
Early stop: iteration 4700
Val loss at early stop: 0.0811
Test accuracy at early stop: 97.66%
──────────────────────────────────────────────────────────────────────

======================================================================
One-Shot Reinit
Sparsity: 50.0% | Trial: 3.1/3x2
======================================================================
  Iter 1000/50000 | Val Loss: 0.1241 | Val Acc: 96.54% | Best at iter 1000
  Iter 2000/50000 | Val Loss: 0.0937 | Val Acc: 97.02% | Best at iter 2000
  Iter 3000/50000 | Val Loss: 0.0975 | Val Acc: 96.80% | Best at iter 2800
  Iter 4000/50000 | Val Loss: 0.0953 | Val Acc: 97.40% | Best at iter 2800
  Iter 5000/50000 | Val Loss: 0.0921 | Val Acc: 97.54% | Best at iter 4700
  Iter 6000/50000 | Val Loss: 0.0919 | Val Acc: 97.86% | Best at iter 4700
  Iter 7000/50000 | Val Loss: 0.0984 | Val Acc: 97.72% | Best at iter 4700
  Iter 8000/50000 | Val Loss: 0.1027 | Val Acc: 97.66% | Best at iter 4700
  Iter 9000/50000 | Val Loss: 0.1117 | Val Acc: 97.44% | Best at iter 4700
  Iter 10000/50000 | Val Loss: 0.1274 | Val Acc: 97.56% | Best at iter 4700
  Iter 11000/50000 | Val Loss: 0.1038 | Val Acc: 97.70% | Best at iter 4700
  Iter 12000/50000 | Val Loss: 0.0998 | Val Acc: 98.02% | Best at iter 4700
  Iter 13000/50000 | Val Loss: 0.1333 | Val Acc: 97.76% | Best at iter 4700
  Iter 14000/50000 | Val Loss: 0.1089 | Val Acc: 97.86% | Best at iter 4700
  Iter 15000/50000 | Val Loss: 0.1281 | Val Acc: 97.62% | Best at iter 4700
  Iter 16000/50000 | Val Loss: 0.1226 | Val Acc: 97.84% | Best at iter 4700
  Iter 17000/50000 | Val Loss: 0.1362 | Val Acc: 97.94% | Best at iter 4700
  Iter 18000/50000 | Val Loss: 0.1315 | Val Acc: 97.70% | Best at iter 4700
  Iter 19000/50000 | Val Loss: 0.1395 | Val Acc: 97.88% | Best at iter 4700
  Iter 20000/50000 | Val Loss: 0.1455 | Val Acc: 97.70% | Best at iter 4700
  Iter 21000/50000 | Val Loss: 0.1228 | Val Acc: 97.82% | Best at iter 4700
  Iter 22000/50000 | Val Loss: 0.1272 | Val Acc: 98.14% | Best at iter 4700
  Iter 23000/50000 | Val Loss: 0.1444 | Val Acc: 97.84% | Best at iter 4700
  Iter 24000/50000 | Val Loss: 0.1606 | Val Acc: 97.92% | Best at iter 4700
  Iter 25000/50000 | Val Loss: 0.1459 | Val Acc: 97.88% | Best at iter 4700
  Iter 26000/50000 | Val Loss: 0.1702 | Val Acc: 97.68% | Best at iter 4700
  Iter 27000/50000 | Val Loss: 0.1405 | Val Acc: 98.10% | Best at iter 4700
  Iter 28000/50000 | Val Loss: 0.1545 | Val Acc: 97.96% | Best at iter 4700
  Iter 29000/50000 | Val Loss: 0.1633 | Val Acc: 98.02% | Best at iter 4700
  Iter 30000/50000 | Val Loss: 0.1726 | Val Acc: 97.74% | Best at iter 4700
  Iter 31000/50000 | Val Loss: 0.1826 | Val Acc: 97.94% | Best at iter 4700
  Iter 32000/50000 | Val Loss: 0.1819 | Val Acc: 97.74% | Best at iter 4700
  Iter 33000/50000 | Val Loss: 0.2236 | Val Acc: 97.62% | Best at iter 4700
  Iter 34000/50000 | Val Loss: 0.1533 | Val Acc: 98.06% | Best at iter 4700
  Iter 35000/50000 | Val Loss: 0.1620 | Val Acc: 97.98% | Best at iter 4700
  Iter 36000/50000 | Val Loss: 0.1926 | Val Acc: 97.84% | Best at iter 4700
  Iter 37000/50000 | Val Loss: 0.2234 | Val Acc: 97.70% | Best at iter 4700
  Iter 38000/50000 | Val Loss: 0.1771 | Val Acc: 98.12% | Best at iter 4700
  Iter 39000/50000 | Val Loss: 0.2472 | Val Acc: 97.54% | Best at iter 4700
  Iter 40000/50000 | Val Loss: 0.1966 | Val Acc: 97.80% | Best at iter 4700
  Iter 41000/50000 | Val Loss: 0.2315 | Val Acc: 97.70% | Best at iter 4700
  Iter 42000/50000 | Val Loss: 0.2155 | Val Acc: 97.74% | Best at iter 4700
  Iter 43000/50000 | Val Loss: 0.1988 | Val Acc: 97.94% | Best at iter 4700
  Iter 44000/50000 | Val Loss: 0.2230 | Val Acc: 97.62% | Best at iter 4700
  Iter 45000/50000 | Val Loss: 0.2110 | Val Acc: 97.90% | Best at iter 4700
  Iter 46000/50000 | Val Loss: 0.2055 | Val Acc: 97.98% | Best at iter 4700
  Iter 47000/50000 | Val Loss: 0.2141 | Val Acc: 97.78% | Best at iter 4700
  Iter 48000/50000 | Val Loss: 0.2032 | Val Acc: 98.08% | Best at iter 4700
  Iter 49000/50000 | Val Loss: 0.2325 | Val Acc: 98.10% | Best at iter 4700
  Iter 50000/50000 | Val Loss: 0.2027 | Val Acc: 98.16% | Best at iter 4700

──────────────────────────────────────────────────────────────────────
Early stop: iteration 4700
Val loss at early stop: 0.0767
Test accuracy at early stop: 97.88%
──────────────────────────────────────────────────────────────────────

======================================================================
One-Shot Reinit
Sparsity: 50.0% | Trial: 3.2/3x2
======================================================================
  Iter 1000/50000 | Val Loss: 0.1130 | Val Acc: 96.60% | Best at iter 1000
  Iter 2000/50000 | Val Loss: 0.0984 | Val Acc: 96.98% | Best at iter 1600
  Iter 3000/50000 | Val Loss: 0.0909 | Val Acc: 97.24% | Best at iter 2900
  Iter 4000/50000 | Val Loss: 0.0900 | Val Acc: 97.40% | Best at iter 3900
  Iter 5000/50000 | Val Loss: 0.1001 | Val Acc: 97.20% | Best at iter 3900
  Iter 6000/50000 | Val Loss: 0.0854 | Val Acc: 98.00% | Best at iter 3900
  Iter 7000/50000 | Val Loss: 0.0918 | Val Acc: 97.52% | Best at iter 3900
  Iter 8000/50000 | Val Loss: 0.0867 | Val Acc: 97.78% | Best at iter 3900
  Iter 9000/50000 | Val Loss: 0.1042 | Val Acc: 97.62% | Best at iter 3900
  Iter 10000/50000 | Val Loss: 0.0979 | Val Acc: 97.84% | Best at iter 3900
  Iter 11000/50000 | Val Loss: 0.0943 | Val Acc: 98.04% | Best at iter 3900
  Iter 12000/50000 | Val Loss: 0.1243 | Val Acc: 97.62% | Best at iter 3900
  Iter 13000/50000 | Val Loss: 0.1139 | Val Acc: 97.88% | Best at iter 3900
  Iter 14000/50000 | Val Loss: 0.0946 | Val Acc: 97.84% | Best at iter 3900
  Iter 15000/50000 | Val Loss: 0.0912 | Val Acc: 98.16% | Best at iter 3900
  Iter 16000/50000 | Val Loss: 0.1119 | Val Acc: 97.98% | Best at iter 3900
  Iter 17000/50000 | Val Loss: 0.1394 | Val Acc: 97.48% | Best at iter 3900
  Iter 18000/50000 | Val Loss: 0.1178 | Val Acc: 97.78% | Best at iter 3900
  Iter 19000/50000 | Val Loss: 0.1222 | Val Acc: 97.78% | Best at iter 3900
  Iter 20000/50000 | Val Loss: 0.1307 | Val Acc: 97.64% | Best at iter 3900
  Iter 21000/50000 | Val Loss: 0.1269 | Val Acc: 97.92% | Best at iter 3900
  Iter 22000/50000 | Val Loss: 0.1250 | Val Acc: 97.94% | Best at iter 3900
  Iter 23000/50000 | Val Loss: 0.1075 | Val Acc: 98.26% | Best at iter 3900
  Iter 24000/50000 | Val Loss: 0.1319 | Val Acc: 97.94% | Best at iter 3900
  Iter 25000/50000 | Val Loss: 0.1286 | Val Acc: 97.66% | Best at iter 3900
  Iter 26000/50000 | Val Loss: 0.1311 | Val Acc: 97.80% | Best at iter 3900
  Iter 27000/50000 | Val Loss: 0.1328 | Val Acc: 98.04% | Best at iter 3900
  Iter 28000/50000 | Val Loss: 0.1566 | Val Acc: 97.98% | Best at iter 3900
  Iter 29000/50000 | Val Loss: 0.1786 | Val Acc: 97.62% | Best at iter 3900
  Iter 30000/50000 | Val Loss: 0.1583 | Val Acc: 97.50% | Best at iter 3900
  Iter 31000/50000 | Val Loss: 0.1653 | Val Acc: 97.76% | Best at iter 3900
  Iter 32000/50000 | Val Loss: 0.1544 | Val Acc: 97.84% | Best at iter 3900
  Iter 33000/50000 | Val Loss: 0.1564 | Val Acc: 97.96% | Best at iter 3900
  Iter 34000/50000 | Val Loss: 0.1748 | Val Acc: 97.76% | Best at iter 3900
  Iter 35000/50000 | Val Loss: 0.1698 | Val Acc: 97.84% | Best at iter 3900
  Iter 36000/50000 | Val Loss: 0.1664 | Val Acc: 97.80% | Best at iter 3900
  Iter 37000/50000 | Val Loss: 0.1597 | Val Acc: 97.86% | Best at iter 3900
  Iter 38000/50000 | Val Loss: 0.1830 | Val Acc: 97.92% | Best at iter 3900
  Iter 39000/50000 | Val Loss: 0.2274 | Val Acc: 97.56% | Best at iter 3900
  Iter 40000/50000 | Val Loss: 0.1985 | Val Acc: 97.66% | Best at iter 3900
  Iter 41000/50000 | Val Loss: 0.1774 | Val Acc: 97.72% | Best at iter 3900
  Iter 42000/50000 | Val Loss: 0.1594 | Val Acc: 97.98% | Best at iter 3900
  Iter 43000/50000 | Val Loss: 0.2006 | Val Acc: 97.74% | Best at iter 3900
  Iter 44000/50000 | Val Loss: 0.2228 | Val Acc: 97.82% | Best at iter 3900
  Iter 45000/50000 | Val Loss: 0.2341 | Val Acc: 97.54% | Best at iter 3900
  Iter 46000/50000 | Val Loss: 0.1790 | Val Acc: 98.06% | Best at iter 3900
  Iter 47000/50000 | Val Loss: 0.2000 | Val Acc: 97.84% | Best at iter 3900
  Iter 48000/50000 | Val Loss: 0.1994 | Val Acc: 97.96% | Best at iter 3900
  Iter 49000/50000 | Val Loss: 0.2104 | Val Acc: 97.90% | Best at iter 3900
  Iter 50000/50000 | Val Loss: 0.1822 | Val Acc: 97.92% | Best at iter 3900

──────────────────────────────────────────────────────────────────────
Early stop: iteration 3900
Val loss at early stop: 0.0697
Test accuracy at early stop: 97.80%
──────────────────────────────────────────────────────────────────────

======================================================================
One-Shot Reinit
Sparsity: 25.0% | Trial: 1.1/3x2
======================================================================
  Iter 1000/50000 | Val Loss: 0.1383 | Val Acc: 96.08% | Best at iter 1000
  Iter 2000/50000 | Val Loss: 0.1034 | Val Acc: 96.80% | Best at iter 2000
  Iter 3000/50000 | Val Loss: 0.1011 | Val Acc: 97.12% | Best at iter 2800
  Iter 4000/50000 | Val Loss: 0.0933 | Val Acc: 97.26% | Best at iter 3800
  Iter 5000/50000 | Val Loss: 0.0949 | Val Acc: 97.32% | Best at iter 4800
  Iter 6000/50000 | Val Loss: 0.0898 | Val Acc: 97.52% | Best at iter 5600
  Iter 7000/50000 | Val Loss: 0.0995 | Val Acc: 97.44% | Best at iter 5600
  Iter 8000/50000 | Val Loss: 0.0962 | Val Acc: 97.56% | Best at iter 5600
  Iter 9000/50000 | Val Loss: 0.1104 | Val Acc: 97.34% | Best at iter 5600
  Iter 10000/50000 | Val Loss: 0.1226 | Val Acc: 97.36% | Best at iter 5600
  Iter 11000/50000 | Val Loss: 0.1119 | Val Acc: 97.40% | Best at iter 5600
  Iter 12000/50000 | Val Loss: 0.1066 | Val Acc: 97.62% | Best at iter 5600
  Iter 13000/50000 | Val Loss: 0.1434 | Val Acc: 97.44% | Best at iter 5600
  Iter 14000/50000 | Val Loss: 0.1206 | Val Acc: 97.58% | Best at iter 5600
  Iter 15000/50000 | Val Loss: 0.1590 | Val Acc: 97.54% | Best at iter 5600
  Iter 16000/50000 | Val Loss: 0.1381 | Val Acc: 97.86% | Best at iter 5600
  Iter 17000/50000 | Val Loss: 0.1427 | Val Acc: 97.70% | Best at iter 5600
  Iter 18000/50000 | Val Loss: 0.1386 | Val Acc: 97.60% | Best at iter 5600
  Iter 19000/50000 | Val Loss: 0.1762 | Val Acc: 97.22% | Best at iter 5600
  Iter 20000/50000 | Val Loss: 0.1322 | Val Acc: 97.82% | Best at iter 5600
  Iter 21000/50000 | Val Loss: 0.1648 | Val Acc: 97.46% | Best at iter 5600
  Iter 22000/50000 | Val Loss: 0.1525 | Val Acc: 97.76% | Best at iter 5600
  Iter 23000/50000 | Val Loss: 0.1624 | Val Acc: 97.58% | Best at iter 5600
  Iter 24000/50000 | Val Loss: 0.1562 | Val Acc: 97.66% | Best at iter 5600
  Iter 25000/50000 | Val Loss: 0.1619 | Val Acc: 97.66% | Best at iter 5600
  Iter 26000/50000 | Val Loss: 0.1577 | Val Acc: 97.68% | Best at iter 5600
  Iter 27000/50000 | Val Loss: 0.1729 | Val Acc: 97.66% | Best at iter 5600
  Iter 28000/50000 | Val Loss: 0.1681 | Val Acc: 97.74% | Best at iter 5600
  Iter 29000/50000 | Val Loss: 0.1717 | Val Acc: 97.60% | Best at iter 5600
  Iter 30000/50000 | Val Loss: 0.1832 | Val Acc: 97.58% | Best at iter 5600
  Iter 31000/50000 | Val Loss: 0.2035 | Val Acc: 97.16% | Best at iter 5600
  Iter 32000/50000 | Val Loss: 0.1938 | Val Acc: 97.58% | Best at iter 5600
  Iter 33000/50000 | Val Loss: 0.1712 | Val Acc: 97.64% | Best at iter 5600
  Iter 34000/50000 | Val Loss: 0.1837 | Val Acc: 97.60% | Best at iter 5600
  Iter 35000/50000 | Val Loss: 0.1763 | Val Acc: 97.66% | Best at iter 5600
  Iter 36000/50000 | Val Loss: 0.1530 | Val Acc: 97.86% | Best at iter 5600
  Iter 37000/50000 | Val Loss: 0.1978 | Val Acc: 97.70% | Best at iter 5600
  Iter 38000/50000 | Val Loss: 0.1858 | Val Acc: 97.54% | Best at iter 5600
  Iter 39000/50000 | Val Loss: 0.1946 | Val Acc: 97.74% | Best at iter 5600
  Iter 40000/50000 | Val Loss: 0.2040 | Val Acc: 97.58% | Best at iter 5600
  Iter 41000/50000 | Val Loss: 0.1981 | Val Acc: 97.78% | Best at iter 5600
  Iter 42000/50000 | Val Loss: 0.2086 | Val Acc: 97.66% | Best at iter 5600
  Iter 43000/50000 | Val Loss: 0.1852 | Val Acc: 97.82% | Best at iter 5600
  Iter 44000/50000 | Val Loss: 0.2081 | Val Acc: 98.00% | Best at iter 5600
  Iter 45000/50000 | Val Loss: 0.2667 | Val Acc: 97.30% | Best at iter 5600
  Iter 46000/50000 | Val Loss: 0.1968 | Val Acc: 97.76% | Best at iter 5600
  Iter 47000/50000 | Val Loss: 0.2216 | Val Acc: 97.50% | Best at iter 5600
  Iter 48000/50000 | Val Loss: 0.1781 | Val Acc: 97.92% | Best at iter 5600
  Iter 49000/50000 | Val Loss: 0.2163 | Val Acc: 97.64% | Best at iter 5600
  Iter 50000/50000 | Val Loss: 0.2555 | Val Acc: 97.34% | Best at iter 5600

──────────────────────────────────────────────────────────────────────
Early stop: iteration 5600
Val loss at early stop: 0.0842
Test accuracy at early stop: 97.72%
──────────────────────────────────────────────────────────────────────

======================================================================
One-Shot Reinit
Sparsity: 25.0% | Trial: 1.2/3x2
======================================================================
  Iter 1000/50000 | Val Loss: 0.1309 | Val Acc: 96.04% | Best at iter 1000
  Iter 2000/50000 | Val Loss: 0.0904 | Val Acc: 97.08% | Best at iter 2000
  Iter 3000/50000 | Val Loss: 0.0834 | Val Acc: 97.46% | Best at iter 2900
  Iter 4000/50000 | Val Loss: 0.0835 | Val Acc: 97.40% | Best at iter 3800
  Iter 5000/50000 | Val Loss: 0.0715 | Val Acc: 97.72% | Best at iter 5000
  Iter 6000/50000 | Val Loss: 0.0875 | Val Acc: 97.54% | Best at iter 5000
  Iter 7000/50000 | Val Loss: 0.0852 | Val Acc: 97.76% | Best at iter 5000
  Iter 8000/50000 | Val Loss: 0.1002 | Val Acc: 97.30% | Best at iter 5000
  Iter 9000/50000 | Val Loss: 0.1026 | Val Acc: 97.30% | Best at iter 5000
  Iter 10000/50000 | Val Loss: 0.1081 | Val Acc: 97.42% | Best at iter 5000
  Iter 11000/50000 | Val Loss: 0.1271 | Val Acc: 97.36% | Best at iter 5000
  Iter 12000/50000 | Val Loss: 0.1024 | Val Acc: 97.84% | Best at iter 5000
  Iter 13000/50000 | Val Loss: 0.1210 | Val Acc: 97.84% | Best at iter 5000
  Iter 14000/50000 | Val Loss: 0.1060 | Val Acc: 98.08% | Best at iter 5000
  Iter 15000/50000 | Val Loss: 0.1418 | Val Acc: 97.66% | Best at iter 5000
  Iter 16000/50000 | Val Loss: 0.1231 | Val Acc: 97.58% | Best at iter 5000
  Iter 17000/50000 | Val Loss: 0.1353 | Val Acc: 97.58% | Best at iter 5000
  Iter 18000/50000 | Val Loss: 0.1323 | Val Acc: 97.68% | Best at iter 5000
  Iter 19000/50000 | Val Loss: 0.1348 | Val Acc: 97.68% | Best at iter 5000
  Iter 20000/50000 | Val Loss: 0.1253 | Val Acc: 97.96% | Best at iter 5000
  Iter 21000/50000 | Val Loss: 0.1270 | Val Acc: 97.98% | Best at iter 5000
  Iter 22000/50000 | Val Loss: 0.1840 | Val Acc: 97.06% | Best at iter 5000
  Iter 23000/50000 | Val Loss: 0.1176 | Val Acc: 97.84% | Best at iter 5000
  Iter 24000/50000 | Val Loss: 0.1191 | Val Acc: 97.92% | Best at iter 5000
  Iter 25000/50000 | Val Loss: 0.1324 | Val Acc: 97.84% | Best at iter 5000
  Iter 26000/50000 | Val Loss: 0.1413 | Val Acc: 97.72% | Best at iter 5000
  Iter 27000/50000 | Val Loss: 0.1350 | Val Acc: 97.90% | Best at iter 5000
  Iter 28000/50000 | Val Loss: 0.1454 | Val Acc: 97.66% | Best at iter 5000
  Iter 29000/50000 | Val Loss: 0.1459 | Val Acc: 97.90% | Best at iter 5000
  Iter 30000/50000 | Val Loss: 0.1604 | Val Acc: 97.66% | Best at iter 5000
  Iter 31000/50000 | Val Loss: 0.1598 | Val Acc: 97.72% | Best at iter 5000
  Iter 32000/50000 | Val Loss: 0.1813 | Val Acc: 97.56% | Best at iter 5000
  Iter 33000/50000 | Val Loss: 0.1701 | Val Acc: 97.78% | Best at iter 5000
  Iter 34000/50000 | Val Loss: 0.1597 | Val Acc: 97.58% | Best at iter 5000
  Iter 35000/50000 | Val Loss: 0.1598 | Val Acc: 98.00% | Best at iter 5000
  Iter 36000/50000 | Val Loss: 0.1913 | Val Acc: 97.90% | Best at iter 5000
  Iter 37000/50000 | Val Loss: 0.1586 | Val Acc: 98.02% | Best at iter 5000
  Iter 38000/50000 | Val Loss: 0.1708 | Val Acc: 97.92% | Best at iter 5000
  Iter 39000/50000 | Val Loss: 0.1532 | Val Acc: 97.92% | Best at iter 5000
  Iter 40000/50000 | Val Loss: 0.1862 | Val Acc: 97.70% | Best at iter 5000
  Iter 41000/50000 | Val Loss: 0.1915 | Val Acc: 97.76% | Best at iter 5000
  Iter 42000/50000 | Val Loss: 0.1993 | Val Acc: 97.50% | Best at iter 5000
  Iter 43000/50000 | Val Loss: 0.2095 | Val Acc: 97.46% | Best at iter 5000
  Iter 44000/50000 | Val Loss: 0.1815 | Val Acc: 97.82% | Best at iter 5000
  Iter 45000/50000 | Val Loss: 0.2110 | Val Acc: 97.82% | Best at iter 5000
  Iter 46000/50000 | Val Loss: 0.1882 | Val Acc: 97.68% | Best at iter 5000
  Iter 47000/50000 | Val Loss: 0.1896 | Val Acc: 97.64% | Best at iter 5000
  Iter 48000/50000 | Val Loss: 0.2116 | Val Acc: 97.64% | Best at iter 5000
  Iter 49000/50000 | Val Loss: 0.2120 | Val Acc: 97.66% | Best at iter 5000
  Iter 50000/50000 | Val Loss: 0.2078 | Val Acc: 97.50% | Best at iter 5000

──────────────────────────────────────────────────────────────────────
Early stop: iteration 5000
Val loss at early stop: 0.0715
Test accuracy at early stop: 97.72%
──────────────────────────────────────────────────────────────────────

======================================================================
One-Shot Reinit
Sparsity: 25.0% | Trial: 2.1/3x2
======================================================================
  Iter 1000/50000 | Val Loss: 0.1333 | Val Acc: 95.72% | Best at iter 1000
  Iter 2000/50000 | Val Loss: 0.1006 | Val Acc: 96.84% | Best at iter 1900
  Iter 3000/50000 | Val Loss: 0.0861 | Val Acc: 97.42% | Best at iter 2900
  Iter 4000/50000 | Val Loss: 0.0821 | Val Acc: 97.32% | Best at iter 3900
  Iter 5000/50000 | Val Loss: 0.0743 | Val Acc: 97.64% | Best at iter 3900
  Iter 6000/50000 | Val Loss: 0.0815 | Val Acc: 97.74% | Best at iter 3900
  Iter 7000/50000 | Val Loss: 0.0961 | Val Acc: 97.50% | Best at iter 3900
  Iter 8000/50000 | Val Loss: 0.0773 | Val Acc: 97.92% | Best at iter 3900
  Iter 9000/50000 | Val Loss: 0.1141 | Val Acc: 97.20% | Best at iter 3900
  Iter 10000/50000 | Val Loss: 0.0973 | Val Acc: 97.82% | Best at iter 3900
  Iter 11000/50000 | Val Loss: 0.1060 | Val Acc: 97.68% | Best at iter 3900
  Iter 12000/50000 | Val Loss: 0.1198 | Val Acc: 97.46% | Best at iter 3900
  Iter 13000/50000 | Val Loss: 0.1044 | Val Acc: 97.90% | Best at iter 3900
  Iter 14000/50000 | Val Loss: 0.1056 | Val Acc: 97.84% | Best at iter 3900
  Iter 15000/50000 | Val Loss: 0.1102 | Val Acc: 97.70% | Best at iter 3900
  Iter 16000/50000 | Val Loss: 0.1313 | Val Acc: 97.54% | Best at iter 3900
  Iter 17000/50000 | Val Loss: 0.1168 | Val Acc: 98.08% | Best at iter 3900
  Iter 18000/50000 | Val Loss: 0.1316 | Val Acc: 97.80% | Best at iter 3900
  Iter 19000/50000 | Val Loss: 0.1292 | Val Acc: 97.64% | Best at iter 3900
  Iter 20000/50000 | Val Loss: 0.1497 | Val Acc: 97.52% | Best at iter 3900
  Iter 21000/50000 | Val Loss: 0.1534 | Val Acc: 97.62% | Best at iter 3900
  Iter 22000/50000 | Val Loss: 0.1308 | Val Acc: 97.74% | Best at iter 3900
  Iter 23000/50000 | Val Loss: 0.1253 | Val Acc: 97.96% | Best at iter 3900
  Iter 24000/50000 | Val Loss: 0.1516 | Val Acc: 97.54% | Best at iter 3900
  Iter 25000/50000 | Val Loss: 0.1451 | Val Acc: 97.80% | Best at iter 3900
  Iter 26000/50000 | Val Loss: 0.1330 | Val Acc: 97.90% | Best at iter 3900
  Iter 27000/50000 | Val Loss: 0.1375 | Val Acc: 97.60% | Best at iter 3900
  Iter 28000/50000 | Val Loss: 0.1526 | Val Acc: 97.90% | Best at iter 3900
  Iter 29000/50000 | Val Loss: 0.1405 | Val Acc: 97.92% | Best at iter 3900
  Iter 30000/50000 | Val Loss: 0.1440 | Val Acc: 98.02% | Best at iter 3900
  Iter 31000/50000 | Val Loss: 0.1698 | Val Acc: 97.96% | Best at iter 3900
  Iter 32000/50000 | Val Loss: 0.1431 | Val Acc: 97.98% | Best at iter 3900
  Iter 33000/50000 | Val Loss: 0.1640 | Val Acc: 98.02% | Best at iter 3900
  Iter 34000/50000 | Val Loss: 0.1605 | Val Acc: 97.76% | Best at iter 3900
  Iter 35000/50000 | Val Loss: 0.1650 | Val Acc: 97.72% | Best at iter 3900
  Iter 36000/50000 | Val Loss: 0.1775 | Val Acc: 97.64% | Best at iter 3900
  Iter 37000/50000 | Val Loss: 0.1734 | Val Acc: 97.70% | Best at iter 3900
  Iter 38000/50000 | Val Loss: 0.1745 | Val Acc: 97.84% | Best at iter 3900
  Iter 39000/50000 | Val Loss: 0.1749 | Val Acc: 97.70% | Best at iter 3900
  Iter 40000/50000 | Val Loss: 0.1605 | Val Acc: 98.10% | Best at iter 3900
  Iter 41000/50000 | Val Loss: 0.1623 | Val Acc: 98.00% | Best at iter 3900
  Iter 42000/50000 | Val Loss: 0.2077 | Val Acc: 97.44% | Best at iter 3900
  Iter 43000/50000 | Val Loss: 0.1697 | Val Acc: 97.80% | Best at iter 3900
  Iter 44000/50000 | Val Loss: 0.1746 | Val Acc: 98.00% | Best at iter 3900
  Iter 45000/50000 | Val Loss: 0.1819 | Val Acc: 97.92% | Best at iter 3900
  Iter 46000/50000 | Val Loss: 0.1814 | Val Acc: 97.86% | Best at iter 3900
  Iter 47000/50000 | Val Loss: 0.1797 | Val Acc: 97.90% | Best at iter 3900
  Iter 48000/50000 | Val Loss: 0.1916 | Val Acc: 97.72% | Best at iter 3900
  Iter 49000/50000 | Val Loss: 0.1931 | Val Acc: 97.84% | Best at iter 3900
  Iter 50000/50000 | Val Loss: 0.1869 | Val Acc: 97.90% | Best at iter 3900

──────────────────────────────────────────────────────────────────────
Early stop: iteration 3900
Val loss at early stop: 0.0726
Test accuracy at early stop: 97.74%
──────────────────────────────────────────────────────────────────────

======================================================================
One-Shot Reinit
Sparsity: 25.0% | Trial: 2.2/3x2
======================================================================
  Iter 1000/50000 | Val Loss: 0.1286 | Val Acc: 95.98% | Best at iter 1000
  Iter 2000/50000 | Val Loss: 0.1009 | Val Acc: 96.96% | Best at iter 1900
  Iter 3000/50000 | Val Loss: 0.0822 | Val Acc: 97.52% | Best at iter 3000
  Iter 4000/50000 | Val Loss: 0.0863 | Val Acc: 97.52% | Best at iter 3900
  Iter 5000/50000 | Val Loss: 0.0887 | Val Acc: 97.42% | Best at iter 4700
  Iter 6000/50000 | Val Loss: 0.0998 | Val Acc: 97.52% | Best at iter 5700
  Iter 7000/50000 | Val Loss: 0.0865 | Val Acc: 97.58% | Best at iter 5700
  Iter 8000/50000 | Val Loss: 0.0900 | Val Acc: 97.52% | Best at iter 5700
  Iter 9000/50000 | Val Loss: 0.1081 | Val Acc: 97.14% | Best at iter 5700
  Iter 10000/50000 | Val Loss: 0.1238 | Val Acc: 97.46% | Best at iter 5700
  Iter 11000/50000 | Val Loss: 0.1143 | Val Acc: 97.38% | Best at iter 5700
  Iter 12000/50000 | Val Loss: 0.1042 | Val Acc: 97.64% | Best at iter 5700
  Iter 13000/50000 | Val Loss: 0.1176 | Val Acc: 97.64% | Best at iter 5700
  Iter 14000/50000 | Val Loss: 0.1107 | Val Acc: 97.78% | Best at iter 5700
  Iter 15000/50000 | Val Loss: 0.1198 | Val Acc: 97.64% | Best at iter 5700
  Iter 16000/50000 | Val Loss: 0.1155 | Val Acc: 97.84% | Best at iter 5700
  Iter 17000/50000 | Val Loss: 0.1219 | Val Acc: 97.80% | Best at iter 5700
  Iter 18000/50000 | Val Loss: 0.1161 | Val Acc: 97.78% | Best at iter 5700
  Iter 19000/50000 | Val Loss: 0.1119 | Val Acc: 97.76% | Best at iter 5700
  Iter 20000/50000 | Val Loss: 0.1325 | Val Acc: 97.52% | Best at iter 5700
  Iter 21000/50000 | Val Loss: 0.1309 | Val Acc: 97.82% | Best at iter 5700
  Iter 22000/50000 | Val Loss: 0.1633 | Val Acc: 97.44% | Best at iter 5700
  Iter 23000/50000 | Val Loss: 0.1571 | Val Acc: 97.64% | Best at iter 5700
  Iter 24000/50000 | Val Loss: 0.1490 | Val Acc: 97.74% | Best at iter 5700
  Iter 25000/50000 | Val Loss: 0.1690 | Val Acc: 97.50% | Best at iter 5700
  Iter 26000/50000 | Val Loss: 0.1302 | Val Acc: 97.84% | Best at iter 5700
  Iter 27000/50000 | Val Loss: 0.1678 | Val Acc: 97.54% | Best at iter 5700
  Iter 28000/50000 | Val Loss: 0.1530 | Val Acc: 97.70% | Best at iter 5700
  Iter 29000/50000 | Val Loss: 0.1773 | Val Acc: 97.30% | Best at iter 5700
  Iter 30000/50000 | Val Loss: 0.1676 | Val Acc: 97.58% | Best at iter 5700
  Iter 31000/50000 | Val Loss: 0.1817 | Val Acc: 97.38% | Best at iter 5700
  Iter 32000/50000 | Val Loss: 0.1936 | Val Acc: 97.04% | Best at iter 5700
  Iter 33000/50000 | Val Loss: 0.1648 | Val Acc: 97.82% | Best at iter 5700
  Iter 34000/50000 | Val Loss: 0.1558 | Val Acc: 97.86% | Best at iter 5700
  Iter 35000/50000 | Val Loss: 0.1608 | Val Acc: 97.70% | Best at iter 5700
  Iter 36000/50000 | Val Loss: 0.1666 | Val Acc: 97.54% | Best at iter 5700
  Iter 37000/50000 | Val Loss: 0.1532 | Val Acc: 97.78% | Best at iter 5700
  Iter 38000/50000 | Val Loss: 0.1696 | Val Acc: 97.66% | Best at iter 5700
  Iter 39000/50000 | Val Loss: 0.1613 | Val Acc: 97.86% | Best at iter 5700
  Iter 40000/50000 | Val Loss: 0.1810 | Val Acc: 97.90% | Best at iter 5700
  Iter 41000/50000 | Val Loss: 0.1744 | Val Acc: 97.76% | Best at iter 5700
  Iter 42000/50000 | Val Loss: 0.1875 | Val Acc: 97.80% | Best at iter 5700
  Iter 43000/50000 | Val Loss: 0.2086 | Val Acc: 97.58% | Best at iter 5700
  Iter 44000/50000 | Val Loss: 0.2090 | Val Acc: 97.38% | Best at iter 5700
  Iter 45000/50000 | Val Loss: 0.2537 | Val Acc: 97.40% | Best at iter 5700
  Iter 46000/50000 | Val Loss: 0.2223 | Val Acc: 97.76% | Best at iter 5700
  Iter 47000/50000 | Val Loss: 0.2195 | Val Acc: 97.92% | Best at iter 5700
  Iter 48000/50000 | Val Loss: 0.2078 | Val Acc: 97.58% | Best at iter 5700
  Iter 49000/50000 | Val Loss: 0.2033 | Val Acc: 97.82% | Best at iter 5700
  Iter 50000/50000 | Val Loss: 0.2178 | Val Acc: 97.68% | Best at iter 5700

──────────────────────────────────────────────────────────────────────
Early stop: iteration 5700
Val loss at early stop: 0.0766
Test accuracy at early stop: 97.64%
──────────────────────────────────────────────────────────────────────

======================================================================
One-Shot Reinit
Sparsity: 25.0% | Trial: 3.1/3x2
======================================================================
  Iter 1000/50000 | Val Loss: 0.1374 | Val Acc: 95.84% | Best at iter 1000
  Iter 2000/50000 | Val Loss: 0.0975 | Val Acc: 96.92% | Best at iter 2000
  Iter 3000/50000 | Val Loss: 0.0885 | Val Acc: 97.18% | Best at iter 2800
  Iter 4000/50000 | Val Loss: 0.0813 | Val Acc: 97.64% | Best at iter 3200
  Iter 5000/50000 | Val Loss: 0.0848 | Val Acc: 97.70% | Best at iter 4300
  Iter 6000/50000 | Val Loss: 0.0873 | Val Acc: 97.50% | Best at iter 5200
  Iter 7000/50000 | Val Loss: 0.1089 | Val Acc: 97.32% | Best at iter 5200
  Iter 8000/50000 | Val Loss: 0.0976 | Val Acc: 97.62% | Best at iter 5200
  Iter 9000/50000 | Val Loss: 0.1081 | Val Acc: 97.44% | Best at iter 5200
  Iter 10000/50000 | Val Loss: 0.1052 | Val Acc: 97.76% | Best at iter 5200
  Iter 11000/50000 | Val Loss: 0.0966 | Val Acc: 97.86% | Best at iter 5200
  Iter 12000/50000 | Val Loss: 0.1072 | Val Acc: 97.78% | Best at iter 5200
  Iter 13000/50000 | Val Loss: 0.1097 | Val Acc: 97.76% | Best at iter 5200
  Iter 14000/50000 | Val Loss: 0.1177 | Val Acc: 97.68% | Best at iter 5200
  Iter 15000/50000 | Val Loss: 0.1291 | Val Acc: 97.64% | Best at iter 5200
  Iter 16000/50000 | Val Loss: 0.1193 | Val Acc: 97.66% | Best at iter 5200
  Iter 17000/50000 | Val Loss: 0.1478 | Val Acc: 97.42% | Best at iter 5200
  Iter 18000/50000 | Val Loss: 0.1534 | Val Acc: 97.44% | Best at iter 5200
  Iter 19000/50000 | Val Loss: 0.1428 | Val Acc: 97.84% | Best at iter 5200
  Iter 20000/50000 | Val Loss: 0.1429 | Val Acc: 97.88% | Best at iter 5200
  Iter 21000/50000 | Val Loss: 0.1671 | Val Acc: 97.28% | Best at iter 5200
  Iter 22000/50000 | Val Loss: 0.1251 | Val Acc: 97.96% | Best at iter 5200
  Iter 23000/50000 | Val Loss: 0.1503 | Val Acc: 97.50% | Best at iter 5200
  Iter 24000/50000 | Val Loss: 0.1492 | Val Acc: 97.96% | Best at iter 5200
  Iter 25000/50000 | Val Loss: 0.1479 | Val Acc: 97.88% | Best at iter 5200
  Iter 26000/50000 | Val Loss: 0.1523 | Val Acc: 97.76% | Best at iter 5200
  Iter 27000/50000 | Val Loss: 0.1709 | Val Acc: 97.50% | Best at iter 5200
  Iter 28000/50000 | Val Loss: 0.1568 | Val Acc: 97.62% | Best at iter 5200
  Iter 29000/50000 | Val Loss: 0.1660 | Val Acc: 97.88% | Best at iter 5200
  Iter 30000/50000 | Val Loss: 0.1808 | Val Acc: 97.66% | Best at iter 5200
  Iter 31000/50000 | Val Loss: 0.2036 | Val Acc: 97.32% | Best at iter 5200
  Iter 32000/50000 | Val Loss: 0.1700 | Val Acc: 97.70% | Best at iter 5200
  Iter 33000/50000 | Val Loss: 0.1750 | Val Acc: 97.70% | Best at iter 5200
  Iter 34000/50000 | Val Loss: 0.1651 | Val Acc: 97.78% | Best at iter 5200
  Iter 35000/50000 | Val Loss: 0.1744 | Val Acc: 97.70% | Best at iter 5200
  Iter 36000/50000 | Val Loss: 0.2249 | Val Acc: 97.36% | Best at iter 5200
  Iter 37000/50000 | Val Loss: 0.1937 | Val Acc: 97.54% | Best at iter 5200
  Iter 38000/50000 | Val Loss: 0.1669 | Val Acc: 97.94% | Best at iter 5200
  Iter 39000/50000 | Val Loss: 0.1779 | Val Acc: 97.92% | Best at iter 5200
  Iter 40000/50000 | Val Loss: 0.1894 | Val Acc: 97.64% | Best at iter 5200
  Iter 41000/50000 | Val Loss: 0.1842 | Val Acc: 97.86% | Best at iter 5200
  Iter 42000/50000 | Val Loss: 0.1689 | Val Acc: 97.74% | Best at iter 5200
  Iter 43000/50000 | Val Loss: 0.1698 | Val Acc: 97.84% | Best at iter 5200
  Iter 44000/50000 | Val Loss: 0.1656 | Val Acc: 97.88% | Best at iter 5200
  Iter 45000/50000 | Val Loss: 0.1949 | Val Acc: 97.82% | Best at iter 5200
  Iter 46000/50000 | Val Loss: 0.2597 | Val Acc: 97.46% | Best at iter 5200
  Iter 47000/50000 | Val Loss: 0.1818 | Val Acc: 97.96% | Best at iter 5200
  Iter 48000/50000 | Val Loss: 0.2017 | Val Acc: 97.62% | Best at iter 5200
  Iter 49000/50000 | Val Loss: 0.2019 | Val Acc: 97.76% | Best at iter 5200
  Iter 50000/50000 | Val Loss: 0.2153 | Val Acc: 97.76% | Best at iter 5200

──────────────────────────────────────────────────────────────────────
Early stop: iteration 5200
Val loss at early stop: 0.0768
Test accuracy at early stop: 97.60%
──────────────────────────────────────────────────────────────────────

======================================================================
One-Shot Reinit
Sparsity: 25.0% | Trial: 3.2/3x2
======================================================================
  Iter 1000/50000 | Val Loss: 0.1403 | Val Acc: 95.54% | Best at iter 1000
  Iter 2000/50000 | Val Loss: 0.1030 | Val Acc: 96.72% | Best at iter 2000
  Iter 3000/50000 | Val Loss: 0.0920 | Val Acc: 96.98% | Best at iter 2900
  Iter 4000/50000 | Val Loss: 0.0831 | Val Acc: 97.44% | Best at iter 3800
  Iter 5000/50000 | Val Loss: 0.0922 | Val Acc: 97.38% | Best at iter 3800
  Iter 6000/50000 | Val Loss: 0.0869 | Val Acc: 97.62% | Best at iter 3800
  Iter 7000/50000 | Val Loss: 0.0890 | Val Acc: 97.58% | Best at iter 3800
  Iter 8000/50000 | Val Loss: 0.1098 | Val Acc: 97.30% | Best at iter 3800
  Iter 9000/50000 | Val Loss: 0.1111 | Val Acc: 97.60% | Best at iter 3800
  Iter 10000/50000 | Val Loss: 0.1152 | Val Acc: 97.46% | Best at iter 3800
  Iter 11000/50000 | Val Loss: 0.1241 | Val Acc: 97.50% | Best at iter 3800
  Iter 12000/50000 | Val Loss: 0.1089 | Val Acc: 97.90% | Best at iter 3800
  Iter 13000/50000 | Val Loss: 0.1013 | Val Acc: 97.96% | Best at iter 3800
  Iter 14000/50000 | Val Loss: 0.1260 | Val Acc: 97.78% | Best at iter 3800
  Iter 15000/50000 | Val Loss: 0.1136 | Val Acc: 97.74% | Best at iter 3800
  Iter 16000/50000 | Val Loss: 0.1075 | Val Acc: 97.94% | Best at iter 3800
  Iter 17000/50000 | Val Loss: 0.1290 | Val Acc: 97.62% | Best at iter 3800
  Iter 18000/50000 | Val Loss: 0.1360 | Val Acc: 97.62% | Best at iter 3800
  Iter 19000/50000 | Val Loss: 0.1283 | Val Acc: 97.72% | Best at iter 3800
  Iter 20000/50000 | Val Loss: 0.1495 | Val Acc: 97.72% | Best at iter 3800
  Iter 21000/50000 | Val Loss: 0.1374 | Val Acc: 98.08% | Best at iter 3800
  Iter 22000/50000 | Val Loss: 0.1444 | Val Acc: 97.70% | Best at iter 3800
  Iter 23000/50000 | Val Loss: 0.1210 | Val Acc: 98.00% | Best at iter 3800
  Iter 24000/50000 | Val Loss: 0.1826 | Val Acc: 97.44% | Best at iter 3800
  Iter 25000/50000 | Val Loss: 0.1500 | Val Acc: 97.78% | Best at iter 3800
  Iter 26000/50000 | Val Loss: 0.1737 | Val Acc: 97.60% | Best at iter 3800
  Iter 27000/50000 | Val Loss: 0.1585 | Val Acc: 97.90% | Best at iter 3800
  Iter 28000/50000 | Val Loss: 0.1813 | Val Acc: 97.62% | Best at iter 3800
  Iter 29000/50000 | Val Loss: 0.1657 | Val Acc: 97.88% | Best at iter 3800
  Iter 30000/50000 | Val Loss: 0.1537 | Val Acc: 97.86% | Best at iter 3800
  Iter 31000/50000 | Val Loss: 0.1693 | Val Acc: 97.96% | Best at iter 3800
  Iter 32000/50000 | Val Loss: 0.1882 | Val Acc: 97.70% | Best at iter 3800
  Iter 33000/50000 | Val Loss: 0.1881 | Val Acc: 97.70% | Best at iter 3800
  Iter 34000/50000 | Val Loss: 0.1850 | Val Acc: 97.84% | Best at iter 3800
  Iter 35000/50000 | Val Loss: 0.1888 | Val Acc: 97.78% | Best at iter 3800
  Iter 36000/50000 | Val Loss: 0.2031 | Val Acc: 97.56% | Best at iter 3800
  Iter 37000/50000 | Val Loss: 0.1718 | Val Acc: 97.98% | Best at iter 3800
  Iter 38000/50000 | Val Loss: 0.1934 | Val Acc: 98.06% | Best at iter 3800
  Iter 39000/50000 | Val Loss: 0.2033 | Val Acc: 98.04% | Best at iter 3800
  Iter 40000/50000 | Val Loss: 0.2310 | Val Acc: 97.54% | Best at iter 3800
  Iter 41000/50000 | Val Loss: 0.2377 | Val Acc: 97.54% | Best at iter 3800
  Iter 42000/50000 | Val Loss: 0.2349 | Val Acc: 97.48% | Best at iter 3800
  Iter 43000/50000 | Val Loss: 0.2365 | Val Acc: 97.92% | Best at iter 3800
  Iter 44000/50000 | Val Loss: 0.2203 | Val Acc: 97.58% | Best at iter 3800
  Iter 45000/50000 | Val Loss: 0.2179 | Val Acc: 97.66% | Best at iter 3800
  Iter 46000/50000 | Val Loss: 0.2028 | Val Acc: 97.98% | Best at iter 3800
  Iter 47000/50000 | Val Loss: 0.2033 | Val Acc: 97.84% | Best at iter 3800
  Iter 48000/50000 | Val Loss: 0.2134 | Val Acc: 97.66% | Best at iter 3800
  Iter 49000/50000 | Val Loss: 0.2189 | Val Acc: 97.64% | Best at iter 3800
  Iter 50000/50000 | Val Loss: 0.2228 | Val Acc: 97.82% | Best at iter 3800

──────────────────────────────────────────────────────────────────────
Early stop: iteration 3800
Val loss at early stop: 0.0783
Test accuracy at early stop: 97.50%
──────────────────────────────────────────────────────────────────────

======================================================================
One-Shot Reinit
Sparsity: 12.5% | Trial: 1.1/3x2
======================================================================
  Iter 1000/50000 | Val Loss: 0.1710 | Val Acc: 95.18% | Best at iter 1000
  Iter 2000/50000 | Val Loss: 0.1167 | Val Acc: 96.76% | Best at iter 1900
  Iter 3000/50000 | Val Loss: 0.0946 | Val Acc: 97.22% | Best at iter 3000
  Iter 4000/50000 | Val Loss: 0.0935 | Val Acc: 97.20% | Best at iter 3800
  Iter 5000/50000 | Val Loss: 0.0924 | Val Acc: 97.34% | Best at iter 4500
  Iter 6000/50000 | Val Loss: 0.0901 | Val Acc: 97.30% | Best at iter 5500
  Iter 7000/50000 | Val Loss: 0.0925 | Val Acc: 97.18% | Best at iter 5500
  Iter 8000/50000 | Val Loss: 0.0888 | Val Acc: 97.58% | Best at iter 5500
  Iter 9000/50000 | Val Loss: 0.1061 | Val Acc: 97.10% | Best at iter 5500
  Iter 10000/50000 | Val Loss: 0.1140 | Val Acc: 97.38% | Best at iter 5500
  Iter 11000/50000 | Val Loss: 0.1206 | Val Acc: 96.96% | Best at iter 5500
  Iter 12000/50000 | Val Loss: 0.1153 | Val Acc: 97.44% | Best at iter 5500
  Iter 13000/50000 | Val Loss: 0.1269 | Val Acc: 97.60% | Best at iter 5500
  Iter 14000/50000 | Val Loss: 0.1151 | Val Acc: 97.30% | Best at iter 5500
  Iter 15000/50000 | Val Loss: 0.1229 | Val Acc: 97.38% | Best at iter 5500
  Iter 16000/50000 | Val Loss: 0.1295 | Val Acc: 97.42% | Best at iter 5500
  Iter 17000/50000 | Val Loss: 0.1439 | Val Acc: 97.24% | Best at iter 5500
  Iter 18000/50000 | Val Loss: 0.1300 | Val Acc: 97.42% | Best at iter 5500
  Iter 19000/50000 | Val Loss: 0.1371 | Val Acc: 97.54% | Best at iter 5500
  Iter 20000/50000 | Val Loss: 0.1423 | Val Acc: 97.34% | Best at iter 5500
  Iter 21000/50000 | Val Loss: 0.1397 | Val Acc: 97.44% | Best at iter 5500
  Iter 22000/50000 | Val Loss: 0.1440 | Val Acc: 97.34% | Best at iter 5500
  Iter 23000/50000 | Val Loss: 0.1549 | Val Acc: 97.30% | Best at iter 5500
  Iter 24000/50000 | Val Loss: 0.1537 | Val Acc: 97.48% | Best at iter 5500
  Iter 25000/50000 | Val Loss: 0.1406 | Val Acc: 97.66% | Best at iter 5500
  Iter 26000/50000 | Val Loss: 0.1682 | Val Acc: 97.42% | Best at iter 5500
  Iter 27000/50000 | Val Loss: 0.1534 | Val Acc: 97.50% | Best at iter 5500
  Iter 28000/50000 | Val Loss: 0.1491 | Val Acc: 97.58% | Best at iter 5500
  Iter 29000/50000 | Val Loss: 0.1542 | Val Acc: 97.68% | Best at iter 5500
  Iter 30000/50000 | Val Loss: 0.1851 | Val Acc: 97.38% | Best at iter 5500
  Iter 31000/50000 | Val Loss: 0.1731 | Val Acc: 97.38% | Best at iter 5500
  Iter 32000/50000 | Val Loss: 0.1751 | Val Acc: 97.56% | Best at iter 5500
  Iter 33000/50000 | Val Loss: 0.1830 | Val Acc: 97.42% | Best at iter 5500
  Iter 34000/50000 | Val Loss: 0.2057 | Val Acc: 97.16% | Best at iter 5500
  Iter 35000/50000 | Val Loss: 0.1606 | Val Acc: 97.58% | Best at iter 5500
  Iter 36000/50000 | Val Loss: 0.1761 | Val Acc: 97.58% | Best at iter 5500
  Iter 37000/50000 | Val Loss: 0.1853 | Val Acc: 97.50% | Best at iter 5500
  Iter 38000/50000 | Val Loss: 0.1761 | Val Acc: 97.62% | Best at iter 5500
  Iter 39000/50000 | Val Loss: 0.1715 | Val Acc: 97.58% | Best at iter 5500
  Iter 40000/50000 | Val Loss: 0.1793 | Val Acc: 97.64% | Best at iter 5500
  Iter 41000/50000 | Val Loss: 0.1930 | Val Acc: 97.56% | Best at iter 5500
  Iter 42000/50000 | Val Loss: 0.2031 | Val Acc: 97.60% | Best at iter 5500
  Iter 43000/50000 | Val Loss: 0.2268 | Val Acc: 97.18% | Best at iter 5500
  Iter 44000/50000 | Val Loss: 0.2030 | Val Acc: 97.58% | Best at iter 5500
  Iter 45000/50000 | Val Loss: 0.2077 | Val Acc: 97.46% | Best at iter 5500
  Iter 46000/50000 | Val Loss: 0.2280 | Val Acc: 97.24% | Best at iter 5500
  Iter 47000/50000 | Val Loss: 0.2060 | Val Acc: 97.56% | Best at iter 5500
  Iter 48000/50000 | Val Loss: 0.2060 | Val Acc: 97.56% | Best at iter 5500
  Iter 49000/50000 | Val Loss: 0.2039 | Val Acc: 97.46% | Best at iter 5500
  Iter 50000/50000 | Val Loss: 0.2112 | Val Acc: 97.62% | Best at iter 5500

──────────────────────────────────────────────────────────────────────
Early stop: iteration 5500
Val loss at early stop: 0.0827
Test accuracy at early stop: 97.50%
──────────────────────────────────────────────────────────────────────

======================================================================
One-Shot Reinit
Sparsity: 12.5% | Trial: 1.2/3x2
======================================================================
  Iter 1000/50000 | Val Loss: 0.1698 | Val Acc: 95.02% | Best at iter 1000
  Iter 2000/50000 | Val Loss: 0.1188 | Val Acc: 96.38% | Best at iter 2000
  Iter 3000/50000 | Val Loss: 0.1061 | Val Acc: 97.04% | Best at iter 2900
  Iter 4000/50000 | Val Loss: 0.1011 | Val Acc: 97.00% | Best at iter 3600
  Iter 5000/50000 | Val Loss: 0.0999 | Val Acc: 97.08% | Best at iter 4700
  Iter 6000/50000 | Val Loss: 0.0944 | Val Acc: 97.32% | Best at iter 4700
  Iter 7000/50000 | Val Loss: 0.1026 | Val Acc: 97.24% | Best at iter 4700
  Iter 8000/50000 | Val Loss: 0.1063 | Val Acc: 97.18% | Best at iter 4700
  Iter 9000/50000 | Val Loss: 0.1051 | Val Acc: 97.46% | Best at iter 4700
  Iter 10000/50000 | Val Loss: 0.1001 | Val Acc: 97.36% | Best at iter 4700
  Iter 11000/50000 | Val Loss: 0.1117 | Val Acc: 97.44% | Best at iter 4700
  Iter 12000/50000 | Val Loss: 0.1020 | Val Acc: 97.52% | Best at iter 4700
  Iter 13000/50000 | Val Loss: 0.1102 | Val Acc: 97.36% | Best at iter 4700
  Iter 14000/50000 | Val Loss: 0.1184 | Val Acc: 97.48% | Best at iter 4700
  Iter 15000/50000 | Val Loss: 0.1148 | Val Acc: 97.66% | Best at iter 4700
  Iter 16000/50000 | Val Loss: 0.1150 | Val Acc: 97.62% | Best at iter 4700
  Iter 17000/50000 | Val Loss: 0.1213 | Val Acc: 97.64% | Best at iter 4700
  Iter 18000/50000 | Val Loss: 0.1587 | Val Acc: 97.04% | Best at iter 4700
  Iter 19000/50000 | Val Loss: 0.1509 | Val Acc: 97.38% | Best at iter 4700
  Iter 20000/50000 | Val Loss: 0.1444 | Val Acc: 97.58% | Best at iter 4700
  Iter 21000/50000 | Val Loss: 0.1592 | Val Acc: 97.58% | Best at iter 4700
  Iter 22000/50000 | Val Loss: 0.1548 | Val Acc: 97.56% | Best at iter 4700
  Iter 23000/50000 | Val Loss: 0.1473 | Val Acc: 97.36% | Best at iter 4700
  Iter 24000/50000 | Val Loss: 0.1522 | Val Acc: 97.58% | Best at iter 4700
  Iter 25000/50000 | Val Loss: 0.1672 | Val Acc: 97.44% | Best at iter 4700
  Iter 26000/50000 | Val Loss: 0.1665 | Val Acc: 97.52% | Best at iter 4700
  Iter 27000/50000 | Val Loss: 0.1629 | Val Acc: 97.66% | Best at iter 4700
  Iter 28000/50000 | Val Loss: 0.1661 | Val Acc: 97.50% | Best at iter 4700
  Iter 29000/50000 | Val Loss: 0.1669 | Val Acc: 97.42% | Best at iter 4700
  Iter 30000/50000 | Val Loss: 0.1726 | Val Acc: 97.54% | Best at iter 4700
  Iter 31000/50000 | Val Loss: 0.1771 | Val Acc: 97.76% | Best at iter 4700
  Iter 32000/50000 | Val Loss: 0.1524 | Val Acc: 97.94% | Best at iter 4700
  Iter 33000/50000 | Val Loss: 0.1888 | Val Acc: 97.24% | Best at iter 4700
  Iter 34000/50000 | Val Loss: 0.1803 | Val Acc: 97.56% | Best at iter 4700
  Iter 35000/50000 | Val Loss: 0.1919 | Val Acc: 97.56% | Best at iter 4700
  Iter 36000/50000 | Val Loss: 0.1701 | Val Acc: 97.76% | Best at iter 4700
  Iter 37000/50000 | Val Loss: 0.1837 | Val Acc: 97.50% | Best at iter 4700
  Iter 38000/50000 | Val Loss: 0.1971 | Val Acc: 97.30% | Best at iter 4700
  Iter 39000/50000 | Val Loss: 0.1870 | Val Acc: 97.60% | Best at iter 4700
  Iter 40000/50000 | Val Loss: 0.1874 | Val Acc: 97.66% | Best at iter 4700
  Iter 41000/50000 | Val Loss: 0.1878 | Val Acc: 97.66% | Best at iter 4700
  Iter 42000/50000 | Val Loss: 0.1855 | Val Acc: 97.56% | Best at iter 4700
  Iter 43000/50000 | Val Loss: 0.2003 | Val Acc: 97.50% | Best at iter 4700
  Iter 44000/50000 | Val Loss: 0.2018 | Val Acc: 97.44% | Best at iter 4700
  Iter 45000/50000 | Val Loss: 0.1920 | Val Acc: 97.58% | Best at iter 4700
  Iter 46000/50000 | Val Loss: 0.2205 | Val Acc: 97.14% | Best at iter 4700
  Iter 47000/50000 | Val Loss: 0.1944 | Val Acc: 97.62% | Best at iter 4700
  Iter 48000/50000 | Val Loss: 0.2264 | Val Acc: 97.22% | Best at iter 4700
  Iter 49000/50000 | Val Loss: 0.1990 | Val Acc: 97.54% | Best at iter 4700
  Iter 50000/50000 | Val Loss: 0.2060 | Val Acc: 97.58% | Best at iter 4700

──────────────────────────────────────────────────────────────────────
Early stop: iteration 4700
Val loss at early stop: 0.0865
Test accuracy at early stop: 97.52%
──────────────────────────────────────────────────────────────────────

======================================================================
One-Shot Reinit
Sparsity: 12.5% | Trial: 2.1/3x2
======================================================================
  Iter 1000/50000 | Val Loss: 0.1669 | Val Acc: 94.66% | Best at iter 1000
  Iter 2000/50000 | Val Loss: 0.1194 | Val Acc: 96.58% | Best at iter 2000
  Iter 3000/50000 | Val Loss: 0.1042 | Val Acc: 96.90% | Best at iter 2600
  Iter 4000/50000 | Val Loss: 0.0895 | Val Acc: 97.34% | Best at iter 4000
  Iter 5000/50000 | Val Loss: 0.0863 | Val Acc: 97.42% | Best at iter 5000
  Iter 6000/50000 | Val Loss: 0.0868 | Val Acc: 97.14% | Best at iter 5700
  Iter 7000/50000 | Val Loss: 0.1023 | Val Acc: 96.94% | Best at iter 5700
  Iter 8000/50000 | Val Loss: 0.1035 | Val Acc: 97.04% | Best at iter 7700
  Iter 9000/50000 | Val Loss: 0.0965 | Val Acc: 97.42% | Best at iter 7700
  Iter 10000/50000 | Val Loss: 0.1177 | Val Acc: 96.98% | Best at iter 7700
  Iter 11000/50000 | Val Loss: 0.1006 | Val Acc: 97.56% | Best at iter 7700
  Iter 12000/50000 | Val Loss: 0.1248 | Val Acc: 97.06% | Best at iter 7700
  Iter 13000/50000 | Val Loss: 0.1114 | Val Acc: 97.44% | Best at iter 7700
  Iter 14000/50000 | Val Loss: 0.1239 | Val Acc: 97.58% | Best at iter 7700
  Iter 15000/50000 | Val Loss: 0.1232 | Val Acc: 97.50% | Best at iter 7700
  Iter 16000/50000 | Val Loss: 0.1308 | Val Acc: 97.38% | Best at iter 7700
  Iter 17000/50000 | Val Loss: 0.1253 | Val Acc: 97.32% | Best at iter 7700
  Iter 18000/50000 | Val Loss: 0.1257 | Val Acc: 97.66% | Best at iter 7700
  Iter 19000/50000 | Val Loss: 0.1417 | Val Acc: 97.30% | Best at iter 7700
  Iter 20000/50000 | Val Loss: 0.1461 | Val Acc: 97.54% | Best at iter 7700
  Iter 21000/50000 | Val Loss: 0.1475 | Val Acc: 97.44% | Best at iter 7700
  Iter 22000/50000 | Val Loss: 0.1660 | Val Acc: 97.30% | Best at iter 7700
  Iter 23000/50000 | Val Loss: 0.1470 | Val Acc: 97.54% | Best at iter 7700
  Iter 24000/50000 | Val Loss: 0.1356 | Val Acc: 97.68% | Best at iter 7700
  Iter 25000/50000 | Val Loss: 0.1463 | Val Acc: 97.60% | Best at iter 7700
  Iter 26000/50000 | Val Loss: 0.1594 | Val Acc: 97.42% | Best at iter 7700
  Iter 27000/50000 | Val Loss: 0.1567 | Val Acc: 97.48% | Best at iter 7700
  Iter 28000/50000 | Val Loss: 0.1654 | Val Acc: 97.34% | Best at iter 7700
  Iter 29000/50000 | Val Loss: 0.2041 | Val Acc: 97.30% | Best at iter 7700
  Iter 30000/50000 | Val Loss: 0.1588 | Val Acc: 97.62% | Best at iter 7700
  Iter 31000/50000 | Val Loss: 0.1576 | Val Acc: 97.52% | Best at iter 7700
  Iter 32000/50000 | Val Loss: 0.1734 | Val Acc: 97.42% | Best at iter 7700
  Iter 33000/50000 | Val Loss: 0.1709 | Val Acc: 97.50% | Best at iter 7700
  Iter 34000/50000 | Val Loss: 0.1647 | Val Acc: 97.50% | Best at iter 7700
  Iter 35000/50000 | Val Loss: 0.1777 | Val Acc: 97.32% | Best at iter 7700
  Iter 36000/50000 | Val Loss: 0.1793 | Val Acc: 97.34% | Best at iter 7700
  Iter 37000/50000 | Val Loss: 0.1938 | Val Acc: 97.40% | Best at iter 7700
  Iter 38000/50000 | Val Loss: 0.1963 | Val Acc: 97.40% | Best at iter 7700
  Iter 39000/50000 | Val Loss: 0.1886 | Val Acc: 97.28% | Best at iter 7700
  Iter 40000/50000 | Val Loss: 0.1979 | Val Acc: 97.44% | Best at iter 7700
  Iter 41000/50000 | Val Loss: 0.1972 | Val Acc: 97.52% | Best at iter 7700
  Iter 42000/50000 | Val Loss: 0.1873 | Val Acc: 97.48% | Best at iter 7700
  Iter 43000/50000 | Val Loss: 0.2214 | Val Acc: 97.42% | Best at iter 7700
  Iter 44000/50000 | Val Loss: 0.2078 | Val Acc: 97.28% | Best at iter 7700
  Iter 45000/50000 | Val Loss: 0.2097 | Val Acc: 97.28% | Best at iter 7700
  Iter 46000/50000 | Val Loss: 0.2137 | Val Acc: 97.36% | Best at iter 7700
  Iter 47000/50000 | Val Loss: 0.2078 | Val Acc: 97.24% | Best at iter 7700
  Iter 48000/50000 | Val Loss: 0.2123 | Val Acc: 97.16% | Best at iter 7700
  Iter 49000/50000 | Val Loss: 0.2278 | Val Acc: 97.32% | Best at iter 7700
  Iter 50000/50000 | Val Loss: 0.2260 | Val Acc: 97.06% | Best at iter 7700

──────────────────────────────────────────────────────────────────────
Early stop: iteration 7700
Val loss at early stop: 0.0826
Test accuracy at early stop: 97.44%
──────────────────────────────────────────────────────────────────────

======================================================================
One-Shot Reinit
Sparsity: 12.5% | Trial: 2.2/3x2
======================================================================
  Iter 1000/50000 | Val Loss: 0.1652 | Val Acc: 95.22% | Best at iter 1000
  Iter 2000/50000 | Val Loss: 0.1222 | Val Acc: 96.30% | Best at iter 1900
  Iter 3000/50000 | Val Loss: 0.1009 | Val Acc: 96.98% | Best at iter 3000
  Iter 4000/50000 | Val Loss: 0.0978 | Val Acc: 97.08% | Best at iter 3800
  Iter 5000/50000 | Val Loss: 0.0907 | Val Acc: 97.20% | Best at iter 5000
  Iter 6000/50000 | Val Loss: 0.0873 | Val Acc: 97.50% | Best at iter 6000
  Iter 7000/50000 | Val Loss: 0.0967 | Val Acc: 97.30% | Best at iter 6000
  Iter 8000/50000 | Val Loss: 0.0999 | Val Acc: 97.42% | Best at iter 6000
  Iter 9000/50000 | Val Loss: 0.1020 | Val Acc: 97.36% | Best at iter 6000
  Iter 10000/50000 | Val Loss: 0.1074 | Val Acc: 97.36% | Best at iter 6000
  Iter 11000/50000 | Val Loss: 0.1143 | Val Acc: 97.42% | Best at iter 6000
  Iter 12000/50000 | Val Loss: 0.1113 | Val Acc: 97.72% | Best at iter 6000
  Iter 13000/50000 | Val Loss: 0.1166 | Val Acc: 97.44% | Best at iter 6000
  Iter 14000/50000 | Val Loss: 0.1220 | Val Acc: 97.28% | Best at iter 6000
  Iter 15000/50000 | Val Loss: 0.1321 | Val Acc: 97.30% | Best at iter 6000
  Iter 16000/50000 | Val Loss: 0.1296 | Val Acc: 97.48% | Best at iter 6000
  Iter 17000/50000 | Val Loss: 0.1414 | Val Acc: 97.24% | Best at iter 6000
  Iter 18000/50000 | Val Loss: 0.1406 | Val Acc: 97.24% | Best at iter 6000
  Iter 19000/50000 | Val Loss: 0.1578 | Val Acc: 97.18% | Best at iter 6000
  Iter 20000/50000 | Val Loss: 0.1505 | Val Acc: 97.34% | Best at iter 6000
  Iter 21000/50000 | Val Loss: 0.1502 | Val Acc: 97.40% | Best at iter 6000
  Iter 22000/50000 | Val Loss: 0.1435 | Val Acc: 97.32% | Best at iter 6000
  Iter 23000/50000 | Val Loss: 0.1685 | Val Acc: 97.48% | Best at iter 6000
  Iter 24000/50000 | Val Loss: 0.1665 | Val Acc: 97.32% | Best at iter 6000
  Iter 25000/50000 | Val Loss: 0.1672 | Val Acc: 97.30% | Best at iter 6000
  Iter 26000/50000 | Val Loss: 0.1575 | Val Acc: 97.42% | Best at iter 6000
  Iter 27000/50000 | Val Loss: 0.1652 | Val Acc: 97.34% | Best at iter 6000
  Iter 28000/50000 | Val Loss: 0.2012 | Val Acc: 97.16% | Best at iter 6000
  Iter 29000/50000 | Val Loss: 0.1832 | Val Acc: 97.12% | Best at iter 6000
  Iter 30000/50000 | Val Loss: 0.1754 | Val Acc: 97.42% | Best at iter 6000
  Iter 31000/50000 | Val Loss: 0.1653 | Val Acc: 97.58% | Best at iter 6000
  Iter 32000/50000 | Val Loss: 0.1860 | Val Acc: 97.48% | Best at iter 6000
  Iter 33000/50000 | Val Loss: 0.1783 | Val Acc: 97.18% | Best at iter 6000
  Iter 34000/50000 | Val Loss: 0.1811 | Val Acc: 97.44% | Best at iter 6000
  Iter 35000/50000 | Val Loss: 0.2006 | Val Acc: 97.30% | Best at iter 6000
  Iter 36000/50000 | Val Loss: 0.1826 | Val Acc: 97.44% | Best at iter 6000
  Iter 37000/50000 | Val Loss: 0.1743 | Val Acc: 97.52% | Best at iter 6000
  Iter 38000/50000 | Val Loss: 0.1976 | Val Acc: 97.32% | Best at iter 6000
  Iter 39000/50000 | Val Loss: 0.1889 | Val Acc: 97.42% | Best at iter 6000
  Iter 40000/50000 | Val Loss: 0.1821 | Val Acc: 97.46% | Best at iter 6000
  Iter 41000/50000 | Val Loss: 0.2106 | Val Acc: 97.52% | Best at iter 6000
  Iter 42000/50000 | Val Loss: 0.1903 | Val Acc: 97.44% | Best at iter 6000
  Iter 43000/50000 | Val Loss: 0.1746 | Val Acc: 97.72% | Best at iter 6000
  Iter 44000/50000 | Val Loss: 0.1917 | Val Acc: 97.38% | Best at iter 6000
  Iter 45000/50000 | Val Loss: 0.2391 | Val Acc: 97.26% | Best at iter 6000
  Iter 46000/50000 | Val Loss: 0.2228 | Val Acc: 97.28% | Best at iter 6000
  Iter 47000/50000 | Val Loss: 0.2183 | Val Acc: 97.48% | Best at iter 6000
  Iter 48000/50000 | Val Loss: 0.2513 | Val Acc: 97.18% | Best at iter 6000
  Iter 49000/50000 | Val Loss: 0.2187 | Val Acc: 97.40% | Best at iter 6000
  Iter 50000/50000 | Val Loss: 0.2147 | Val Acc: 97.46% | Best at iter 6000

──────────────────────────────────────────────────────────────────────
Early stop: iteration 6000
Val loss at early stop: 0.0873
Test accuracy at early stop: 97.50%
──────────────────────────────────────────────────────────────────────

======================================================================
One-Shot Reinit
Sparsity: 12.5% | Trial: 3.1/3x2
======================================================================
  Iter 1000/50000 | Val Loss: 0.1621 | Val Acc: 95.20% | Best at iter 1000
  Iter 2000/50000 | Val Loss: 0.1141 | Val Acc: 96.44% | Best at iter 2000
  Iter 3000/50000 | Val Loss: 0.0983 | Val Acc: 96.88% | Best at iter 3000
  Iter 4000/50000 | Val Loss: 0.0933 | Val Acc: 97.14% | Best at iter 3500
  Iter 5000/50000 | Val Loss: 0.0918 | Val Acc: 97.18% | Best at iter 4500
  Iter 6000/50000 | Val Loss: 0.0870 | Val Acc: 97.40% | Best at iter 5700
  Iter 7000/50000 | Val Loss: 0.0933 | Val Acc: 97.38% | Best at iter 5700
  Iter 8000/50000 | Val Loss: 0.0960 | Val Acc: 97.32% | Best at iter 5700
  Iter 9000/50000 | Val Loss: 0.0971 | Val Acc: 97.38% | Best at iter 5700
  Iter 10000/50000 | Val Loss: 0.0945 | Val Acc: 97.66% | Best at iter 5700
  Iter 11000/50000 | Val Loss: 0.1078 | Val Acc: 97.40% | Best at iter 5700
  Iter 12000/50000 | Val Loss: 0.1104 | Val Acc: 97.50% | Best at iter 5700
  Iter 13000/50000 | Val Loss: 0.1150 | Val Acc: 97.54% | Best at iter 5700
  Iter 14000/50000 | Val Loss: 0.1146 | Val Acc: 97.40% | Best at iter 5700
  Iter 15000/50000 | Val Loss: 0.1222 | Val Acc: 97.62% | Best at iter 5700
  Iter 16000/50000 | Val Loss: 0.1282 | Val Acc: 97.30% | Best at iter 5700
  Iter 17000/50000 | Val Loss: 0.1388 | Val Acc: 97.26% | Best at iter 5700
  Iter 18000/50000 | Val Loss: 0.1483 | Val Acc: 97.04% | Best at iter 5700
  Iter 19000/50000 | Val Loss: 0.1420 | Val Acc: 97.54% | Best at iter 5700
  Iter 20000/50000 | Val Loss: 0.1621 | Val Acc: 97.02% | Best at iter 5700
  Iter 21000/50000 | Val Loss: 0.1836 | Val Acc: 96.76% | Best at iter 5700
  Iter 22000/50000 | Val Loss: 0.1552 | Val Acc: 97.32% | Best at iter 5700
  Iter 23000/50000 | Val Loss: 0.1783 | Val Acc: 97.18% | Best at iter 5700
  Iter 24000/50000 | Val Loss: 0.1480 | Val Acc: 97.46% | Best at iter 5700
  Iter 25000/50000 | Val Loss: 0.1783 | Val Acc: 97.08% | Best at iter 5700
  Iter 26000/50000 | Val Loss: 0.1646 | Val Acc: 97.50% | Best at iter 5700
  Iter 27000/50000 | Val Loss: 0.1616 | Val Acc: 97.30% | Best at iter 5700
  Iter 28000/50000 | Val Loss: 0.1757 | Val Acc: 97.34% | Best at iter 5700
  Iter 29000/50000 | Val Loss: 0.1856 | Val Acc: 97.28% | Best at iter 5700
  Iter 30000/50000 | Val Loss: 0.1772 | Val Acc: 97.42% | Best at iter 5700
  Iter 31000/50000 | Val Loss: 0.1956 | Val Acc: 97.26% | Best at iter 5700
  Iter 32000/50000 | Val Loss: 0.1717 | Val Acc: 97.42% | Best at iter 5700
  Iter 33000/50000 | Val Loss: 0.1945 | Val Acc: 97.48% | Best at iter 5700
  Iter 34000/50000 | Val Loss: 0.1881 | Val Acc: 97.38% | Best at iter 5700
  Iter 35000/50000 | Val Loss: 0.1831 | Val Acc: 97.50% | Best at iter 5700
  Iter 36000/50000 | Val Loss: 0.1849 | Val Acc: 97.42% | Best at iter 5700
  Iter 37000/50000 | Val Loss: 0.1784 | Val Acc: 97.56% | Best at iter 5700
  Iter 38000/50000 | Val Loss: 0.1892 | Val Acc: 97.30% | Best at iter 5700
  Iter 39000/50000 | Val Loss: 0.1997 | Val Acc: 97.38% | Best at iter 5700
  Iter 40000/50000 | Val Loss: 0.2052 | Val Acc: 97.26% | Best at iter 5700
  Iter 41000/50000 | Val Loss: 0.2302 | Val Acc: 97.14% | Best at iter 5700
  Iter 42000/50000 | Val Loss: 0.2340 | Val Acc: 97.02% | Best at iter 5700
  Iter 43000/50000 | Val Loss: 0.2111 | Val Acc: 97.38% | Best at iter 5700
  Iter 44000/50000 | Val Loss: 0.2177 | Val Acc: 97.12% | Best at iter 5700
  Iter 45000/50000 | Val Loss: 0.2059 | Val Acc: 97.44% | Best at iter 5700
  Iter 46000/50000 | Val Loss: 0.2295 | Val Acc: 97.30% | Best at iter 5700
  Iter 47000/50000 | Val Loss: 0.2203 | Val Acc: 97.56% | Best at iter 5700
  Iter 48000/50000 | Val Loss: 0.2179 | Val Acc: 97.40% | Best at iter 5700
  Iter 49000/50000 | Val Loss: 0.2171 | Val Acc: 97.54% | Best at iter 5700
  Iter 50000/50000 | Val Loss: 0.2054 | Val Acc: 97.56% | Best at iter 5700

──────────────────────────────────────────────────────────────────────
Early stop: iteration 5700
Val loss at early stop: 0.0824
Test accuracy at early stop: 97.40%
──────────────────────────────────────────────────────────────────────

======================================================================
One-Shot Reinit
Sparsity: 12.5% | Trial: 3.2/3x2
======================================================================
  Iter 1000/50000 | Val Loss: 0.1723 | Val Acc: 94.86% | Best at iter 1000
  Iter 2000/50000 | Val Loss: 0.1203 | Val Acc: 96.42% | Best at iter 2000
  Iter 3000/50000 | Val Loss: 0.1107 | Val Acc: 96.70% | Best at iter 2900
  Iter 4000/50000 | Val Loss: 0.1039 | Val Acc: 96.90% | Best at iter 3600
  Iter 5000/50000 | Val Loss: 0.0950 | Val Acc: 97.20% | Best at iter 4700
  Iter 6000/50000 | Val Loss: 0.0908 | Val Acc: 97.36% | Best at iter 4700
  Iter 7000/50000 | Val Loss: 0.0971 | Val Acc: 97.18% | Best at iter 6600
  Iter 8000/50000 | Val Loss: 0.1027 | Val Acc: 97.28% | Best at iter 6600
  Iter 9000/50000 | Val Loss: 0.1014 | Val Acc: 97.20% | Best at iter 6600
  Iter 10000/50000 | Val Loss: 0.1108 | Val Acc: 97.00% | Best at iter 6600
  Iter 11000/50000 | Val Loss: 0.1141 | Val Acc: 97.10% | Best at iter 6600
  Iter 12000/50000 | Val Loss: 0.1164 | Val Acc: 97.22% | Best at iter 6600
  Iter 13000/50000 | Val Loss: 0.1254 | Val Acc: 97.36% | Best at iter 6600
  Iter 14000/50000 | Val Loss: 0.1229 | Val Acc: 97.28% | Best at iter 6600
  Iter 15000/50000 | Val Loss: 0.1243 | Val Acc: 97.44% | Best at iter 6600
  Iter 16000/50000 | Val Loss: 0.1355 | Val Acc: 97.28% | Best at iter 6600
  Iter 17000/50000 | Val Loss: 0.1301 | Val Acc: 97.28% | Best at iter 6600
  Iter 18000/50000 | Val Loss: 0.1346 | Val Acc: 97.30% | Best at iter 6600
  Iter 19000/50000 | Val Loss: 0.1559 | Val Acc: 97.34% | Best at iter 6600
  Iter 20000/50000 | Val Loss: 0.1514 | Val Acc: 97.04% | Best at iter 6600
  Iter 21000/50000 | Val Loss: 0.1565 | Val Acc: 97.18% | Best at iter 6600
  Iter 22000/50000 | Val Loss: 0.1517 | Val Acc: 97.24% | Best at iter 6600
  Iter 23000/50000 | Val Loss: 0.1378 | Val Acc: 97.58% | Best at iter 6600
  Iter 24000/50000 | Val Loss: 0.1453 | Val Acc: 97.56% | Best at iter 6600
  Iter 25000/50000 | Val Loss: 0.1596 | Val Acc: 97.34% | Best at iter 6600
  Iter 26000/50000 | Val Loss: 0.1795 | Val Acc: 97.38% | Best at iter 6600
  Iter 27000/50000 | Val Loss: 0.1789 | Val Acc: 97.32% | Best at iter 6600
  Iter 28000/50000 | Val Loss: 0.1776 | Val Acc: 97.42% | Best at iter 6600
  Iter 29000/50000 | Val Loss: 0.1755 | Val Acc: 97.38% | Best at iter 6600
  Iter 30000/50000 | Val Loss: 0.1701 | Val Acc: 97.66% | Best at iter 6600
  Iter 31000/50000 | Val Loss: 0.1745 | Val Acc: 97.22% | Best at iter 6600
  Iter 32000/50000 | Val Loss: 0.1664 | Val Acc: 97.32% | Best at iter 6600
  Iter 33000/50000 | Val Loss: 0.1902 | Val Acc: 97.24% | Best at iter 6600
  Iter 34000/50000 | Val Loss: 0.1690 | Val Acc: 97.26% | Best at iter 6600
  Iter 35000/50000 | Val Loss: 0.1836 | Val Acc: 97.42% | Best at iter 6600
  Iter 36000/50000 | Val Loss: 0.1887 | Val Acc: 97.72% | Best at iter 6600
  Iter 37000/50000 | Val Loss: 0.1865 | Val Acc: 97.52% | Best at iter 6600
  Iter 38000/50000 | Val Loss: 0.1822 | Val Acc: 97.56% | Best at iter 6600
  Iter 39000/50000 | Val Loss: 0.2131 | Val Acc: 97.38% | Best at iter 6600
  Iter 40000/50000 | Val Loss: 0.2059 | Val Acc: 97.44% | Best at iter 6600
  Iter 41000/50000 | Val Loss: 0.2083 | Val Acc: 97.42% | Best at iter 6600
  Iter 42000/50000 | Val Loss: 0.2133 | Val Acc: 97.30% | Best at iter 6600
  Iter 43000/50000 | Val Loss: 0.1970 | Val Acc: 97.44% | Best at iter 6600
  Iter 44000/50000 | Val Loss: 0.1814 | Val Acc: 97.64% | Best at iter 6600
  Iter 45000/50000 | Val Loss: 0.1828 | Val Acc: 97.58% | Best at iter 6600
  Iter 46000/50000 | Val Loss: 0.1830 | Val Acc: 97.58% | Best at iter 6600
  Iter 47000/50000 | Val Loss: 0.1833 | Val Acc: 97.58% | Best at iter 6600
  Iter 48000/50000 | Val Loss: 0.1856 | Val Acc: 97.64% | Best at iter 6600
  Iter 49000/50000 | Val Loss: 0.1853 | Val Acc: 97.60% | Best at iter 6600
  Iter 50000/50000 | Val Loss: 0.1879 | Val Acc: 97.58% | Best at iter 6600

──────────────────────────────────────────────────────────────────────
Early stop: iteration 6600
Val loss at early stop: 0.0834
Test accuracy at early stop: 97.50%
──────────────────────────────────────────────────────────────────────

======================================================================
One-Shot Reinit
Sparsity: 6.2% | Trial: 1.1/3x2
======================================================================
  Iter 1000/50000 | Val Loss: 0.2165 | Val Acc: 93.66% | Best at iter 1000
  Iter 2000/50000 | Val Loss: 0.1655 | Val Acc: 95.12% | Best at iter 2000
  Iter 3000/50000 | Val Loss: 0.1397 | Val Acc: 95.68% | Best at iter 2900
  Iter 4000/50000 | Val Loss: 0.1206 | Val Acc: 96.30% | Best at iter 4000
  Iter 5000/50000 | Val Loss: 0.1148 | Val Acc: 96.38% | Best at iter 4800
  Iter 6000/50000 | Val Loss: 0.1090 | Val Acc: 96.78% | Best at iter 5900
  Iter 7000/50000 | Val Loss: 0.1067 | Val Acc: 96.76% | Best at iter 6800
  Iter 8000/50000 | Val Loss: 0.1064 | Val Acc: 97.02% | Best at iter 7600
  Iter 9000/50000 | Val Loss: 0.1068 | Val Acc: 97.08% | Best at iter 8200
  Iter 10000/50000 | Val Loss: 0.1125 | Val Acc: 96.78% | Best at iter 9800
  Iter 11000/50000 | Val Loss: 0.1091 | Val Acc: 97.06% | Best at iter 9800
  Iter 12000/50000 | Val Loss: 0.1108 | Val Acc: 97.08% | Best at iter 11200
  Iter 13000/50000 | Val Loss: 0.1099 | Val Acc: 97.16% | Best at iter 11200
  Iter 14000/50000 | Val Loss: 0.1143 | Val Acc: 97.06% | Best at iter 11200
  Iter 15000/50000 | Val Loss: 0.1167 | Val Acc: 97.24% | Best at iter 11200
  Iter 16000/50000 | Val Loss: 0.1129 | Val Acc: 97.24% | Best at iter 11200
  Iter 17000/50000 | Val Loss: 0.1255 | Val Acc: 97.12% | Best at iter 11200
  Iter 18000/50000 | Val Loss: 0.1238 | Val Acc: 97.22% | Best at iter 11200
  Iter 19000/50000 | Val Loss: 0.1341 | Val Acc: 96.92% | Best at iter 11200
  Iter 20000/50000 | Val Loss: 0.1327 | Val Acc: 97.22% | Best at iter 11200
  Iter 21000/50000 | Val Loss: 0.1344 | Val Acc: 97.26% | Best at iter 11200
  Iter 22000/50000 | Val Loss: 0.1447 | Val Acc: 96.86% | Best at iter 11200
  Iter 23000/50000 | Val Loss: 0.1378 | Val Acc: 97.14% | Best at iter 11200
  Iter 24000/50000 | Val Loss: 0.1439 | Val Acc: 97.24% | Best at iter 11200
  Iter 25000/50000 | Val Loss: 0.1463 | Val Acc: 96.96% | Best at iter 11200
  Iter 26000/50000 | Val Loss: 0.1490 | Val Acc: 97.20% | Best at iter 11200
  Iter 27000/50000 | Val Loss: 0.1465 | Val Acc: 96.96% | Best at iter 11200
  Iter 28000/50000 | Val Loss: 0.1523 | Val Acc: 97.42% | Best at iter 11200
  Iter 29000/50000 | Val Loss: 0.1582 | Val Acc: 97.24% | Best at iter 11200
  Iter 30000/50000 | Val Loss: 0.1772 | Val Acc: 96.80% | Best at iter 11200
  Iter 31000/50000 | Val Loss: 0.1587 | Val Acc: 97.28% | Best at iter 11200
  Iter 32000/50000 | Val Loss: 0.1621 | Val Acc: 97.26% | Best at iter 11200
  Iter 33000/50000 | Val Loss: 0.1779 | Val Acc: 97.10% | Best at iter 11200
  Iter 34000/50000 | Val Loss: 0.1768 | Val Acc: 97.16% | Best at iter 11200
  Iter 35000/50000 | Val Loss: 0.1727 | Val Acc: 97.46% | Best at iter 11200
  Iter 36000/50000 | Val Loss: 0.1797 | Val Acc: 97.36% | Best at iter 11200
  Iter 37000/50000 | Val Loss: 0.1791 | Val Acc: 97.24% | Best at iter 11200
  Iter 38000/50000 | Val Loss: 0.1831 | Val Acc: 97.40% | Best at iter 11200
  Iter 39000/50000 | Val Loss: 0.1768 | Val Acc: 97.40% | Best at iter 11200
  Iter 40000/50000 | Val Loss: 0.1838 | Val Acc: 97.24% | Best at iter 11200
  Iter 41000/50000 | Val Loss: 0.1962 | Val Acc: 97.02% | Best at iter 11200
  Iter 42000/50000 | Val Loss: 0.1837 | Val Acc: 97.26% | Best at iter 11200
  Iter 43000/50000 | Val Loss: 0.1956 | Val Acc: 97.32% | Best at iter 11200
  Iter 44000/50000 | Val Loss: 0.2057 | Val Acc: 97.34% | Best at iter 11200
  Iter 45000/50000 | Val Loss: 0.2018 | Val Acc: 97.26% | Best at iter 11200
  Iter 46000/50000 | Val Loss: 0.1862 | Val Acc: 97.46% | Best at iter 11200
  Iter 47000/50000 | Val Loss: 0.1907 | Val Acc: 97.42% | Best at iter 11200
  Iter 48000/50000 | Val Loss: 0.2015 | Val Acc: 97.18% | Best at iter 11200
  Iter 49000/50000 | Val Loss: 0.2044 | Val Acc: 97.44% | Best at iter 11200
  Iter 50000/50000 | Val Loss: 0.2058 | Val Acc: 97.42% | Best at iter 11200

──────────────────────────────────────────────────────────────────────
Early stop: iteration 11200
Val loss at early stop: 0.1000
Test accuracy at early stop: 97.24%
──────────────────────────────────────────────────────────────────────

======================================================================
One-Shot Reinit
Sparsity: 6.2% | Trial: 1.2/3x2
======================================================================
  Iter 1000/50000 | Val Loss: 0.2214 | Val Acc: 93.78% | Best at iter 1000
  Iter 2000/50000 | Val Loss: 0.1610 | Val Acc: 95.34% | Best at iter 2000
  Iter 3000/50000 | Val Loss: 0.1380 | Val Acc: 96.02% | Best at iter 2900
  Iter 4000/50000 | Val Loss: 0.1262 | Val Acc: 96.34% | Best at iter 3800
  Iter 5000/50000 | Val Loss: 0.1179 | Val Acc: 96.70% | Best at iter 4800
  Iter 6000/50000 | Val Loss: 0.1140 | Val Acc: 96.96% | Best at iter 5800
  Iter 7000/50000 | Val Loss: 0.1122 | Val Acc: 96.88% | Best at iter 6700
  Iter 8000/50000 | Val Loss: 0.1080 | Val Acc: 97.06% | Best at iter 8000
  Iter 9000/50000 | Val Loss: 0.1120 | Val Acc: 97.02% | Best at iter 8300
  Iter 10000/50000 | Val Loss: 0.1131 | Val Acc: 96.94% | Best at iter 8300
  Iter 11000/50000 | Val Loss: 0.1128 | Val Acc: 97.26% | Best at iter 8300
  Iter 12000/50000 | Val Loss: 0.1198 | Val Acc: 97.36% | Best at iter 8300
  Iter 13000/50000 | Val Loss: 0.1269 | Val Acc: 96.90% | Best at iter 8300
  Iter 14000/50000 | Val Loss: 0.1235 | Val Acc: 97.14% | Best at iter 8300
  Iter 15000/50000 | Val Loss: 0.1306 | Val Acc: 96.98% | Best at iter 8300
  Iter 16000/50000 | Val Loss: 0.1284 | Val Acc: 97.16% | Best at iter 8300
  Iter 17000/50000 | Val Loss: 0.1393 | Val Acc: 96.90% | Best at iter 8300
  Iter 18000/50000 | Val Loss: 0.1434 | Val Acc: 96.94% | Best at iter 8300
  Iter 19000/50000 | Val Loss: 0.1438 | Val Acc: 97.12% | Best at iter 8300
  Iter 20000/50000 | Val Loss: 0.1560 | Val Acc: 96.80% | Best at iter 8300
  Iter 21000/50000 | Val Loss: 0.1480 | Val Acc: 97.14% | Best at iter 8300
  Iter 22000/50000 | Val Loss: 0.1532 | Val Acc: 96.88% | Best at iter 8300
  Iter 23000/50000 | Val Loss: 0.1523 | Val Acc: 97.14% | Best at iter 8300
  Iter 24000/50000 | Val Loss: 0.1605 | Val Acc: 96.96% | Best at iter 8300
  Iter 25000/50000 | Val Loss: 0.1628 | Val Acc: 97.08% | Best at iter 8300
  Iter 26000/50000 | Val Loss: 0.1907 | Val Acc: 96.62% | Best at iter 8300
  Iter 27000/50000 | Val Loss: 0.1802 | Val Acc: 96.78% | Best at iter 8300
  Iter 28000/50000 | Val Loss: 0.1798 | Val Acc: 96.92% | Best at iter 8300
  Iter 29000/50000 | Val Loss: 0.1818 | Val Acc: 97.18% | Best at iter 8300
  Iter 30000/50000 | Val Loss: 0.2010 | Val Acc: 96.92% | Best at iter 8300
  Iter 31000/50000 | Val Loss: 0.2021 | Val Acc: 97.10% | Best at iter 8300
  Iter 32000/50000 | Val Loss: 0.1960 | Val Acc: 97.12% | Best at iter 8300
  Iter 33000/50000 | Val Loss: 0.2044 | Val Acc: 96.94% | Best at iter 8300
  Iter 34000/50000 | Val Loss: 0.2159 | Val Acc: 96.76% | Best at iter 8300
  Iter 35000/50000 | Val Loss: 0.2037 | Val Acc: 97.28% | Best at iter 8300
  Iter 36000/50000 | Val Loss: 0.2221 | Val Acc: 96.82% | Best at iter 8300
  Iter 37000/50000 | Val Loss: 0.2163 | Val Acc: 97.00% | Best at iter 8300
  Iter 38000/50000 | Val Loss: 0.2214 | Val Acc: 96.84% | Best at iter 8300
  Iter 39000/50000 | Val Loss: 0.2144 | Val Acc: 96.78% | Best at iter 8300
  Iter 40000/50000 | Val Loss: 0.2243 | Val Acc: 96.84% | Best at iter 8300
  Iter 41000/50000 | Val Loss: 0.2145 | Val Acc: 96.98% | Best at iter 8300
  Iter 42000/50000 | Val Loss: 0.2200 | Val Acc: 96.92% | Best at iter 8300
  Iter 43000/50000 | Val Loss: 0.2209 | Val Acc: 97.06% | Best at iter 8300
  Iter 44000/50000 | Val Loss: 0.2610 | Val Acc: 96.74% | Best at iter 8300
  Iter 45000/50000 | Val Loss: 0.2387 | Val Acc: 96.78% | Best at iter 8300
  Iter 46000/50000 | Val Loss: 0.2419 | Val Acc: 96.98% | Best at iter 8300
  Iter 47000/50000 | Val Loss: 0.2475 | Val Acc: 96.90% | Best at iter 8300
  Iter 48000/50000 | Val Loss: 0.2321 | Val Acc: 97.20% | Best at iter 8300
  Iter 49000/50000 | Val Loss: 0.2365 | Val Acc: 97.06% | Best at iter 8300
  Iter 50000/50000 | Val Loss: 0.2447 | Val Acc: 97.04% | Best at iter 8300

──────────────────────────────────────────────────────────────────────
Early stop: iteration 8300
Val loss at early stop: 0.1075
Test accuracy at early stop: 97.02%
──────────────────────────────────────────────────────────────────────

======================================================================
One-Shot Reinit
Sparsity: 6.2% | Trial: 2.1/3x2
======================================================================
  Iter 1000/50000 | Val Loss: 0.2224 | Val Acc: 93.62% | Best at iter 1000
  Iter 2000/50000 | Val Loss: 0.1622 | Val Acc: 95.14% | Best at iter 2000
  Iter 3000/50000 | Val Loss: 0.1409 | Val Acc: 95.68% | Best at iter 2700
  Iter 4000/50000 | Val Loss: 0.1204 | Val Acc: 96.40% | Best at iter 4000
  Iter 5000/50000 | Val Loss: 0.1159 | Val Acc: 96.50% | Best at iter 4600
  Iter 6000/50000 | Val Loss: 0.1079 | Val Acc: 96.72% | Best at iter 6000
  Iter 7000/50000 | Val Loss: 0.1073 | Val Acc: 96.68% | Best at iter 6700
  Iter 8000/50000 | Val Loss: 0.1019 | Val Acc: 96.90% | Best at iter 7400
  Iter 9000/50000 | Val Loss: 0.1042 | Val Acc: 96.94% | Best at iter 7400
  Iter 10000/50000 | Val Loss: 0.0996 | Val Acc: 97.18% | Best at iter 9500
  Iter 11000/50000 | Val Loss: 0.1065 | Val Acc: 97.22% | Best at iter 9500
  Iter 12000/50000 | Val Loss: 0.1027 | Val Acc: 97.26% | Best at iter 9500
  Iter 13000/50000 | Val Loss: 0.1030 | Val Acc: 97.22% | Best at iter 9500
  Iter 14000/50000 | Val Loss: 0.1107 | Val Acc: 97.10% | Best at iter 9500
  Iter 15000/50000 | Val Loss: 0.1142 | Val Acc: 97.28% | Best at iter 9500
  Iter 16000/50000 | Val Loss: 0.1232 | Val Acc: 97.06% | Best at iter 9500
  Iter 17000/50000 | Val Loss: 0.1177 | Val Acc: 97.14% | Best at iter 9500
  Iter 18000/50000 | Val Loss: 0.1210 | Val Acc: 96.98% | Best at iter 9500
  Iter 19000/50000 | Val Loss: 0.1249 | Val Acc: 97.24% | Best at iter 9500
  Iter 20000/50000 | Val Loss: 0.1239 | Val Acc: 97.30% | Best at iter 9500
  Iter 21000/50000 | Val Loss: 0.1419 | Val Acc: 97.02% | Best at iter 9500
  Iter 22000/50000 | Val Loss: 0.1422 | Val Acc: 96.92% | Best at iter 9500
  Iter 23000/50000 | Val Loss: 0.1384 | Val Acc: 97.14% | Best at iter 9500
  Iter 24000/50000 | Val Loss: 0.1515 | Val Acc: 97.06% | Best at iter 9500
  Iter 25000/50000 | Val Loss: 0.1463 | Val Acc: 97.16% | Best at iter 9500
  Iter 26000/50000 | Val Loss: 0.1485 | Val Acc: 96.86% | Best at iter 9500
  Iter 27000/50000 | Val Loss: 0.1517 | Val Acc: 97.10% | Best at iter 9500
  Iter 28000/50000 | Val Loss: 0.1565 | Val Acc: 97.08% | Best at iter 9500
  Iter 29000/50000 | Val Loss: 0.1853 | Val Acc: 96.84% | Best at iter 9500
  Iter 30000/50000 | Val Loss: 0.1657 | Val Acc: 96.94% | Best at iter 9500
  Iter 31000/50000 | Val Loss: 0.1625 | Val Acc: 97.14% | Best at iter 9500
  Iter 32000/50000 | Val Loss: 0.1880 | Val Acc: 96.84% | Best at iter 9500
  Iter 33000/50000 | Val Loss: 0.1927 | Val Acc: 96.88% | Best at iter 9500
  Iter 34000/50000 | Val Loss: 0.1825 | Val Acc: 97.06% | Best at iter 9500
  Iter 35000/50000 | Val Loss: 0.1756 | Val Acc: 97.10% | Best at iter 9500
  Iter 36000/50000 | Val Loss: 0.1788 | Val Acc: 97.14% | Best at iter 9500
  Iter 37000/50000 | Val Loss: 0.1929 | Val Acc: 97.08% | Best at iter 9500
  Iter 38000/50000 | Val Loss: 0.1962 | Val Acc: 97.06% | Best at iter 9500
  Iter 39000/50000 | Val Loss: 0.1840 | Val Acc: 97.26% | Best at iter 9500
  Iter 40000/50000 | Val Loss: 0.1968 | Val Acc: 97.08% | Best at iter 9500
  Iter 41000/50000 | Val Loss: 0.1891 | Val Acc: 97.18% | Best at iter 9500
  Iter 42000/50000 | Val Loss: 0.2066 | Val Acc: 96.98% | Best at iter 9500
  Iter 43000/50000 | Val Loss: 0.2233 | Val Acc: 96.94% | Best at iter 9500
  Iter 44000/50000 | Val Loss: 0.2040 | Val Acc: 97.00% | Best at iter 9500
  Iter 45000/50000 | Val Loss: 0.1959 | Val Acc: 97.14% | Best at iter 9500
  Iter 46000/50000 | Val Loss: 0.2167 | Val Acc: 96.94% | Best at iter 9500
  Iter 47000/50000 | Val Loss: 0.2065 | Val Acc: 97.08% | Best at iter 9500
  Iter 48000/50000 | Val Loss: 0.2392 | Val Acc: 96.82% | Best at iter 9500
  Iter 49000/50000 | Val Loss: 0.2187 | Val Acc: 96.82% | Best at iter 9500
  Iter 50000/50000 | Val Loss: 0.2192 | Val Acc: 96.92% | Best at iter 9500

──────────────────────────────────────────────────────────────────────
Early stop: iteration 9500
Val loss at early stop: 0.0959
Test accuracy at early stop: 97.24%
──────────────────────────────────────────────────────────────────────

======================================================================
One-Shot Reinit
Sparsity: 6.2% | Trial: 2.2/3x2
======================================================================
  Iter 1000/50000 | Val Loss: 0.2311 | Val Acc: 93.28% | Best at iter 1000
  Iter 2000/50000 | Val Loss: 0.1672 | Val Acc: 95.18% | Best at iter 2000
  Iter 3000/50000 | Val Loss: 0.1375 | Val Acc: 95.74% | Best at iter 3000
  Iter 4000/50000 | Val Loss: 0.1222 | Val Acc: 96.12% | Best at iter 4000
  Iter 5000/50000 | Val Loss: 0.1201 | Val Acc: 96.10% | Best at iter 4700
  Iter 6000/50000 | Val Loss: 0.1053 | Val Acc: 96.60% | Best at iter 5700
  Iter 7000/50000 | Val Loss: 0.0998 | Val Acc: 96.70% | Best at iter 6900
  Iter 8000/50000 | Val Loss: 0.1041 | Val Acc: 96.64% | Best at iter 7500
  Iter 9000/50000 | Val Loss: 0.0991 | Val Acc: 96.98% | Best at iter 8900
  Iter 10000/50000 | Val Loss: 0.1005 | Val Acc: 97.04% | Best at iter 9600
  Iter 11000/50000 | Val Loss: 0.1049 | Val Acc: 96.90% | Best at iter 9600
  Iter 12000/50000 | Val Loss: 0.1010 | Val Acc: 96.94% | Best at iter 9600
  Iter 13000/50000 | Val Loss: 0.1097 | Val Acc: 96.86% | Best at iter 9600
  Iter 14000/50000 | Val Loss: 0.1074 | Val Acc: 96.96% | Best at iter 9600
  Iter 15000/50000 | Val Loss: 0.1152 | Val Acc: 96.96% | Best at iter 9600
  Iter 16000/50000 | Val Loss: 0.1173 | Val Acc: 96.92% | Best at iter 9600
  Iter 17000/50000 | Val Loss: 0.1308 | Val Acc: 96.64% | Best at iter 9600
  Iter 18000/50000 | Val Loss: 0.1187 | Val Acc: 96.82% | Best at iter 9600
  Iter 19000/50000 | Val Loss: 0.1221 | Val Acc: 96.84% | Best at iter 9600
  Iter 20000/50000 | Val Loss: 0.1307 | Val Acc: 96.86% | Best at iter 9600
  Iter 21000/50000 | Val Loss: 0.1345 | Val Acc: 96.84% | Best at iter 9600
  Iter 22000/50000 | Val Loss: 0.1464 | Val Acc: 96.76% | Best at iter 9600
  Iter 23000/50000 | Val Loss: 0.1455 | Val Acc: 96.90% | Best at iter 9600
  Iter 24000/50000 | Val Loss: 0.1407 | Val Acc: 96.98% | Best at iter 9600
  Iter 25000/50000 | Val Loss: 0.1506 | Val Acc: 96.72% | Best at iter 9600
  Iter 26000/50000 | Val Loss: 0.1545 | Val Acc: 97.14% | Best at iter 9600
  Iter 27000/50000 | Val Loss: 0.1589 | Val Acc: 96.92% | Best at iter 9600
  Iter 28000/50000 | Val Loss: 0.1534 | Val Acc: 97.02% | Best at iter 9600
  Iter 29000/50000 | Val Loss: 0.1795 | Val Acc: 96.72% | Best at iter 9600
  Iter 30000/50000 | Val Loss: 0.1581 | Val Acc: 97.02% | Best at iter 9600
  Iter 31000/50000 | Val Loss: 0.1611 | Val Acc: 97.10% | Best at iter 9600
  Iter 32000/50000 | Val Loss: 0.1712 | Val Acc: 96.86% | Best at iter 9600
  Iter 33000/50000 | Val Loss: 0.1856 | Val Acc: 96.94% | Best at iter 9600
  Iter 34000/50000 | Val Loss: 0.1790 | Val Acc: 96.90% | Best at iter 9600
  Iter 35000/50000 | Val Loss: 0.1793 | Val Acc: 96.98% | Best at iter 9600
  Iter 36000/50000 | Val Loss: 0.1829 | Val Acc: 96.78% | Best at iter 9600
  Iter 37000/50000 | Val Loss: 0.1932 | Val Acc: 96.96% | Best at iter 9600
  Iter 38000/50000 | Val Loss: 0.1931 | Val Acc: 97.02% | Best at iter 9600
  Iter 39000/50000 | Val Loss: 0.1817 | Val Acc: 97.04% | Best at iter 9600
  Iter 40000/50000 | Val Loss: 0.1963 | Val Acc: 96.98% | Best at iter 9600
  Iter 41000/50000 | Val Loss: 0.1857 | Val Acc: 97.14% | Best at iter 9600
  Iter 42000/50000 | Val Loss: 0.1950 | Val Acc: 96.88% | Best at iter 9600
  Iter 43000/50000 | Val Loss: 0.1963 | Val Acc: 96.86% | Best at iter 9600
  Iter 44000/50000 | Val Loss: 0.2034 | Val Acc: 96.74% | Best at iter 9600
  Iter 45000/50000 | Val Loss: 0.1922 | Val Acc: 97.02% | Best at iter 9600
  Iter 46000/50000 | Val Loss: 0.2222 | Val Acc: 96.70% | Best at iter 9600
  Iter 47000/50000 | Val Loss: 0.1966 | Val Acc: 96.90% | Best at iter 9600
  Iter 48000/50000 | Val Loss: 0.2065 | Val Acc: 97.18% | Best at iter 9600
  Iter 49000/50000 | Val Loss: 0.2032 | Val Acc: 97.12% | Best at iter 9600
  Iter 50000/50000 | Val Loss: 0.2088 | Val Acc: 97.08% | Best at iter 9600

──────────────────────────────────────────────────────────────────────
Early stop: iteration 9600
Val loss at early stop: 0.0963
Test accuracy at early stop: 97.00%
──────────────────────────────────────────────────────────────────────

======================================================================
One-Shot Reinit
Sparsity: 6.2% | Trial: 3.1/3x2
======================================================================
  Iter 1000/50000 | Val Loss: 0.2553 | Val Acc: 92.82% | Best at iter 1000
  Iter 2000/50000 | Val Loss: 0.1831 | Val Acc: 95.10% | Best at iter 2000
  Iter 3000/50000 | Val Loss: 0.1490 | Val Acc: 95.74% | Best at iter 3000
  Iter 4000/50000 | Val Loss: 0.1365 | Val Acc: 96.04% | Best at iter 3800
  Iter 5000/50000 | Val Loss: 0.1263 | Val Acc: 96.38% | Best at iter 5000
  Iter 6000/50000 | Val Loss: 0.1205 | Val Acc: 96.42% | Best at iter 5700
  Iter 7000/50000 | Val Loss: 0.1159 | Val Acc: 96.54% | Best at iter 6600
  Iter 8000/50000 | Val Loss: 0.1136 | Val Acc: 96.86% | Best at iter 7900
  Iter 9000/50000 | Val Loss: 0.1102 | Val Acc: 96.80% | Best at iter 8800
  Iter 10000/50000 | Val Loss: 0.1173 | Val Acc: 96.90% | Best at iter 8800
  Iter 11000/50000 | Val Loss: 0.1122 | Val Acc: 97.06% | Best at iter 10100
  Iter 12000/50000 | Val Loss: 0.1149 | Val Acc: 96.86% | Best at iter 10100
  Iter 13000/50000 | Val Loss: 0.1158 | Val Acc: 96.80% | Best at iter 10100
  Iter 14000/50000 | Val Loss: 0.1125 | Val Acc: 97.08% | Best at iter 10100
  Iter 15000/50000 | Val Loss: 0.1276 | Val Acc: 96.90% | Best at iter 10100
  Iter 16000/50000 | Val Loss: 0.1286 | Val Acc: 96.82% | Best at iter 10100
  Iter 17000/50000 | Val Loss: 0.1304 | Val Acc: 96.78% | Best at iter 10100
  Iter 18000/50000 | Val Loss: 0.1318 | Val Acc: 96.72% | Best at iter 10100
  Iter 19000/50000 | Val Loss: 0.1373 | Val Acc: 96.72% | Best at iter 10100
  Iter 20000/50000 | Val Loss: 0.1356 | Val Acc: 96.86% | Best at iter 10100
  Iter 21000/50000 | Val Loss: 0.1646 | Val Acc: 96.42% | Best at iter 10100
  Iter 22000/50000 | Val Loss: 0.1505 | Val Acc: 96.74% | Best at iter 10100
  Iter 23000/50000 | Val Loss: 0.1489 | Val Acc: 96.76% | Best at iter 10100
  Iter 24000/50000 | Val Loss: 0.1667 | Val Acc: 96.68% | Best at iter 10100
  Iter 25000/50000 | Val Loss: 0.1738 | Val Acc: 96.56% | Best at iter 10100
  Iter 26000/50000 | Val Loss: 0.1633 | Val Acc: 96.66% | Best at iter 10100
  Iter 27000/50000 | Val Loss: 0.1693 | Val Acc: 96.72% | Best at iter 10100
  Iter 28000/50000 | Val Loss: 0.1695 | Val Acc: 96.80% | Best at iter 10100
  Iter 29000/50000 | Val Loss: 0.1914 | Val Acc: 96.78% | Best at iter 10100
  Iter 30000/50000 | Val Loss: 0.1826 | Val Acc: 96.66% | Best at iter 10100
  Iter 31000/50000 | Val Loss: 0.1957 | Val Acc: 96.58% | Best at iter 10100
  Iter 32000/50000 | Val Loss: 0.1990 | Val Acc: 96.50% | Best at iter 10100
  Iter 33000/50000 | Val Loss: 0.2047 | Val Acc: 96.66% | Best at iter 10100
  Iter 34000/50000 | Val Loss: 0.1924 | Val Acc: 96.80% | Best at iter 10100
  Iter 35000/50000 | Val Loss: 0.1992 | Val Acc: 96.64% | Best at iter 10100
  Iter 36000/50000 | Val Loss: 0.1954 | Val Acc: 96.70% | Best at iter 10100
  Iter 37000/50000 | Val Loss: 0.2155 | Val Acc: 96.34% | Best at iter 10100
  Iter 38000/50000 | Val Loss: 0.2083 | Val Acc: 96.70% | Best at iter 10100
  Iter 39000/50000 | Val Loss: 0.2137 | Val Acc: 96.48% | Best at iter 10100
  Iter 40000/50000 | Val Loss: 0.2020 | Val Acc: 96.84% | Best at iter 10100
  Iter 41000/50000 | Val Loss: 0.2254 | Val Acc: 96.58% | Best at iter 10100
  Iter 42000/50000 | Val Loss: 0.2186 | Val Acc: 96.62% | Best at iter 10100
  Iter 43000/50000 | Val Loss: 0.2201 | Val Acc: 96.62% | Best at iter 10100
  Iter 44000/50000 | Val Loss: 0.2316 | Val Acc: 96.52% | Best at iter 10100
  Iter 45000/50000 | Val Loss: 0.2277 | Val Acc: 96.68% | Best at iter 10100
  Iter 46000/50000 | Val Loss: 0.2370 | Val Acc: 96.58% | Best at iter 10100
  Iter 47000/50000 | Val Loss: 0.2276 | Val Acc: 96.70% | Best at iter 10100
  Iter 48000/50000 | Val Loss: 0.2516 | Val Acc: 96.56% | Best at iter 10100
  Iter 49000/50000 | Val Loss: 0.2394 | Val Acc: 96.58% | Best at iter 10100
  Iter 50000/50000 | Val Loss: 0.2310 | Val Acc: 96.84% | Best at iter 10100

──────────────────────────────────────────────────────────────────────
Early stop: iteration 10100
Val loss at early stop: 0.1079
Test accuracy at early stop: 96.82%
──────────────────────────────────────────────────────────────────────

======================================================================
One-Shot Reinit
Sparsity: 6.2% | Trial: 3.2/3x2
======================================================================
  Iter 1000/50000 | Val Loss: 0.2314 | Val Acc: 92.86% | Best at iter 1000
  Iter 2000/50000 | Val Loss: 0.1670 | Val Acc: 94.90% | Best at iter 2000
  Iter 3000/50000 | Val Loss: 0.1392 | Val Acc: 95.76% | Best at iter 3000
  Iter 4000/50000 | Val Loss: 0.1242 | Val Acc: 96.32% | Best at iter 4000
  Iter 5000/50000 | Val Loss: 0.1197 | Val Acc: 96.44% | Best at iter 4900
  Iter 6000/50000 | Val Loss: 0.1161 | Val Acc: 96.46% | Best at iter 5900
  Iter 7000/50000 | Val Loss: 0.1166 | Val Acc: 96.50% | Best at iter 6600
  Iter 8000/50000 | Val Loss: 0.1117 | Val Acc: 96.82% | Best at iter 7600
  Iter 9000/50000 | Val Loss: 0.1103 | Val Acc: 96.74% | Best at iter 7600
  Iter 10000/50000 | Val Loss: 0.1138 | Val Acc: 96.82% | Best at iter 9800
  Iter 11000/50000 | Val Loss: 0.1126 | Val Acc: 96.50% | Best at iter 10600
  Iter 12000/50000 | Val Loss: 0.1115 | Val Acc: 96.80% | Best at iter 10600
  Iter 13000/50000 | Val Loss: 0.1176 | Val Acc: 96.52% | Best at iter 10600
  Iter 14000/50000 | Val Loss: 0.1195 | Val Acc: 96.72% | Best at iter 10600
  Iter 15000/50000 | Val Loss: 0.1186 | Val Acc: 96.82% | Best at iter 10600
  Iter 16000/50000 | Val Loss: 0.1148 | Val Acc: 97.04% | Best at iter 10600
  Iter 17000/50000 | Val Loss: 0.1222 | Val Acc: 96.84% | Best at iter 10600
  Iter 18000/50000 | Val Loss: 0.1226 | Val Acc: 96.82% | Best at iter 10600
  Iter 19000/50000 | Val Loss: 0.1316 | Val Acc: 96.92% | Best at iter 10600
  Iter 20000/50000 | Val Loss: 0.1355 | Val Acc: 96.70% | Best at iter 10600
  Iter 21000/50000 | Val Loss: 0.1378 | Val Acc: 96.78% | Best at iter 10600
  Iter 22000/50000 | Val Loss: 0.1585 | Val Acc: 96.14% | Best at iter 10600
  Iter 23000/50000 | Val Loss: 0.1474 | Val Acc: 96.70% | Best at iter 10600
  Iter 24000/50000 | Val Loss: 0.1514 | Val Acc: 96.82% | Best at iter 10600
  Iter 25000/50000 | Val Loss: 0.1534 | Val Acc: 96.86% | Best at iter 10600
  Iter 26000/50000 | Val Loss: 0.1531 | Val Acc: 96.92% | Best at iter 10600
  Iter 27000/50000 | Val Loss: 0.1668 | Val Acc: 96.94% | Best at iter 10600
  Iter 28000/50000 | Val Loss: 0.1693 | Val Acc: 96.68% | Best at iter 10600
  Iter 29000/50000 | Val Loss: 0.1720 | Val Acc: 96.72% | Best at iter 10600
  Iter 30000/50000 | Val Loss: 0.1679 | Val Acc: 96.68% | Best at iter 10600
  Iter 31000/50000 | Val Loss: 0.1716 | Val Acc: 96.68% | Best at iter 10600
  Iter 32000/50000 | Val Loss: 0.1837 | Val Acc: 96.60% | Best at iter 10600
  Iter 33000/50000 | Val Loss: 0.1697 | Val Acc: 96.84% | Best at iter 10600
  Iter 34000/50000 | Val Loss: 0.1982 | Val Acc: 96.56% | Best at iter 10600
  Iter 35000/50000 | Val Loss: 0.1800 | Val Acc: 96.86% | Best at iter 10600
  Iter 36000/50000 | Val Loss: 0.1805 | Val Acc: 96.92% | Best at iter 10600
  Iter 37000/50000 | Val Loss: 0.1914 | Val Acc: 97.00% | Best at iter 10600
  Iter 38000/50000 | Val Loss: 0.2112 | Val Acc: 96.62% | Best at iter 10600
  Iter 39000/50000 | Val Loss: 0.2107 | Val Acc: 96.58% | Best at iter 10600
  Iter 40000/50000 | Val Loss: 0.2176 | Val Acc: 96.72% | Best at iter 10600
  Iter 41000/50000 | Val Loss: 0.2190 | Val Acc: 96.70% | Best at iter 10600
  Iter 42000/50000 | Val Loss: 0.2058 | Val Acc: 96.74% | Best at iter 10600
  Iter 43000/50000 | Val Loss: 0.2147 | Val Acc: 96.76% | Best at iter 10600
  Iter 44000/50000 | Val Loss: 0.2551 | Val Acc: 96.26% | Best at iter 10600
  Iter 45000/50000 | Val Loss: 0.2186 | Val Acc: 96.84% | Best at iter 10600
  Iter 46000/50000 | Val Loss: 0.2109 | Val Acc: 96.86% | Best at iter 10600
  Iter 47000/50000 | Val Loss: 0.2108 | Val Acc: 96.80% | Best at iter 10600
  Iter 48000/50000 | Val Loss: 0.2535 | Val Acc: 96.30% | Best at iter 10600
  Iter 49000/50000 | Val Loss: 0.2179 | Val Acc: 96.78% | Best at iter 10600
  Iter 50000/50000 | Val Loss: 0.2176 | Val Acc: 96.80% | Best at iter 10600

──────────────────────────────────────────────────────────────────────
Early stop: iteration 10600
Val loss at early stop: 0.1035
Test accuracy at early stop: 96.96%
──────────────────────────────────────────────────────────────────────
✓ Saved results to ./results/full/exp4_oneshot_reinit.pt

======================================================================
STARTING EXP5 (Iterative Reinit)
======================================================================

======================================================================
EXPERIMENT 5: ITERATIVE RANDOM REINITIALIZATION
======================================================================

======================================================================
Iterative Reinit
Sparsity: 51.2% | Trial: 1.1/3x2
======================================================================
  Iter 1000/50000 | Val Loss: 0.1177 | Val Acc: 96.58% | Best at iter 1000
  Iter 2000/50000 | Val Loss: 0.1097 | Val Acc: 96.74% | Best at iter 1900
  Iter 3000/50000 | Val Loss: 0.0894 | Val Acc: 97.32% | Best at iter 2600
  Iter 4000/50000 | Val Loss: 0.0854 | Val Acc: 97.62% | Best at iter 3700
  Iter 5000/50000 | Val Loss: 0.1058 | Val Acc: 97.18% | Best at iter 3700
  Iter 6000/50000 | Val Loss: 0.1001 | Val Acc: 97.32% | Best at iter 3700
  Iter 7000/50000 | Val Loss: 0.1145 | Val Acc: 97.22% | Best at iter 3700
  Iter 8000/50000 | Val Loss: 0.0933 | Val Acc: 97.78% | Best at iter 3700
  Iter 9000/50000 | Val Loss: 0.1169 | Val Acc: 97.28% | Best at iter 3700
  Iter 10000/50000 | Val Loss: 0.1189 | Val Acc: 97.40% | Best at iter 3700
  Iter 11000/50000 | Val Loss: 0.1092 | Val Acc: 97.48% | Best at iter 3700
  Iter 12000/50000 | Val Loss: 0.1157 | Val Acc: 97.52% | Best at iter 3700
  Iter 13000/50000 | Val Loss: 0.1223 | Val Acc: 97.84% | Best at iter 3700
  Iter 14000/50000 | Val Loss: 0.1246 | Val Acc: 97.82% | Best at iter 3700
  Iter 15000/50000 | Val Loss: 0.1333 | Val Acc: 97.74% | Best at iter 3700
  Iter 16000/50000 | Val Loss: 0.1355 | Val Acc: 97.80% | Best at iter 3700
  Iter 17000/50000 | Val Loss: 0.1214 | Val Acc: 97.48% | Best at iter 3700
  Iter 18000/50000 | Val Loss: 0.1236 | Val Acc: 97.68% | Best at iter 3700
  Iter 19000/50000 | Val Loss: 0.1418 | Val Acc: 97.48% | Best at iter 3700
  Iter 20000/50000 | Val Loss: 0.1484 | Val Acc: 97.70% | Best at iter 3700
  Iter 21000/50000 | Val Loss: 0.1714 | Val Acc: 97.38% | Best at iter 3700
  Iter 22000/50000 | Val Loss: 0.1463 | Val Acc: 97.58% | Best at iter 3700
  Iter 23000/50000 | Val Loss: 0.1378 | Val Acc: 97.84% | Best at iter 3700
  Iter 24000/50000 | Val Loss: 0.1452 | Val Acc: 97.80% | Best at iter 3700
  Iter 25000/50000 | Val Loss: 0.1360 | Val Acc: 97.78% | Best at iter 3700
  Iter 26000/50000 | Val Loss: 0.1492 | Val Acc: 97.68% | Best at iter 3700
  Iter 27000/50000 | Val Loss: 0.1678 | Val Acc: 97.84% | Best at iter 3700
  Iter 28000/50000 | Val Loss: 0.1206 | Val Acc: 97.94% | Best at iter 3700
  Iter 29000/50000 | Val Loss: 0.1527 | Val Acc: 97.80% | Best at iter 3700
  Iter 30000/50000 | Val Loss: 0.1801 | Val Acc: 97.58% | Best at iter 3700
  Iter 31000/50000 | Val Loss: 0.1728 | Val Acc: 97.68% | Best at iter 3700
  Iter 32000/50000 | Val Loss: 0.2338 | Val Acc: 97.38% | Best at iter 3700
  Iter 33000/50000 | Val Loss: 0.1827 | Val Acc: 97.54% | Best at iter 3700
  Iter 34000/50000 | Val Loss: 0.1616 | Val Acc: 97.98% | Best at iter 3700
  Iter 35000/50000 | Val Loss: 0.1629 | Val Acc: 97.68% | Best at iter 3700
  Iter 36000/50000 | Val Loss: 0.1889 | Val Acc: 97.76% | Best at iter 3700
  Iter 37000/50000 | Val Loss: 0.1777 | Val Acc: 97.96% | Best at iter 3700
  Iter 38000/50000 | Val Loss: 0.2042 | Val Acc: 97.82% | Best at iter 3700
  Iter 39000/50000 | Val Loss: 0.1958 | Val Acc: 97.68% | Best at iter 3700
  Iter 40000/50000 | Val Loss: 0.1826 | Val Acc: 97.68% | Best at iter 3700
  Iter 41000/50000 | Val Loss: 0.1645 | Val Acc: 97.84% | Best at iter 3700
  Iter 42000/50000 | Val Loss: 0.1752 | Val Acc: 97.88% | Best at iter 3700
  Iter 43000/50000 | Val Loss: 0.1804 | Val Acc: 97.94% | Best at iter 3700
  Iter 44000/50000 | Val Loss: 0.1901 | Val Acc: 97.74% | Best at iter 3700
  Iter 45000/50000 | Val Loss: 0.1971 | Val Acc: 97.88% | Best at iter 3700
  Iter 46000/50000 | Val Loss: 0.2029 | Val Acc: 97.80% | Best at iter 3700
  Iter 47000/50000 | Val Loss: 0.1906 | Val Acc: 97.94% | Best at iter 3700
  Iter 48000/50000 | Val Loss: 0.2000 | Val Acc: 98.02% | Best at iter 3700
  Iter 49000/50000 | Val Loss: 0.2227 | Val Acc: 97.42% | Best at iter 3700
  Iter 50000/50000 | Val Loss: 0.2079 | Val Acc: 97.90% | Best at iter 3700

──────────────────────────────────────────────────────────────────────
Early stop: iteration 3700
Val loss at early stop: 0.0768
Test accuracy at early stop: 97.56%
──────────────────────────────────────────────────────────────────────

======================================================================
Iterative Reinit
Sparsity: 51.2% | Trial: 1.2/3x2
======================================================================
  Iter 1000/50000 | Val Loss: 0.1224 | Val Acc: 96.30% | Best at iter 1000
  Iter 2000/50000 | Val Loss: 0.0864 | Val Acc: 97.28% | Best at iter 2000
  Iter 3000/50000 | Val Loss: 0.0887 | Val Acc: 97.56% | Best at iter 2000
  Iter 4000/50000 | Val Loss: 0.0834 | Val Acc: 97.48% | Best at iter 3800
  Iter 5000/50000 | Val Loss: 0.1114 | Val Acc: 97.12% | Best at iter 3800
  Iter 6000/50000 | Val Loss: 0.1080 | Val Acc: 97.32% | Best at iter 3800
  Iter 7000/50000 | Val Loss: 0.0957 | Val Acc: 97.74% | Best at iter 6500
  Iter 8000/50000 | Val Loss: 0.0956 | Val Acc: 97.56% | Best at iter 6500
  Iter 9000/50000 | Val Loss: 0.0906 | Val Acc: 97.82% | Best at iter 6500
  Iter 10000/50000 | Val Loss: 0.1037 | Val Acc: 97.58% | Best at iter 6500
  Iter 11000/50000 | Val Loss: 0.1202 | Val Acc: 97.46% | Best at iter 6500
  Iter 12000/50000 | Val Loss: 0.1214 | Val Acc: 97.52% | Best at iter 6500
  Iter 13000/50000 | Val Loss: 0.1114 | Val Acc: 97.82% | Best at iter 6500
  Iter 14000/50000 | Val Loss: 0.1487 | Val Acc: 97.02% | Best at iter 6500
  Iter 15000/50000 | Val Loss: 0.1116 | Val Acc: 97.76% | Best at iter 6500
  Iter 16000/50000 | Val Loss: 0.1227 | Val Acc: 97.66% | Best at iter 6500
  Iter 17000/50000 | Val Loss: 0.1088 | Val Acc: 97.78% | Best at iter 6500
  Iter 18000/50000 | Val Loss: 0.1188 | Val Acc: 97.64% | Best at iter 6500
  Iter 19000/50000 | Val Loss: 0.1499 | Val Acc: 97.82% | Best at iter 6500
  Iter 20000/50000 | Val Loss: 0.1292 | Val Acc: 97.92% | Best at iter 6500
  Iter 21000/50000 | Val Loss: 0.1528 | Val Acc: 97.66% | Best at iter 6500
  Iter 22000/50000 | Val Loss: 0.1186 | Val Acc: 97.98% | Best at iter 6500
  Iter 23000/50000 | Val Loss: 0.1112 | Val Acc: 97.88% | Best at iter 6500
  Iter 24000/50000 | Val Loss: 0.1336 | Val Acc: 97.76% | Best at iter 6500
  Iter 25000/50000 | Val Loss: 0.1247 | Val Acc: 97.88% | Best at iter 6500
  Iter 26000/50000 | Val Loss: 0.1505 | Val Acc: 97.96% | Best at iter 6500
  Iter 27000/50000 | Val Loss: 0.1841 | Val Acc: 97.58% | Best at iter 6500
  Iter 28000/50000 | Val Loss: 0.1657 | Val Acc: 97.76% | Best at iter 6500
  Iter 29000/50000 | Val Loss: 0.1797 | Val Acc: 97.56% | Best at iter 6500
  Iter 30000/50000 | Val Loss: 0.1761 | Val Acc: 97.58% | Best at iter 6500
  Iter 31000/50000 | Val Loss: 0.1695 | Val Acc: 97.54% | Best at iter 6500
  Iter 32000/50000 | Val Loss: 0.1646 | Val Acc: 97.78% | Best at iter 6500
  Iter 33000/50000 | Val Loss: 0.1855 | Val Acc: 97.48% | Best at iter 6500
  Iter 34000/50000 | Val Loss: 0.1784 | Val Acc: 97.84% | Best at iter 6500
  Iter 35000/50000 | Val Loss: 0.1781 | Val Acc: 97.76% | Best at iter 6500
  Iter 36000/50000 | Val Loss: 0.1781 | Val Acc: 97.58% | Best at iter 6500
  Iter 37000/50000 | Val Loss: 0.2239 | Val Acc: 97.72% | Best at iter 6500
  Iter 38000/50000 | Val Loss: 0.2232 | Val Acc: 97.44% | Best at iter 6500
  Iter 39000/50000 | Val Loss: 0.1645 | Val Acc: 98.04% | Best at iter 6500
  Iter 40000/50000 | Val Loss: 0.2438 | Val Acc: 97.20% | Best at iter 6500
  Iter 41000/50000 | Val Loss: 0.1730 | Val Acc: 98.02% | Best at iter 6500
  Iter 42000/50000 | Val Loss: 0.1866 | Val Acc: 97.94% | Best at iter 6500
  Iter 43000/50000 | Val Loss: 0.1905 | Val Acc: 98.10% | Best at iter 6500
  Iter 44000/50000 | Val Loss: 0.1783 | Val Acc: 98.12% | Best at iter 6500
  Iter 45000/50000 | Val Loss: 0.1661 | Val Acc: 98.18% | Best at iter 6500
  Iter 46000/50000 | Val Loss: 0.1974 | Val Acc: 97.64% | Best at iter 6500
  Iter 47000/50000 | Val Loss: 0.1638 | Val Acc: 98.02% | Best at iter 6500
  Iter 48000/50000 | Val Loss: 0.2028 | Val Acc: 97.70% | Best at iter 6500
  Iter 49000/50000 | Val Loss: 0.2008 | Val Acc: 98.04% | Best at iter 6500
  Iter 50000/50000 | Val Loss: 0.1809 | Val Acc: 98.12% | Best at iter 6500

──────────────────────────────────────────────────────────────────────
Early stop: iteration 6500
Val loss at early stop: 0.0820
Test accuracy at early stop: 97.86%
──────────────────────────────────────────────────────────────────────

======================================================================
Iterative Reinit
Sparsity: 51.2% | Trial: 2.1/3x2
======================================================================
  Iter 1000/50000 | Val Loss: 0.1172 | Val Acc: 96.50% | Best at iter 1000
  Iter 2000/50000 | Val Loss: 0.0936 | Val Acc: 97.32% | Best at iter 2000
  Iter 3000/50000 | Val Loss: 0.0828 | Val Acc: 97.52% | Best at iter 3000
  Iter 4000/50000 | Val Loss: 0.0827 | Val Acc: 97.28% | Best at iter 3800
  Iter 5000/50000 | Val Loss: 0.0925 | Val Acc: 97.50% | Best at iter 3800
  Iter 6000/50000 | Val Loss: 0.0821 | Val Acc: 97.72% | Best at iter 5600
  Iter 7000/50000 | Val Loss: 0.1006 | Val Acc: 97.30% | Best at iter 5600
  Iter 8000/50000 | Val Loss: 0.1061 | Val Acc: 97.52% | Best at iter 5600
  Iter 9000/50000 | Val Loss: 0.1097 | Val Acc: 97.60% | Best at iter 5600
  Iter 10000/50000 | Val Loss: 0.0881 | Val Acc: 98.08% | Best at iter 5600
  Iter 11000/50000 | Val Loss: 0.0933 | Val Acc: 97.72% | Best at iter 5600
  Iter 12000/50000 | Val Loss: 0.1136 | Val Acc: 97.52% | Best at iter 5600
  Iter 13000/50000 | Val Loss: 0.1067 | Val Acc: 97.94% | Best at iter 5600
  Iter 14000/50000 | Val Loss: 0.1092 | Val Acc: 97.94% | Best at iter 5600
  Iter 15000/50000 | Val Loss: 0.1082 | Val Acc: 97.94% | Best at iter 5600
  Iter 16000/50000 | Val Loss: 0.1395 | Val Acc: 97.42% | Best at iter 5600
  Iter 17000/50000 | Val Loss: 0.1305 | Val Acc: 97.82% | Best at iter 5600
  Iter 18000/50000 | Val Loss: 0.1128 | Val Acc: 97.96% | Best at iter 5600
  Iter 19000/50000 | Val Loss: 0.1304 | Val Acc: 97.44% | Best at iter 5600
  Iter 20000/50000 | Val Loss: 0.1447 | Val Acc: 97.60% | Best at iter 5600
  Iter 21000/50000 | Val Loss: 0.1834 | Val Acc: 97.38% | Best at iter 5600
  Iter 22000/50000 | Val Loss: 0.1534 | Val Acc: 97.90% | Best at iter 5600
  Iter 23000/50000 | Val Loss: 0.1630 | Val Acc: 97.48% | Best at iter 5600
  Iter 24000/50000 | Val Loss: 0.1466 | Val Acc: 97.70% | Best at iter 5600
  Iter 25000/50000 | Val Loss: 0.1747 | Val Acc: 97.78% | Best at iter 5600
  Iter 26000/50000 | Val Loss: 0.1515 | Val Acc: 97.82% | Best at iter 5600
  Iter 27000/50000 | Val Loss: 0.1693 | Val Acc: 97.82% | Best at iter 5600
  Iter 28000/50000 | Val Loss: 0.1712 | Val Acc: 97.84% | Best at iter 5600
  Iter 29000/50000 | Val Loss: 0.1789 | Val Acc: 97.82% | Best at iter 5600
  Iter 30000/50000 | Val Loss: 0.2000 | Val Acc: 97.54% | Best at iter 5600
  Iter 31000/50000 | Val Loss: 0.1630 | Val Acc: 97.88% | Best at iter 5600
  Iter 32000/50000 | Val Loss: 0.1909 | Val Acc: 97.74% | Best at iter 5600
  Iter 33000/50000 | Val Loss: 0.1799 | Val Acc: 98.00% | Best at iter 5600
  Iter 34000/50000 | Val Loss: 0.1705 | Val Acc: 97.94% | Best at iter 5600
  Iter 35000/50000 | Val Loss: 0.1650 | Val Acc: 97.86% | Best at iter 5600
  Iter 36000/50000 | Val Loss: 0.1789 | Val Acc: 97.94% | Best at iter 5600
  Iter 37000/50000 | Val Loss: 0.1560 | Val Acc: 97.92% | Best at iter 5600
  Iter 38000/50000 | Val Loss: 0.1804 | Val Acc: 97.82% | Best at iter 5600
  Iter 39000/50000 | Val Loss: 0.1653 | Val Acc: 98.06% | Best at iter 5600
  Iter 40000/50000 | Val Loss: 0.1917 | Val Acc: 97.72% | Best at iter 5600
  Iter 41000/50000 | Val Loss: 0.2068 | Val Acc: 97.78% | Best at iter 5600
  Iter 42000/50000 | Val Loss: 0.1920 | Val Acc: 98.02% | Best at iter 5600
  Iter 43000/50000 | Val Loss: 0.1969 | Val Acc: 97.84% | Best at iter 5600
  Iter 44000/50000 | Val Loss: 0.2160 | Val Acc: 97.78% | Best at iter 5600
  Iter 45000/50000 | Val Loss: 0.2505 | Val Acc: 97.58% | Best at iter 5600
  Iter 46000/50000 | Val Loss: 0.1844 | Val Acc: 98.14% | Best at iter 5600
  Iter 47000/50000 | Val Loss: 0.1989 | Val Acc: 97.76% | Best at iter 5600
  Iter 48000/50000 | Val Loss: 0.2210 | Val Acc: 97.76% | Best at iter 5600
  Iter 49000/50000 | Val Loss: 0.2416 | Val Acc: 97.84% | Best at iter 5600
  Iter 50000/50000 | Val Loss: 0.2533 | Val Acc: 97.82% | Best at iter 5600

──────────────────────────────────────────────────────────────────────
Early stop: iteration 5600
Val loss at early stop: 0.0716
Test accuracy at early stop: 97.88%
──────────────────────────────────────────────────────────────────────

======================================================================
Iterative Reinit
Sparsity: 51.2% | Trial: 2.2/3x2
======================================================================
  Iter 1000/50000 | Val Loss: 0.1141 | Val Acc: 96.50% | Best at iter 1000
  Iter 2000/50000 | Val Loss: 0.1127 | Val Acc: 96.66% | Best at iter 1500
  Iter 3000/50000 | Val Loss: 0.0819 | Val Acc: 97.60% | Best at iter 3000
  Iter 4000/50000 | Val Loss: 0.0954 | Val Acc: 97.30% | Best at iter 3100
  Iter 5000/50000 | Val Loss: 0.0983 | Val Acc: 97.12% | Best at iter 3100
  Iter 6000/50000 | Val Loss: 0.1082 | Val Acc: 97.16% | Best at iter 3100
  Iter 7000/50000 | Val Loss: 0.0833 | Val Acc: 97.70% | Best at iter 3100
  Iter 8000/50000 | Val Loss: 0.0932 | Val Acc: 97.78% | Best at iter 3100
  Iter 9000/50000 | Val Loss: 0.0877 | Val Acc: 97.64% | Best at iter 3100
  Iter 10000/50000 | Val Loss: 0.1161 | Val Acc: 97.48% | Best at iter 3100
  Iter 11000/50000 | Val Loss: 0.0903 | Val Acc: 98.10% | Best at iter 3100
  Iter 12000/50000 | Val Loss: 0.0869 | Val Acc: 98.02% | Best at iter 3100
  Iter 13000/50000 | Val Loss: 0.1084 | Val Acc: 97.98% | Best at iter 3100
  Iter 14000/50000 | Val Loss: 0.1016 | Val Acc: 98.12% | Best at iter 3100
  Iter 15000/50000 | Val Loss: 0.1135 | Val Acc: 97.82% | Best at iter 3100
  Iter 16000/50000 | Val Loss: 0.1145 | Val Acc: 97.80% | Best at iter 3100
  Iter 17000/50000 | Val Loss: 0.1081 | Val Acc: 97.96% | Best at iter 3100
  Iter 18000/50000 | Val Loss: 0.1491 | Val Acc: 97.64% | Best at iter 3100
  Iter 19000/50000 | Val Loss: 0.1252 | Val Acc: 97.86% | Best at iter 3100
  Iter 20000/50000 | Val Loss: 0.1371 | Val Acc: 97.76% | Best at iter 3100
  Iter 21000/50000 | Val Loss: 0.1385 | Val Acc: 97.92% | Best at iter 3100
  Iter 22000/50000 | Val Loss: 0.1233 | Val Acc: 98.02% | Best at iter 3100
  Iter 23000/50000 | Val Loss: 0.1546 | Val Acc: 97.78% | Best at iter 3100
  Iter 24000/50000 | Val Loss: 0.1483 | Val Acc: 97.78% | Best at iter 3100
  Iter 25000/50000 | Val Loss: 0.1619 | Val Acc: 97.82% | Best at iter 3100
  Iter 26000/50000 | Val Loss: 0.1280 | Val Acc: 98.14% | Best at iter 3100
  Iter 27000/50000 | Val Loss: 0.1299 | Val Acc: 98.06% | Best at iter 3100
  Iter 28000/50000 | Val Loss: 0.1510 | Val Acc: 97.78% | Best at iter 3100
  Iter 29000/50000 | Val Loss: 0.1782 | Val Acc: 97.72% | Best at iter 3100
  Iter 30000/50000 | Val Loss: 0.1641 | Val Acc: 97.58% | Best at iter 3100
  Iter 31000/50000 | Val Loss: 0.1674 | Val Acc: 97.76% | Best at iter 3100
  Iter 32000/50000 | Val Loss: 0.1864 | Val Acc: 97.76% | Best at iter 3100
  Iter 33000/50000 | Val Loss: 0.1855 | Val Acc: 98.00% | Best at iter 3100
  Iter 34000/50000 | Val Loss: 0.1743 | Val Acc: 97.88% | Best at iter 3100
  Iter 35000/50000 | Val Loss: 0.1801 | Val Acc: 98.04% | Best at iter 3100
  Iter 36000/50000 | Val Loss: 0.1804 | Val Acc: 97.92% | Best at iter 3100
  Iter 37000/50000 | Val Loss: 0.1786 | Val Acc: 97.84% | Best at iter 3100
  Iter 38000/50000 | Val Loss: 0.1758 | Val Acc: 98.08% | Best at iter 3100
  Iter 39000/50000 | Val Loss: 0.2191 | Val Acc: 97.60% | Best at iter 3100
  Iter 40000/50000 | Val Loss: 0.2408 | Val Acc: 98.00% | Best at iter 3100
  Iter 41000/50000 | Val Loss: 0.1750 | Val Acc: 98.24% | Best at iter 3100
  Iter 42000/50000 | Val Loss: 0.2416 | Val Acc: 97.54% | Best at iter 3100
  Iter 43000/50000 | Val Loss: 0.1707 | Val Acc: 98.30% | Best at iter 3100
  Iter 44000/50000 | Val Loss: 0.1979 | Val Acc: 98.08% | Best at iter 3100
  Iter 45000/50000 | Val Loss: 0.1941 | Val Acc: 97.88% | Best at iter 3100
  Iter 46000/50000 | Val Loss: 0.2292 | Val Acc: 97.60% | Best at iter 3100
  Iter 47000/50000 | Val Loss: 0.1956 | Val Acc: 98.02% | Best at iter 3100
  Iter 48000/50000 | Val Loss: 0.2006 | Val Acc: 98.00% | Best at iter 3100
  Iter 49000/50000 | Val Loss: 0.2049 | Val Acc: 98.02% | Best at iter 3100
  Iter 50000/50000 | Val Loss: 0.2156 | Val Acc: 98.20% | Best at iter 3100

──────────────────────────────────────────────────────────────────────
Early stop: iteration 3100
Val loss at early stop: 0.0775
Test accuracy at early stop: 97.52%
──────────────────────────────────────────────────────────────────────

======================================================================
Iterative Reinit
Sparsity: 51.2% | Trial: 3.1/3x2
======================================================================
  Iter 1000/50000 | Val Loss: 0.1231 | Val Acc: 96.26% | Best at iter 900
  Iter 2000/50000 | Val Loss: 0.1015 | Val Acc: 96.74% | Best at iter 1500
  Iter 3000/50000 | Val Loss: 0.0838 | Val Acc: 97.48% | Best at iter 2800
  Iter 4000/50000 | Val Loss: 0.0863 | Val Acc: 97.52% | Best at iter 3700
  Iter 5000/50000 | Val Loss: 0.0767 | Val Acc: 97.76% | Best at iter 3700
  Iter 6000/50000 | Val Loss: 0.1043 | Val Acc: 97.34% | Best at iter 3700
  Iter 7000/50000 | Val Loss: 0.0872 | Val Acc: 97.78% | Best at iter 3700
  Iter 8000/50000 | Val Loss: 0.0880 | Val Acc: 97.72% | Best at iter 3700
  Iter 9000/50000 | Val Loss: 0.0907 | Val Acc: 97.96% | Best at iter 3700
  Iter 10000/50000 | Val Loss: 0.1027 | Val Acc: 97.56% | Best at iter 3700
  Iter 11000/50000 | Val Loss: 0.0957 | Val Acc: 97.86% | Best at iter 3700
  Iter 12000/50000 | Val Loss: 0.1020 | Val Acc: 97.78% | Best at iter 3700
  Iter 13000/50000 | Val Loss: 0.0893 | Val Acc: 97.88% | Best at iter 3700
  Iter 14000/50000 | Val Loss: 0.1273 | Val Acc: 97.22% | Best at iter 3700
  Iter 15000/50000 | Val Loss: 0.1127 | Val Acc: 97.78% | Best at iter 3700
  Iter 16000/50000 | Val Loss: 0.1085 | Val Acc: 97.90% | Best at iter 3700
  Iter 17000/50000 | Val Loss: 0.1248 | Val Acc: 97.50% | Best at iter 3700
  Iter 18000/50000 | Val Loss: 0.1386 | Val Acc: 97.40% | Best at iter 3700
  Iter 19000/50000 | Val Loss: 0.1474 | Val Acc: 97.44% | Best at iter 3700
  Iter 20000/50000 | Val Loss: 0.1379 | Val Acc: 97.74% | Best at iter 3700
  Iter 21000/50000 | Val Loss: 0.1385 | Val Acc: 97.84% | Best at iter 3700
  Iter 22000/50000 | Val Loss: 0.1435 | Val Acc: 97.60% | Best at iter 3700
  Iter 23000/50000 | Val Loss: 0.1570 | Val Acc: 97.78% | Best at iter 3700
  Iter 24000/50000 | Val Loss: 0.1524 | Val Acc: 97.68% | Best at iter 3700
  Iter 25000/50000 | Val Loss: 0.1355 | Val Acc: 97.70% | Best at iter 3700
  Iter 26000/50000 | Val Loss: 0.1132 | Val Acc: 98.14% | Best at iter 3700
  Iter 27000/50000 | Val Loss: 0.1485 | Val Acc: 97.88% | Best at iter 3700
  Iter 28000/50000 | Val Loss: 0.1529 | Val Acc: 97.72% | Best at iter 3700
  Iter 29000/50000 | Val Loss: 0.1228 | Val Acc: 98.04% | Best at iter 3700
  Iter 30000/50000 | Val Loss: 0.1469 | Val Acc: 97.90% | Best at iter 3700
  Iter 31000/50000 | Val Loss: 0.1456 | Val Acc: 97.98% | Best at iter 3700
  Iter 32000/50000 | Val Loss: 0.1436 | Val Acc: 97.96% | Best at iter 3700
  Iter 33000/50000 | Val Loss: 0.1423 | Val Acc: 97.88% | Best at iter 3700
  Iter 34000/50000 | Val Loss: 0.1524 | Val Acc: 97.92% | Best at iter 3700
  Iter 35000/50000 | Val Loss: 0.1636 | Val Acc: 97.78% | Best at iter 3700
  Iter 36000/50000 | Val Loss: 0.1454 | Val Acc: 98.14% | Best at iter 3700
  Iter 37000/50000 | Val Loss: 0.1927 | Val Acc: 97.84% | Best at iter 3700
  Iter 38000/50000 | Val Loss: 0.1424 | Val Acc: 98.10% | Best at iter 3700
  Iter 39000/50000 | Val Loss: 0.1867 | Val Acc: 97.58% | Best at iter 3700
  Iter 40000/50000 | Val Loss: 0.1716 | Val Acc: 97.96% | Best at iter 3700
  Iter 41000/50000 | Val Loss: 0.1613 | Val Acc: 98.08% | Best at iter 3700
  Iter 42000/50000 | Val Loss: 0.1789 | Val Acc: 97.86% | Best at iter 3700
  Iter 43000/50000 | Val Loss: 0.1879 | Val Acc: 97.86% | Best at iter 3700
  Iter 44000/50000 | Val Loss: 0.1914 | Val Acc: 97.66% | Best at iter 3700
  Iter 45000/50000 | Val Loss: 0.1809 | Val Acc: 97.90% | Best at iter 3700
  Iter 46000/50000 | Val Loss: 0.1875 | Val Acc: 97.84% | Best at iter 3700
  Iter 47000/50000 | Val Loss: 0.1680 | Val Acc: 98.06% | Best at iter 3700
  Iter 48000/50000 | Val Loss: 0.2118 | Val Acc: 97.68% | Best at iter 3700
  Iter 49000/50000 | Val Loss: 0.1720 | Val Acc: 98.16% | Best at iter 3700
  Iter 50000/50000 | Val Loss: 0.1945 | Val Acc: 97.86% | Best at iter 3700

──────────────────────────────────────────────────────────────────────
Early stop: iteration 3700
Val loss at early stop: 0.0756
Test accuracy at early stop: 97.86%
──────────────────────────────────────────────────────────────────────

======================================================================
Iterative Reinit
Sparsity: 51.2% | Trial: 3.2/3x2
======================================================================
  Iter 1000/50000 | Val Loss: 0.1216 | Val Acc: 96.12% | Best at iter 1000
  Iter 2000/50000 | Val Loss: 0.0870 | Val Acc: 97.22% | Best at iter 2000
  Iter 3000/50000 | Val Loss: 0.0789 | Val Acc: 97.24% | Best at iter 3000
  Iter 4000/50000 | Val Loss: 0.0765 | Val Acc: 97.80% | Best at iter 4000
  Iter 5000/50000 | Val Loss: 0.0874 | Val Acc: 97.62% | Best at iter 4200
  Iter 6000/50000 | Val Loss: 0.0911 | Val Acc: 97.44% | Best at iter 5200
  Iter 7000/50000 | Val Loss: 0.0938 | Val Acc: 97.58% | Best at iter 5200
  Iter 8000/50000 | Val Loss: 0.1048 | Val Acc: 97.62% | Best at iter 5200
  Iter 9000/50000 | Val Loss: 0.1065 | Val Acc: 97.34% | Best at iter 5200
  Iter 10000/50000 | Val Loss: 0.1051 | Val Acc: 97.60% | Best at iter 5200
  Iter 11000/50000 | Val Loss: 0.1046 | Val Acc: 97.60% | Best at iter 5200
  Iter 12000/50000 | Val Loss: 0.0958 | Val Acc: 97.96% | Best at iter 5200
  Iter 13000/50000 | Val Loss: 0.1122 | Val Acc: 97.50% | Best at iter 5200
  Iter 14000/50000 | Val Loss: 0.1198 | Val Acc: 97.76% | Best at iter 5200
  Iter 15000/50000 | Val Loss: 0.1087 | Val Acc: 97.86% | Best at iter 5200
  Iter 16000/50000 | Val Loss: 0.1460 | Val Acc: 97.30% | Best at iter 5200
  Iter 17000/50000 | Val Loss: 0.1163 | Val Acc: 97.96% | Best at iter 5200
  Iter 18000/50000 | Val Loss: 0.1466 | Val Acc: 97.54% | Best at iter 5200
  Iter 19000/50000 | Val Loss: 0.1444 | Val Acc: 97.78% | Best at iter 5200
  Iter 20000/50000 | Val Loss: 0.1308 | Val Acc: 97.76% | Best at iter 5200
  Iter 21000/50000 | Val Loss: 0.1367 | Val Acc: 97.80% | Best at iter 5200
  Iter 22000/50000 | Val Loss: 0.1313 | Val Acc: 97.86% | Best at iter 5200
  Iter 23000/50000 | Val Loss: 0.1310 | Val Acc: 97.78% | Best at iter 5200
  Iter 24000/50000 | Val Loss: 0.1439 | Val Acc: 97.58% | Best at iter 5200
  Iter 25000/50000 | Val Loss: 0.1529 | Val Acc: 97.46% | Best at iter 5200
  Iter 26000/50000 | Val Loss: 0.1740 | Val Acc: 97.54% | Best at iter 5200
  Iter 27000/50000 | Val Loss: 0.1510 | Val Acc: 97.92% | Best at iter 5200
  Iter 28000/50000 | Val Loss: 0.1433 | Val Acc: 97.56% | Best at iter 5200
  Iter 29000/50000 | Val Loss: 0.1347 | Val Acc: 98.04% | Best at iter 5200
  Iter 30000/50000 | Val Loss: 0.1726 | Val Acc: 97.56% | Best at iter 5200
  Iter 31000/50000 | Val Loss: 0.1439 | Val Acc: 97.82% | Best at iter 5200
  Iter 32000/50000 | Val Loss: 0.1397 | Val Acc: 98.00% | Best at iter 5200
  Iter 33000/50000 | Val Loss: 0.1873 | Val Acc: 97.26% | Best at iter 5200
  Iter 34000/50000 | Val Loss: 0.1920 | Val Acc: 97.74% | Best at iter 5200
  Iter 35000/50000 | Val Loss: 0.1790 | Val Acc: 97.74% | Best at iter 5200
  Iter 36000/50000 | Val Loss: 0.1801 | Val Acc: 97.64% | Best at iter 5200
  Iter 37000/50000 | Val Loss: 0.1596 | Val Acc: 97.98% | Best at iter 5200
  Iter 38000/50000 | Val Loss: 0.1852 | Val Acc: 97.72% | Best at iter 5200
  Iter 39000/50000 | Val Loss: 0.2050 | Val Acc: 97.88% | Best at iter 5200
  Iter 40000/50000 | Val Loss: 0.2114 | Val Acc: 97.86% | Best at iter 5200
  Iter 41000/50000 | Val Loss: 0.1934 | Val Acc: 97.72% | Best at iter 5200
  Iter 42000/50000 | Val Loss: 0.1930 | Val Acc: 97.84% | Best at iter 5200
  Iter 43000/50000 | Val Loss: 0.2034 | Val Acc: 97.96% | Best at iter 5200
  Iter 44000/50000 | Val Loss: 0.2399 | Val Acc: 97.36% | Best at iter 5200
  Iter 45000/50000 | Val Loss: 0.2095 | Val Acc: 98.04% | Best at iter 5200
  Iter 46000/50000 | Val Loss: 0.2172 | Val Acc: 97.60% | Best at iter 5200
  Iter 47000/50000 | Val Loss: 0.1895 | Val Acc: 97.94% | Best at iter 5200
  Iter 48000/50000 | Val Loss: 0.1986 | Val Acc: 97.80% | Best at iter 5200
  Iter 49000/50000 | Val Loss: 0.1861 | Val Acc: 97.80% | Best at iter 5200
  Iter 50000/50000 | Val Loss: 0.1908 | Val Acc: 97.98% | Best at iter 5200

──────────────────────────────────────────────────────────────────────
Early stop: iteration 5200
Val loss at early stop: 0.0757
Test accuracy at early stop: 97.66%
──────────────────────────────────────────────────────────────────────

======================================================================
Iterative Reinit
Sparsity: 26.2% | Trial: 1.1/3x2
======================================================================
  Iter 1000/50000 | Val Loss: 0.1425 | Val Acc: 95.70% | Best at iter 1000
  Iter 2000/50000 | Val Loss: 0.1037 | Val Acc: 97.08% | Best at iter 1800
  Iter 3000/50000 | Val Loss: 0.0917 | Val Acc: 97.20% | Best at iter 2900
  Iter 4000/50000 | Val Loss: 0.0819 | Val Acc: 97.72% | Best at iter 4000
  Iter 5000/50000 | Val Loss: 0.0873 | Val Acc: 97.58% | Best at iter 4500
  Iter 6000/50000 | Val Loss: 0.0850 | Val Acc: 97.38% | Best at iter 4500
  Iter 7000/50000 | Val Loss: 0.0946 | Val Acc: 97.50% | Best at iter 4500
  Iter 8000/50000 | Val Loss: 0.1006 | Val Acc: 97.20% | Best at iter 7500
  Iter 9000/50000 | Val Loss: 0.1082 | Val Acc: 97.38% | Best at iter 7500
  Iter 10000/50000 | Val Loss: 0.1028 | Val Acc: 97.68% | Best at iter 7500
  Iter 11000/50000 | Val Loss: 0.1135 | Val Acc: 97.60% | Best at iter 7500
  Iter 12000/50000 | Val Loss: 0.1051 | Val Acc: 97.70% | Best at iter 7500
  Iter 13000/50000 | Val Loss: 0.1027 | Val Acc: 97.76% | Best at iter 7500
  Iter 14000/50000 | Val Loss: 0.1086 | Val Acc: 97.80% | Best at iter 7500
  Iter 15000/50000 | Val Loss: 0.1250 | Val Acc: 97.66% | Best at iter 7500
  Iter 16000/50000 | Val Loss: 0.1172 | Val Acc: 97.74% | Best at iter 7500
  Iter 17000/50000 | Val Loss: 0.1157 | Val Acc: 98.00% | Best at iter 7500
  Iter 18000/50000 | Val Loss: 0.1226 | Val Acc: 97.86% | Best at iter 7500
  Iter 19000/50000 | Val Loss: 0.1231 | Val Acc: 97.60% | Best at iter 7500
  Iter 20000/50000 | Val Loss: 0.1277 | Val Acc: 97.84% | Best at iter 7500
  Iter 21000/50000 | Val Loss: 0.1281 | Val Acc: 97.80% | Best at iter 7500
  Iter 22000/50000 | Val Loss: 0.1269 | Val Acc: 97.82% | Best at iter 7500
  Iter 23000/50000 | Val Loss: 0.1396 | Val Acc: 97.68% | Best at iter 7500
  Iter 24000/50000 | Val Loss: 0.1420 | Val Acc: 97.56% | Best at iter 7500
  Iter 25000/50000 | Val Loss: 0.1549 | Val Acc: 97.64% | Best at iter 7500
  Iter 26000/50000 | Val Loss: 0.1599 | Val Acc: 97.62% | Best at iter 7500
  Iter 27000/50000 | Val Loss: 0.1405 | Val Acc: 97.86% | Best at iter 7500
  Iter 28000/50000 | Val Loss: 0.1498 | Val Acc: 97.68% | Best at iter 7500
  Iter 29000/50000 | Val Loss: 0.1610 | Val Acc: 97.46% | Best at iter 7500
  Iter 30000/50000 | Val Loss: 0.1374 | Val Acc: 98.04% | Best at iter 7500
  Iter 31000/50000 | Val Loss: 0.1563 | Val Acc: 97.68% | Best at iter 7500
  Iter 32000/50000 | Val Loss: 0.1541 | Val Acc: 97.88% | Best at iter 7500
  Iter 33000/50000 | Val Loss: 0.1622 | Val Acc: 97.64% | Best at iter 7500
  Iter 34000/50000 | Val Loss: 0.1465 | Val Acc: 98.00% | Best at iter 7500
  Iter 35000/50000 | Val Loss: 0.1675 | Val Acc: 97.88% | Best at iter 7500
  Iter 36000/50000 | Val Loss: 0.1639 | Val Acc: 97.88% | Best at iter 7500
  Iter 37000/50000 | Val Loss: 0.2063 | Val Acc: 97.50% | Best at iter 7500
  Iter 38000/50000 | Val Loss: 0.1692 | Val Acc: 97.98% | Best at iter 7500
  Iter 39000/50000 | Val Loss: 0.1770 | Val Acc: 97.90% | Best at iter 7500
  Iter 40000/50000 | Val Loss: 0.1622 | Val Acc: 98.00% | Best at iter 7500
  Iter 41000/50000 | Val Loss: 0.1851 | Val Acc: 97.98% | Best at iter 7500
  Iter 42000/50000 | Val Loss: 0.2304 | Val Acc: 97.22% | Best at iter 7500
  Iter 43000/50000 | Val Loss: 0.2060 | Val Acc: 97.74% | Best at iter 7500
  Iter 44000/50000 | Val Loss: 0.2253 | Val Acc: 97.68% | Best at iter 7500
  Iter 45000/50000 | Val Loss: 0.1816 | Val Acc: 97.94% | Best at iter 7500
  Iter 46000/50000 | Val Loss: 0.1996 | Val Acc: 97.66% | Best at iter 7500
  Iter 47000/50000 | Val Loss: 0.2103 | Val Acc: 97.74% | Best at iter 7500
  Iter 48000/50000 | Val Loss: 0.2273 | Val Acc: 97.62% | Best at iter 7500
  Iter 49000/50000 | Val Loss: 0.2358 | Val Acc: 97.52% | Best at iter 7500
  Iter 50000/50000 | Val Loss: 0.2031 | Val Acc: 97.94% | Best at iter 7500

──────────────────────────────────────────────────────────────────────
Early stop: iteration 7500
Val loss at early stop: 0.0793
Test accuracy at early stop: 97.96%
──────────────────────────────────────────────────────────────────────

======================================================================
Iterative Reinit
Sparsity: 26.2% | Trial: 1.2/3x2
======================================================================
  Iter 1000/50000 | Val Loss: 0.1332 | Val Acc: 95.88% | Best at iter 1000
  Iter 2000/50000 | Val Loss: 0.1008 | Val Acc: 96.70% | Best at iter 2000
  Iter 3000/50000 | Val Loss: 0.0948 | Val Acc: 97.08% | Best at iter 2900
  Iter 4000/50000 | Val Loss: 0.0812 | Val Acc: 97.74% | Best at iter 4000
  Iter 5000/50000 | Val Loss: 0.0955 | Val Acc: 97.42% | Best at iter 4800
  Iter 6000/50000 | Val Loss: 0.0955 | Val Acc: 97.22% | Best at iter 4800
  Iter 7000/50000 | Val Loss: 0.1055 | Val Acc: 97.22% | Best at iter 4800
  Iter 8000/50000 | Val Loss: 0.1015 | Val Acc: 97.32% | Best at iter 4800
  Iter 9000/50000 | Val Loss: 0.1065 | Val Acc: 97.50% | Best at iter 4800
  Iter 10000/50000 | Val Loss: 0.1162 | Val Acc: 97.58% | Best at iter 4800
  Iter 11000/50000 | Val Loss: 0.1012 | Val Acc: 97.64% | Best at iter 4800
  Iter 12000/50000 | Val Loss: 0.1138 | Val Acc: 97.68% | Best at iter 4800
  Iter 13000/50000 | Val Loss: 0.1086 | Val Acc: 97.62% | Best at iter 4800
  Iter 14000/50000 | Val Loss: 0.1208 | Val Acc: 97.48% | Best at iter 4800
  Iter 15000/50000 | Val Loss: 0.1171 | Val Acc: 97.54% | Best at iter 4800
  Iter 16000/50000 | Val Loss: 0.1164 | Val Acc: 97.82% | Best at iter 4800
  Iter 17000/50000 | Val Loss: 0.1147 | Val Acc: 97.76% | Best at iter 4800
  Iter 18000/50000 | Val Loss: 0.1389 | Val Acc: 97.74% | Best at iter 4800
  Iter 19000/50000 | Val Loss: 0.1354 | Val Acc: 97.54% | Best at iter 4800
  Iter 20000/50000 | Val Loss: 0.1431 | Val Acc: 97.56% | Best at iter 4800
  Iter 21000/50000 | Val Loss: 0.1765 | Val Acc: 97.32% | Best at iter 4800
  Iter 22000/50000 | Val Loss: 0.1457 | Val Acc: 97.50% | Best at iter 4800
  Iter 23000/50000 | Val Loss: 0.1597 | Val Acc: 97.48% | Best at iter 4800
  Iter 24000/50000 | Val Loss: 0.1550 | Val Acc: 97.64% | Best at iter 4800
  Iter 25000/50000 | Val Loss: 0.1582 | Val Acc: 97.64% | Best at iter 4800
  Iter 26000/50000 | Val Loss: 0.1480 | Val Acc: 97.86% | Best at iter 4800
  Iter 27000/50000 | Val Loss: 0.2174 | Val Acc: 97.26% | Best at iter 4800
  Iter 28000/50000 | Val Loss: 0.1661 | Val Acc: 97.64% | Best at iter 4800
  Iter 29000/50000 | Val Loss: 0.1684 | Val Acc: 97.68% | Best at iter 4800
  Iter 30000/50000 | Val Loss: 0.2310 | Val Acc: 97.12% | Best at iter 4800
  Iter 31000/50000 | Val Loss: 0.1750 | Val Acc: 97.76% | Best at iter 4800
  Iter 32000/50000 | Val Loss: 0.2066 | Val Acc: 97.52% | Best at iter 4800
  Iter 33000/50000 | Val Loss: 0.1918 | Val Acc: 97.50% | Best at iter 4800
  Iter 34000/50000 | Val Loss: 0.1719 | Val Acc: 97.68% | Best at iter 4800
  Iter 35000/50000 | Val Loss: 0.1834 | Val Acc: 97.62% | Best at iter 4800
  Iter 36000/50000 | Val Loss: 0.1789 | Val Acc: 97.50% | Best at iter 4800
  Iter 37000/50000 | Val Loss: 0.2132 | Val Acc: 97.38% | Best at iter 4800
  Iter 38000/50000 | Val Loss: 0.1812 | Val Acc: 97.62% | Best at iter 4800
  Iter 39000/50000 | Val Loss: 0.1699 | Val Acc: 97.76% | Best at iter 4800
  Iter 40000/50000 | Val Loss: 0.1887 | Val Acc: 97.54% | Best at iter 4800
  Iter 41000/50000 | Val Loss: 0.2252 | Val Acc: 97.26% | Best at iter 4800
  Iter 42000/50000 | Val Loss: 0.1782 | Val Acc: 97.78% | Best at iter 4800
  Iter 43000/50000 | Val Loss: 0.2342 | Val Acc: 97.40% | Best at iter 4800
  Iter 44000/50000 | Val Loss: 0.2010 | Val Acc: 97.78% | Best at iter 4800
  Iter 45000/50000 | Val Loss: 0.1946 | Val Acc: 98.00% | Best at iter 4800
  Iter 46000/50000 | Val Loss: 0.2233 | Val Acc: 97.60% | Best at iter 4800
  Iter 47000/50000 | Val Loss: 0.2048 | Val Acc: 97.78% | Best at iter 4800
  Iter 48000/50000 | Val Loss: 0.2345 | Val Acc: 97.70% | Best at iter 4800
  Iter 49000/50000 | Val Loss: 0.2194 | Val Acc: 97.76% | Best at iter 4800
  Iter 50000/50000 | Val Loss: 0.2378 | Val Acc: 97.66% | Best at iter 4800

──────────────────────────────────────────────────────────────────────
Early stop: iteration 4800
Val loss at early stop: 0.0751
Test accuracy at early stop: 97.76%
──────────────────────────────────────────────────────────────────────

======================================================================
Iterative Reinit
Sparsity: 26.2% | Trial: 2.1/3x2
======================================================================
  Iter 1000/50000 | Val Loss: 0.1415 | Val Acc: 95.82% | Best at iter 1000
  Iter 2000/50000 | Val Loss: 0.1161 | Val Acc: 96.46% | Best at iter 1900
  Iter 3000/50000 | Val Loss: 0.1005 | Val Acc: 97.12% | Best at iter 2500
  Iter 4000/50000 | Val Loss: 0.0853 | Val Acc: 97.30% | Best at iter 4000
  Iter 5000/50000 | Val Loss: 0.0920 | Val Acc: 97.44% | Best at iter 4700
  Iter 6000/50000 | Val Loss: 0.0993 | Val Acc: 97.28% | Best at iter 4700
  Iter 7000/50000 | Val Loss: 0.0981 | Val Acc: 97.20% | Best at iter 4700
  Iter 8000/50000 | Val Loss: 0.0964 | Val Acc: 97.72% | Best at iter 4700
  Iter 9000/50000 | Val Loss: 0.0953 | Val Acc: 97.64% | Best at iter 4700
  Iter 10000/50000 | Val Loss: 0.0997 | Val Acc: 97.70% | Best at iter 4700
  Iter 11000/50000 | Val Loss: 0.1059 | Val Acc: 97.26% | Best at iter 4700
  Iter 12000/50000 | Val Loss: 0.0977 | Val Acc: 97.60% | Best at iter 4700
  Iter 13000/50000 | Val Loss: 0.1218 | Val Acc: 97.46% | Best at iter 4700
  Iter 14000/50000 | Val Loss: 0.1297 | Val Acc: 97.56% | Best at iter 4700
  Iter 15000/50000 | Val Loss: 0.1215 | Val Acc: 97.62% | Best at iter 4700
  Iter 16000/50000 | Val Loss: 0.1107 | Val Acc: 97.74% | Best at iter 4700
  Iter 17000/50000 | Val Loss: 0.1226 | Val Acc: 97.74% | Best at iter 4700
  Iter 18000/50000 | Val Loss: 0.1376 | Val Acc: 97.72% | Best at iter 4700
  Iter 19000/50000 | Val Loss: 0.1419 | Val Acc: 97.50% | Best at iter 4700
  Iter 20000/50000 | Val Loss: 0.1348 | Val Acc: 97.36% | Best at iter 4700
  Iter 21000/50000 | Val Loss: 0.1260 | Val Acc: 97.50% | Best at iter 4700
  Iter 22000/50000 | Val Loss: 0.1344 | Val Acc: 97.70% | Best at iter 4700
  Iter 23000/50000 | Val Loss: 0.1433 | Val Acc: 97.52% | Best at iter 4700
  Iter 24000/50000 | Val Loss: 0.1672 | Val Acc: 97.18% | Best at iter 4700
  Iter 25000/50000 | Val Loss: 0.1534 | Val Acc: 97.74% | Best at iter 4700
  Iter 26000/50000 | Val Loss: 0.1560 | Val Acc: 97.76% | Best at iter 4700
  Iter 27000/50000 | Val Loss: 0.1480 | Val Acc: 97.56% | Best at iter 4700
  Iter 28000/50000 | Val Loss: 0.1917 | Val Acc: 97.38% | Best at iter 4700
  Iter 29000/50000 | Val Loss: 0.1769 | Val Acc: 97.62% | Best at iter 4700
  Iter 30000/50000 | Val Loss: 0.1544 | Val Acc: 97.60% | Best at iter 4700
  Iter 31000/50000 | Val Loss: 0.1797 | Val Acc: 97.18% | Best at iter 4700
  Iter 32000/50000 | Val Loss: 0.1791 | Val Acc: 97.72% | Best at iter 4700
  Iter 33000/50000 | Val Loss: 0.1775 | Val Acc: 97.58% | Best at iter 4700
  Iter 34000/50000 | Val Loss: 0.1633 | Val Acc: 97.54% | Best at iter 4700
  Iter 35000/50000 | Val Loss: 0.1710 | Val Acc: 97.62% | Best at iter 4700
  Iter 36000/50000 | Val Loss: 0.1778 | Val Acc: 97.72% | Best at iter 4700
  Iter 37000/50000 | Val Loss: 0.1583 | Val Acc: 97.92% | Best at iter 4700
  Iter 38000/50000 | Val Loss: 0.1512 | Val Acc: 97.96% | Best at iter 4700
  Iter 39000/50000 | Val Loss: 0.1839 | Val Acc: 97.70% | Best at iter 4700
  Iter 40000/50000 | Val Loss: 0.2159 | Val Acc: 97.32% | Best at iter 4700
  Iter 41000/50000 | Val Loss: 0.2068 | Val Acc: 97.58% | Best at iter 4700
  Iter 42000/50000 | Val Loss: 0.2015 | Val Acc: 97.56% | Best at iter 4700
  Iter 43000/50000 | Val Loss: 0.1893 | Val Acc: 97.56% | Best at iter 4700
  Iter 44000/50000 | Val Loss: 0.2087 | Val Acc: 97.72% | Best at iter 4700
  Iter 45000/50000 | Val Loss: 0.2107 | Val Acc: 97.56% | Best at iter 4700
  Iter 46000/50000 | Val Loss: 0.2037 | Val Acc: 97.74% | Best at iter 4700
  Iter 47000/50000 | Val Loss: 0.2477 | Val Acc: 97.38% | Best at iter 4700
  Iter 48000/50000 | Val Loss: 0.2053 | Val Acc: 97.42% | Best at iter 4700
  Iter 49000/50000 | Val Loss: 0.1997 | Val Acc: 97.62% | Best at iter 4700
  Iter 50000/50000 | Val Loss: 0.1832 | Val Acc: 97.78% | Best at iter 4700

──────────────────────────────────────────────────────────────────────
Early stop: iteration 4700
Val loss at early stop: 0.0805
Test accuracy at early stop: 97.46%
──────────────────────────────────────────────────────────────────────

======================================================================
Iterative Reinit
Sparsity: 26.2% | Trial: 2.2/3x2
======================================================================
  Iter 1000/50000 | Val Loss: 0.1388 | Val Acc: 95.90% | Best at iter 1000
  Iter 2000/50000 | Val Loss: 0.1022 | Val Acc: 96.76% | Best at iter 1800
  Iter 3000/50000 | Val Loss: 0.0903 | Val Acc: 97.20% | Best at iter 2700
  Iter 4000/50000 | Val Loss: 0.0890 | Val Acc: 97.22% | Best at iter 2700
  Iter 5000/50000 | Val Loss: 0.0856 | Val Acc: 97.42% | Best at iter 4700
  Iter 6000/50000 | Val Loss: 0.0841 | Val Acc: 97.62% | Best at iter 4700
  Iter 7000/50000 | Val Loss: 0.0841 | Val Acc: 97.56% | Best at iter 4700
  Iter 8000/50000 | Val Loss: 0.0973 | Val Acc: 97.44% | Best at iter 7100
  Iter 9000/50000 | Val Loss: 0.1015 | Val Acc: 97.30% | Best at iter 7100
  Iter 10000/50000 | Val Loss: 0.0929 | Val Acc: 97.62% | Best at iter 7100
  Iter 11000/50000 | Val Loss: 0.1091 | Val Acc: 97.04% | Best at iter 7100
  Iter 12000/50000 | Val Loss: 0.1036 | Val Acc: 97.86% | Best at iter 7100
  Iter 13000/50000 | Val Loss: 0.1010 | Val Acc: 97.80% | Best at iter 7100
  Iter 14000/50000 | Val Loss: 0.1241 | Val Acc: 97.30% | Best at iter 7100
  Iter 15000/50000 | Val Loss: 0.0972 | Val Acc: 97.88% | Best at iter 7100
  Iter 16000/50000 | Val Loss: 0.1049 | Val Acc: 97.72% | Best at iter 7100
  Iter 17000/50000 | Val Loss: 0.1197 | Val Acc: 97.60% | Best at iter 7100
  Iter 18000/50000 | Val Loss: 0.1288 | Val Acc: 97.38% | Best at iter 7100
  Iter 19000/50000 | Val Loss: 0.1415 | Val Acc: 97.40% | Best at iter 7100
  Iter 20000/50000 | Val Loss: 0.1246 | Val Acc: 97.76% | Best at iter 7100
  Iter 21000/50000 | Val Loss: 0.1200 | Val Acc: 97.96% | Best at iter 7100
  Iter 22000/50000 | Val Loss: 0.1309 | Val Acc: 97.54% | Best at iter 7100
  Iter 23000/50000 | Val Loss: 0.1217 | Val Acc: 97.84% | Best at iter 7100
  Iter 24000/50000 | Val Loss: 0.1423 | Val Acc: 97.74% | Best at iter 7100
  Iter 25000/50000 | Val Loss: 0.1398 | Val Acc: 97.90% | Best at iter 7100
  Iter 26000/50000 | Val Loss: 0.1334 | Val Acc: 97.72% | Best at iter 7100
  Iter 27000/50000 | Val Loss: 0.1414 | Val Acc: 97.72% | Best at iter 7100
  Iter 28000/50000 | Val Loss: 0.1680 | Val Acc: 97.64% | Best at iter 7100
  Iter 29000/50000 | Val Loss: 0.1381 | Val Acc: 97.90% | Best at iter 7100
  Iter 30000/50000 | Val Loss: 0.1494 | Val Acc: 97.56% | Best at iter 7100
  Iter 31000/50000 | Val Loss: 0.1258 | Val Acc: 97.88% | Best at iter 7100
  Iter 32000/50000 | Val Loss: 0.1540 | Val Acc: 97.58% | Best at iter 7100
  Iter 33000/50000 | Val Loss: 0.1603 | Val Acc: 97.66% | Best at iter 7100
  Iter 34000/50000 | Val Loss: 0.1610 | Val Acc: 97.66% | Best at iter 7100
  Iter 35000/50000 | Val Loss: 0.1533 | Val Acc: 97.92% | Best at iter 7100
  Iter 36000/50000 | Val Loss: 0.1444 | Val Acc: 98.20% | Best at iter 7100
  Iter 37000/50000 | Val Loss: 0.2086 | Val Acc: 97.46% | Best at iter 7100
  Iter 38000/50000 | Val Loss: 0.1844 | Val Acc: 97.78% | Best at iter 7100
  Iter 39000/50000 | Val Loss: 0.1541 | Val Acc: 97.66% | Best at iter 7100
  Iter 40000/50000 | Val Loss: 0.1548 | Val Acc: 98.04% | Best at iter 7100
  Iter 41000/50000 | Val Loss: 0.1406 | Val Acc: 97.98% | Best at iter 7100
  Iter 42000/50000 | Val Loss: 0.1841 | Val Acc: 97.66% | Best at iter 7100
  Iter 43000/50000 | Val Loss: 0.1547 | Val Acc: 97.66% | Best at iter 7100
  Iter 44000/50000 | Val Loss: 0.1896 | Val Acc: 97.62% | Best at iter 7100
  Iter 45000/50000 | Val Loss: 0.2102 | Val Acc: 97.46% | Best at iter 7100
  Iter 46000/50000 | Val Loss: 0.2130 | Val Acc: 97.84% | Best at iter 7100
  Iter 47000/50000 | Val Loss: 0.1991 | Val Acc: 97.86% | Best at iter 7100
  Iter 48000/50000 | Val Loss: 0.2216 | Val Acc: 97.60% | Best at iter 7100
  Iter 49000/50000 | Val Loss: 0.2329 | Val Acc: 97.52% | Best at iter 7100
  Iter 50000/50000 | Val Loss: 0.1950 | Val Acc: 97.82% | Best at iter 7100

──────────────────────────────────────────────────────────────────────
Early stop: iteration 7100
Val loss at early stop: 0.0741
Test accuracy at early stop: 97.72%
──────────────────────────────────────────────────────────────────────

======================================================================
Iterative Reinit
Sparsity: 26.2% | Trial: 3.1/3x2
======================================================================
  Iter 1000/50000 | Val Loss: 0.1396 | Val Acc: 95.76% | Best at iter 1000
  Iter 2000/50000 | Val Loss: 0.1068 | Val Acc: 96.64% | Best at iter 1900
  Iter 3000/50000 | Val Loss: 0.0883 | Val Acc: 97.38% | Best at iter 3000
  Iter 4000/50000 | Val Loss: 0.0836 | Val Acc: 97.34% | Best at iter 3800
  Iter 5000/50000 | Val Loss: 0.0961 | Val Acc: 97.10% | Best at iter 4200
  Iter 6000/50000 | Val Loss: 0.0940 | Val Acc: 97.36% | Best at iter 4200
  Iter 7000/50000 | Val Loss: 0.0895 | Val Acc: 97.58% | Best at iter 4200
  Iter 8000/50000 | Val Loss: 0.0958 | Val Acc: 97.54% | Best at iter 4200
  Iter 9000/50000 | Val Loss: 0.1191 | Val Acc: 97.34% | Best at iter 4200
  Iter 10000/50000 | Val Loss: 0.1019 | Val Acc: 97.58% | Best at iter 4200
  Iter 11000/50000 | Val Loss: 0.1030 | Val Acc: 97.76% | Best at iter 4200
  Iter 12000/50000 | Val Loss: 0.1088 | Val Acc: 97.46% | Best at iter 4200
  Iter 13000/50000 | Val Loss: 0.1095 | Val Acc: 97.58% | Best at iter 4200
  Iter 14000/50000 | Val Loss: 0.1059 | Val Acc: 97.72% | Best at iter 4200
  Iter 15000/50000 | Val Loss: 0.1195 | Val Acc: 97.56% | Best at iter 4200
  Iter 16000/50000 | Val Loss: 0.1334 | Val Acc: 97.42% | Best at iter 4200
  Iter 17000/50000 | Val Loss: 0.1431 | Val Acc: 97.50% | Best at iter 4200
  Iter 18000/50000 | Val Loss: 0.1310 | Val Acc: 97.70% | Best at iter 4200
  Iter 19000/50000 | Val Loss: 0.1254 | Val Acc: 97.66% | Best at iter 4200
  Iter 20000/50000 | Val Loss: 0.1308 | Val Acc: 97.64% | Best at iter 4200
  Iter 21000/50000 | Val Loss: 0.1314 | Val Acc: 97.60% | Best at iter 4200
  Iter 22000/50000 | Val Loss: 0.1274 | Val Acc: 98.00% | Best at iter 4200
  Iter 23000/50000 | Val Loss: 0.1576 | Val Acc: 97.44% | Best at iter 4200
  Iter 24000/50000 | Val Loss: 0.1572 | Val Acc: 97.40% | Best at iter 4200
  Iter 25000/50000 | Val Loss: 0.1420 | Val Acc: 97.64% | Best at iter 4200
  Iter 26000/50000 | Val Loss: 0.1433 | Val Acc: 97.76% | Best at iter 4200
  Iter 27000/50000 | Val Loss: 0.1457 | Val Acc: 97.64% | Best at iter 4200
  Iter 28000/50000 | Val Loss: 0.1533 | Val Acc: 97.66% | Best at iter 4200
  Iter 29000/50000 | Val Loss: 0.1655 | Val Acc: 97.50% | Best at iter 4200
  Iter 30000/50000 | Val Loss: 0.1562 | Val Acc: 97.64% | Best at iter 4200
  Iter 31000/50000 | Val Loss: 0.1503 | Val Acc: 97.82% | Best at iter 4200
  Iter 32000/50000 | Val Loss: 0.1494 | Val Acc: 97.82% | Best at iter 4200
  Iter 33000/50000 | Val Loss: 0.1539 | Val Acc: 97.74% | Best at iter 4200
  Iter 34000/50000 | Val Loss: 0.1663 | Val Acc: 97.60% | Best at iter 4200
  Iter 35000/50000 | Val Loss: 0.1778 | Val Acc: 97.48% | Best at iter 4200
  Iter 36000/50000 | Val Loss: 0.1610 | Val Acc: 97.78% | Best at iter 4200
  Iter 37000/50000 | Val Loss: 0.1699 | Val Acc: 97.80% | Best at iter 4200
  Iter 38000/50000 | Val Loss: 0.1646 | Val Acc: 97.96% | Best at iter 4200
  Iter 39000/50000 | Val Loss: 0.1835 | Val Acc: 97.44% | Best at iter 4200
  Iter 40000/50000 | Val Loss: 0.1815 | Val Acc: 97.66% | Best at iter 4200
  Iter 41000/50000 | Val Loss: 0.1599 | Val Acc: 97.86% | Best at iter 4200
  Iter 42000/50000 | Val Loss: 0.1810 | Val Acc: 97.70% | Best at iter 4200
  Iter 43000/50000 | Val Loss: 0.1958 | Val Acc: 97.60% | Best at iter 4200
  Iter 44000/50000 | Val Loss: 0.2065 | Val Acc: 97.52% | Best at iter 4200
  Iter 45000/50000 | Val Loss: 0.2020 | Val Acc: 97.50% | Best at iter 4200
  Iter 46000/50000 | Val Loss: 0.1853 | Val Acc: 97.88% | Best at iter 4200
  Iter 47000/50000 | Val Loss: 0.2140 | Val Acc: 97.50% | Best at iter 4200
  Iter 48000/50000 | Val Loss: 0.2292 | Val Acc: 97.66% | Best at iter 4200
  Iter 49000/50000 | Val Loss: 0.2182 | Val Acc: 97.70% | Best at iter 4200
  Iter 50000/50000 | Val Loss: 0.2211 | Val Acc: 97.58% | Best at iter 4200

──────────────────────────────────────────────────────────────────────
Early stop: iteration 4200
Val loss at early stop: 0.0772
Test accuracy at early stop: 97.64%
──────────────────────────────────────────────────────────────────────

======================================================================
Iterative Reinit
Sparsity: 26.2% | Trial: 3.2/3x2
======================================================================
  Iter 1000/50000 | Val Loss: 0.1328 | Val Acc: 96.00% | Best at iter 1000
  Iter 2000/50000 | Val Loss: 0.1024 | Val Acc: 96.78% | Best at iter 2000
  Iter 3000/50000 | Val Loss: 0.1036 | Val Acc: 97.02% | Best at iter 2800
  Iter 4000/50000 | Val Loss: 0.0942 | Val Acc: 97.26% | Best at iter 3700
  Iter 5000/50000 | Val Loss: 0.0999 | Val Acc: 97.20% | Best at iter 4200
  Iter 6000/50000 | Val Loss: 0.0932 | Val Acc: 97.38% | Best at iter 5600
  Iter 7000/50000 | Val Loss: 0.0955 | Val Acc: 97.46% | Best at iter 5600
  Iter 8000/50000 | Val Loss: 0.1030 | Val Acc: 97.40% | Best at iter 5600
  Iter 9000/50000 | Val Loss: 0.1122 | Val Acc: 97.46% | Best at iter 5600
  Iter 10000/50000 | Val Loss: 0.1136 | Val Acc: 97.30% | Best at iter 5600
  Iter 11000/50000 | Val Loss: 0.1141 | Val Acc: 97.62% | Best at iter 5600
  Iter 12000/50000 | Val Loss: 0.1127 | Val Acc: 97.42% | Best at iter 5600
  Iter 13000/50000 | Val Loss: 0.1062 | Val Acc: 97.68% | Best at iter 5600
  Iter 14000/50000 | Val Loss: 0.1275 | Val Acc: 97.78% | Best at iter 5600
  Iter 15000/50000 | Val Loss: 0.1371 | Val Acc: 97.38% | Best at iter 5600
  Iter 16000/50000 | Val Loss: 0.1304 | Val Acc: 97.56% | Best at iter 5600
  Iter 17000/50000 | Val Loss: 0.1301 | Val Acc: 97.64% | Best at iter 5600
  Iter 18000/50000 | Val Loss: 0.1781 | Val Acc: 97.46% | Best at iter 5600
  Iter 19000/50000 | Val Loss: 0.1556 | Val Acc: 97.62% | Best at iter 5600
  Iter 20000/50000 | Val Loss: 0.1474 | Val Acc: 97.44% | Best at iter 5600
  Iter 21000/50000 | Val Loss: 0.1504 | Val Acc: 97.68% | Best at iter 5600
  Iter 22000/50000 | Val Loss: 0.1486 | Val Acc: 97.84% | Best at iter 5600
  Iter 23000/50000 | Val Loss: 0.1592 | Val Acc: 97.74% | Best at iter 5600
  Iter 24000/50000 | Val Loss: 0.1824 | Val Acc: 97.46% | Best at iter 5600
  Iter 25000/50000 | Val Loss: 0.1627 | Val Acc: 97.70% | Best at iter 5600
  Iter 26000/50000 | Val Loss: 0.1619 | Val Acc: 97.60% | Best at iter 5600
  Iter 27000/50000 | Val Loss: 0.1844 | Val Acc: 97.52% | Best at iter 5600
  Iter 28000/50000 | Val Loss: 0.1770 | Val Acc: 97.54% | Best at iter 5600
  Iter 29000/50000 | Val Loss: 0.2131 | Val Acc: 97.48% | Best at iter 5600
  Iter 30000/50000 | Val Loss: 0.1896 | Val Acc: 97.80% | Best at iter 5600
  Iter 31000/50000 | Val Loss: 0.1918 | Val Acc: 97.60% | Best at iter 5600
  Iter 32000/50000 | Val Loss: 0.1625 | Val Acc: 97.58% | Best at iter 5600
  Iter 33000/50000 | Val Loss: 0.2055 | Val Acc: 97.58% | Best at iter 5600
  Iter 34000/50000 | Val Loss: 0.1971 | Val Acc: 97.64% | Best at iter 5600
  Iter 35000/50000 | Val Loss: 0.1827 | Val Acc: 97.66% | Best at iter 5600
  Iter 36000/50000 | Val Loss: 0.2135 | Val Acc: 97.40% | Best at iter 5600
  Iter 37000/50000 | Val Loss: 0.1968 | Val Acc: 97.60% | Best at iter 5600
  Iter 38000/50000 | Val Loss: 0.2201 | Val Acc: 97.44% | Best at iter 5600
  Iter 39000/50000 | Val Loss: 0.2316 | Val Acc: 97.28% | Best at iter 5600
  Iter 40000/50000 | Val Loss: 0.2337 | Val Acc: 97.42% | Best at iter 5600
  Iter 41000/50000 | Val Loss: 0.2172 | Val Acc: 97.52% | Best at iter 5600
  Iter 42000/50000 | Val Loss: 0.2213 | Val Acc: 97.80% | Best at iter 5600
  Iter 43000/50000 | Val Loss: 0.2027 | Val Acc: 97.54% | Best at iter 5600
  Iter 44000/50000 | Val Loss: 0.2277 | Val Acc: 97.64% | Best at iter 5600
  Iter 45000/50000 | Val Loss: 0.2115 | Val Acc: 97.58% | Best at iter 5600
  Iter 46000/50000 | Val Loss: 0.2151 | Val Acc: 97.50% | Best at iter 5600
  Iter 47000/50000 | Val Loss: 0.2277 | Val Acc: 97.54% | Best at iter 5600
  Iter 48000/50000 | Val Loss: 0.2174 | Val Acc: 97.74% | Best at iter 5600
  Iter 49000/50000 | Val Loss: 0.1972 | Val Acc: 97.98% | Best at iter 5600
  Iter 50000/50000 | Val Loss: 0.2230 | Val Acc: 97.68% | Best at iter 5600

──────────────────────────────────────────────────────────────────────
Early stop: iteration 5600
Val loss at early stop: 0.0792
Test accuracy at early stop: 97.90%
──────────────────────────────────────────────────────────────────────
✓ Saved results to ./results/full/exp5_iterative_reinit.pt
✓ Experiment 1: Complete
✓ Experiment 2: Complete
✓ Experiment 3: Complete

======================================================================
ALL EXPERIMENTS COMPLETED SUCCESSFULLY!
======================================================================
✓ Summary saved to ./results/full/summary.txt

Results saved to: ./results/full/

Next: Generate figures with:
  python scripts/generate_figures.py --results ./results/full/
